[www.nikken.co.jp/en/index.html]
[www.nikken.co.jp/en/p4iusj0000000uxa-img/default_ogp.png]
[backblue.gif]
[fade.gif]
[index.html]
[www.nikken.co.jp/en/index-2.html]
[www.nikken.co.jp/en/favicon.ico]
[www.google-analytics.com/analytics.js]
[www.nikken.co.jp/en/projects/index.html]
[www.nikken.co.jp/en/expertise/index.html]
[www.nikken.co.jp/en/insights/index.html]
[use.typekit.net/wvc1sfl.js]
[www.nikken.co.jp/en/about/index.html]
[www.nikken.co.jp/en/news/index.html]
[www.nikken.co.jp/en/career/index.html]
[www.nikken.co.jp/en/common/images/img_load_logo.png]
[www.nikken.co.jp/en/brand/index.html]
[www.nikken.co.jp/en/p4iusj0000000uxa-img/tg1is20000004tzc.png]
[www.nikken.co.jp/en/p4iusj0000000uxa-img/tg1is20000004tzb.jpg]
[www.nikken.co.jp/en/projects/interior_design/index.html]
[www.nikken.co.jp/en/p4iusj0000000uxa-img/p4iusj0000000ypf.jpg]
[www.nikken.co.jp/en/p4iusj0000000uxa-img/p4iusj0000000ype.jpg]
[www.nikken.co.jp/en/insights/beyond_covid-19.html]
[www.nikken.co.jp/en/p4iusj0000000uxa-img/p4iusj0000000w8z.jpg]
[www.nikken.co.jp/en/p4iusj0000000uxa-img/p4iusj0000000w8y.jpg]
[www.nikken.co.jp/en/projects/ariake_gymnastics_centre.html]
[www.nikken.co.jp/en/p4iusj0000000uxa-img/p4iusj0000000zyk.jpg]
[www.nikken.co.jp/en/p4iusj0000000uxa-img/p4iusj0000000zyj.jpg]
[www.nikken.co.jp/en/projects/commercial_retail/tokyu_plaza_ginza.html]
[www.nikken.co.jp/en/p4iusj0000000uxa-img/p4iusj0000000uxm.jpg]
[www.nikken.co.jp/en/p4iusj0000000uxa-img/p4iusj0000000uxl.jpg]
[www.nikken.co.jp/en/expertise/urban_design_and_planning/urban_lifestyles_changing_from_the_station.html]
[www.nikken.co.jp/en/common/images/img_logo_01.png]
[www.nikken.co.jp/en/common/images/img_logo_02.png]
[www.nikken.co.jp/en/expertise/p4iusj0000000hi1-img/architectural_design_main.jpg]
[www.nikken.co.jp/en/expertise/p4iusj0000000hi1-img/architectural_design_sp.jpg]
[www.nikken.co.jp/en/expertise/architectural_design/index.html]
[www.nikken.co.jp/en/expertise/p4iusj0000000hi1-img/interior_design_main.jpg]
[www.nikken.co.jp/en/expertise/p4iusj0000000hi1-img/interior_design_sp.jpg]
[www.nikken.co.jp/en/expertise/interior_design/index.html]
[www.nikken.co.jp/en/expertise/p4iusj0000000hi1-img/urbandesign_main.jpg]
[www.nikken.co.jp/en/expertise/p4iusj0000000hi1-img/urbandesign_sp.jpg]
[www.nikken.co.jp/en/expertise/urban_design_and_planning/index.html]
[www.nikken.co.jp/en/expertise/p4iusj0000000hi1-img/p4iusj0000000v6n.jpg]
[www.nikken.co.jp/en/expertise/p4iusj0000000hi1-img/p4iusj0000000v6o.jpg]
[www.nikken.co.jp/en/expertise/landscape_design/index.html]
[www.nikken.co.jp/en/expertise/p4iusj0000000hi1-img/structual_engineering_main.jpg]
[www.nikken.co.jp/en/expertise/p4iusj0000000hi1-img/structual_engineering_sp.jpg]
[www.nikken.co.jp/en/expertise/structural_engineering/index.html]
[www.nikken.co.jp/en/expertise/p4iusj0000000hi1-img/mep_engineering_main.jpg]
[www.nikken.co.jp/en/expertise/p4iusj0000000hi1-img/mep_ngineering_sp.jpg]
[www.nikken.co.jp/en/expertise/mep_engineering/index.html]
[www.nikken.co.jp/en/expertise/p4iusj0000000hi1-img/civil_engineering_main.jpg]
[www.nikken.co.jp/en/expertise/p4iusj0000000hi1-img/civil_engineering_sp.jpg]
[www.nikken.co.jp/en/expertise/civil_engineering/index.html]
[www.nikken.co.jp/en/expertise/p4iusj0000000hi1-img/computational_design_main.jpg]
[www.nikken.co.jp/en/expertise/p4iusj0000000hi1-img/computational_design_sp.jpg]
[www.nikken.co.jp/en/expertise/computational_design_bim/index.html]
[www.nikken.co.jp/en/expertise/p4iusj0000000hi1-img/p4iusj00000010mp.jpg]
[www.nikken.co.jp/en/expertise/p4iusj0000000hi1-img/p4iusj00000010mq.jpg]
[www.nikken.co.jp/en/expertise/sustainability_resilience/index.html]
[www.nikken.co.jp/en/expertise/p4iusj0000000hi1-img/consulting_main.jpg]
[www.nikken.co.jp/en/expertise/p4iusj0000000hi1-img/consulting_sp.jpg]
[www.nikken.co.jp/en/expertise/consulting/index.html]
[www.nikken.co.jp/en/projects/tg1is20000004sxx-img/pj0290_00_sp.jpg]
[www.nikken.co.jp/en/projects/tg1is20000004sxx-img/pj0290_00_top.jpg]
[www.nikken.co.jp/en/projects/interior_design/geeks_akihabara.html]
[www.nikken.co.jp/en/projects/p4iusj0000001ibm-img/pj0113_00_top.jpg]
[www.nikken.co.jp/en/projects/education/toho_gakuen_school_of_music.html]
[www.nikken.co.jp/en/projects/p4iusj0000000kzc-img/pj0022_00_top.jpg]
[www.nikken.co.jp/en/projects/landscape/the_rail_corridor_lines_of_life.html]
[www.nikken.co.jp/en/projects/p4iusj0000001fsi-img/pj0008_00_top.jpg]
[www.nikken.co.jp/en/projects/hospitality/the_ritz-carlton_kyoto.html]
[www.nikken.co.jp/en/projects/p4iusj0000000o8g-img/pj0066_00_top.jpg]
[www.nikken.co.jp/en/projects/transportation/narita_international_airport_terminal_3.html]
[www.nikken.co.jp/en/expertise/interior_design/creating_a_start_up_neighborhood_with_interior_design.html]
[www.nikken.co.jp/en/expertise/interior_design/tg1is20000004mqc-img/creating_a_start_up_neighborhood_with_interior_design_main.jpg]
[www.nikken.co.jp/en/expertise/computational_design_bim/design_using_building_information_modeling_meeting_multiple_demands_simultaneously.html]
[www.nikken.co.jp/en/expertise/computational_design_bim/p4iusj0000001o6h-img/p4iusj0000001o6s.jpg]
[www.nikken.co.jp/en/expertise/urban_design_and_planning/seeking_an_Ideal_public_space.html]
[www.nikken.co.jp/en/expertise/urban_design_and_planning/p4iusj0000001m26-img/p4iusj0000001m2h.jpg]
[www.nikken.co.jp/en/expertise/architectural_design/communicating_a_unique_culture_only_found_here.html]
[www.nikken.co.jp/en/expertise/architectural_design/p4iusj0000001mgz-img/p4iusj0000001mha.jpg]
[www.nikken.co.jp/en/expertise/architectural_design/low_cost_does_not_mean_Less.html]
[www.nikken.co.jp/en/expertise/architectural_design/p4iusj0000001mvz-img/p4iusj0000001mwa.jpg]
[www.nikken.co.jp/en/news/news/2024_07_22.html]
[www.nikken.co.jp/en/common/images/thumbnail_common.png]
[www.nikken.co.jp/en/news/news/2024_05_27.html]
[www.nikken.co.jp/en/news/news/tg1is200000050m1-img/20240527_tmb.jpg]
[www.nikken.co.jp/en/news/news/2024_05_20.html]
[www.nikken.co.jp/en/news/news/tg1is20000004z80-img/20240520_tmb.jpg]
[www.nikken.co.jp/en/about/nikken_group.html]
[www.nikken.co.jp/en/contacts/index.html]
[www.nikken.co.jp/en/policy.html]
[www.nikken.co.jp/en/socialmedia.html]
[www.nikken.co.jp/en/disclaimer.html]
[ajax.googleapis.com/ajax/libs/jquery/2.2.4/jquery.min.js]
[www.nikken.co.jp/en/common/js/jquery-2.2.4.min.js]
[www.nikken.co.jp/en/common/js/vendor.js]
[www.nikken.co.jp/en/common/js/functions.js]
[www.nikken.co.jp/en/common/js/preloadjs.min.js]
[www.nikken.co.jp/en/common/js/easeljs.min.js]
[www.nikken.co.jp/en/common/js/tweenjs.min.js]
[www.nikken.co.jp/en/index.html]
[www.nikken.co.jp/en/index-2.html]
[use.fontawesome.com/releases/v5.0.13/css/all.css]
[www.nikken.co.jp/en/common/images/icon_external_blue.png]
[www.nikken.co.jp/en/common/images/icon_pdf_blue.png]
[www.nikken.co.jp/en/common/images/icon_external.png]
[www.nikken.co.jp/en/common/images/icon_pdf.png]
[www.nikken.co.jp/en/common/images/icon_video.png]
[www.nikken.co.jp/en/common/images/icon_book.png]
[www.nikken.co.jp/en/common/images/img_404.png]
[www.nikken.co.jp/en/common/css/style.css]
[www.nikken.co.jp/en/p4iusj000000006s-img/nikken_logo.svg]
[www.nikken.co.jp/en/p4iusj000000006s-img/p4iusj0000000071.png]
[www.nikken.co.jp/en/projects/urban_design_and_planning/index.html]
[www.nikken.co.jp/en/projects/mixed_use/index.html]
[www.nikken.co.jp/en/projects/office/index.html]
[www.nikken.co.jp/en/projects/commercial_retail/index.html]
[www.nikken.co.jp/en/projects/hospitality/index.html]
[www.nikken.co.jp/en/projects/residential/index.html]
[www.nikken.co.jp/en/projects/healthcare/index.html]
[www.nikken.co.jp/en/projects/education/index.html]
[www.nikken.co.jp/en/projects/cultural/cultural/index.html]
[www.nikken.co.jp/en/projects/research_development/index.html]
[www.nikken.co.jp/en/projects/transportation/index.html]
[www.nikken.co.jp/en/projects/sustainable_design/index.html]
[www.nikken.co.jp/en/projects/landscape/index.html]
[www.nikken.co.jp/en/projects/highrise/index.html]
[www.nikken.co.jp/en/projects/japan/index.html]
[www.nikken.co.jp/en/projects/index.html]
[www.nikken.co.jp/en/projects/overseas/index.html]
[www.nikken.co.jp/en/expertise/p4iusj0000000hi1-img/expertise_main.jpg]
[www.nikken.co.jp/en/expertise/p4iusj0000000hi1-img/expertise_tmb.jpg]
[www.nikken.co.jp/en/expertise/index.html]
[www.nikken.co.jp/en/insights/p4iusj0000000hjz-img/insights_main.jpg]
[www.nikken.co.jp/en/insights/index.html]
[www.nikken.co.jp/en/about/p4iusj0000000tgf-img/img_about.jpg]
[www.nikken.co.jp/en/about/chairman_ceomessage.html]
[www.nikken.co.jp/en/about/outline.html]
[www.nikken.co.jp/en/about/corporate_structure.html]
[www.nikken.co.jp/en/about/people/index.html]
[www.nikken.co.jp/en/about/board_members.html]
[www.nikken.co.jp/en/about/publication.html]
[www.nikken.co.jp/en/about/projects_history.html]
[www.nikken.co.jp/en/about/corporate_history.html]
[www.nikken.co.jp/en/about/social_responsibility.html]
[www.nikken.co.jp/en/about/pynt.html]
[www.nikken.co.jp/en/about/index.html]
[www.nikken.co.jp/en/news/news/index.html]
[www.nikken.co.jp/en/news/awards/index.html]
[www.nikken.co.jp/en/news/press_release/index.html]
[www.nikken.co.jp/en/news/2023.html]
[www.nikken.co.jp/en/news/2022.html]
[www.nikken.co.jp/en/news/2021.html]
[www.nikken.co.jp/en/news/index.html]
[www.nikken.co.jp/en/news/before.html]
[www.nikken.co.jp/en/p4iusj000000125a-att/a1722229324279.pdf]
[www.nikken.co.jp/en/p4iusj000000125a-att/a1722229341845.pdf]
[www.nikken.co.jp/en/career/index.html]
[www.nikken.co.jp/en/brand/js/jquery-1.12.0.min.js]
[www.nikken.co.jp/en/brand/js/corelibs.js]
[www.nikken.co.jp/en/brand/js/nikken.js]
[www.nikken.co.jp/en/brand/index.html]
[www.nikken.co.jp/en/p4iusj000000006s-img/site_logo.svg]
[www.nikken.co.jp/en/projects/tg1is20000004txb-img/interior_design_top.jpg]
[www.nikken.co.jp/en/projects/tg1is20000004txb-img/interior_design_top_sp.jpg]
[www.nikken.co.jp/en/projects/interior_design/index.html]
[www.nikken.co.jp/en/insights/tg1is20000002w8k-img/beyond_covid-19_ogp.jpg]
[www.nikken.co.jp/en/insights/beyond_covid-19.html]
[www.nikken.co.jp/en/projects/tg1is20000002y46-img/tg1is20000002y60.jpg]
[www.nikken.co.jp/en/projects/tg1is20000002y46-img/main.jpg]
[www.nikken.co.jp/en/projects/tg1is20000002y46-img/tg1is20000002y65.jpg]
[www.nikken.co.jp/en/projects/cultural/sports/index.html]
[www.nikken.co.jp/en/projects/tg1is20000002y46-img/1.png]
[www.nikken.co.jp/en/projects/tg1is20000002y46-img/2.jpg]
[www.nikken.co.jp/en/projects/tg1is20000002y46-img/3.jpg]
[www.nikken.co.jp/en/projects/tg1is20000002y46-img/4.png]
[www.nikken.co.jp/en/projects/tg1is20000002y46-img/5.jpg]
[www.nikken.co.jp/en/projects/tg1is20000002y46-img/6.jpg]
[www.nikken.co.jp/en/projects/tg1is20000002y46-img/tg1is20000002ymn.jpg]
[www.nikken.co.jp/en/projects/tg1is20000002y46-img/tg1is20000002ymt.jpg]
[www.nikken.co.jp/en/projects/tg1is20000002y46-img/tg1is20000002ymz.jpg]
[www.nikken.co.jp/en/projects/amakusa_complex_kokorasu.html]
[www.nikken.co.jp/en/projects/ariake_gymnastics_centre.html]
[www.nikken.co.jp/en/projects/sports/futur_camp_nou.html]
[www.nikken.co.jp/en/projects/p4iusj0000000kd3-img/pj0017_00_top.jpg]
[www.nikken.co.jp/en/projects/p4iusj0000000kd3-img/pj0017_02.jpg]
[www.nikken.co.jp/en/projects/p4iusj0000000kd3-img/pj0017_03.jpg]
[www.nikken.co.jp/en/projects/p4iusj0000000kd3-img/pj0017_04.jpg]
[www.nikken.co.jp/en/projects/p4iusj0000000kd3-img/pj0017_05.jpg]
[www.nikken.co.jp/en/projects/p4iusj0000000kd3-img/pj0017_06.jpg]
[www.nikken.co.jp/en/projects/p4iusj0000000kd3-img/pj0017_07.jpg]
[www.nikken.co.jp/en/projects/p4iusj0000000kd3-img/pj0017_08.jpg]
[www.nikken.co.jp/en/projects/p4iusj0000000kd3-img/pj0017_09.jpg]
[www.nikken.co.jp/en/projects/commercial_retail/shanghai_greenland_center.html]
[www.nikken.co.jp/en/projects/commercial_retail/tokyu_plaza_ginza.html]
[www.nikken.co.jp/en/projects/commercial_retail/yamaha_ginza.html]
[www.nikken.co.jp/en/expertise/urban_design_and_planning/p4iusj0000001m6i-img/p4iusj0000001m6t.jpg]
[www.nikken.co.jp/en/expertise/urban_design_and_planning/p4iusj0000001m6i-img/p4iusj0000001m6u.jpg]
[www.nikken.co.jp/en/expertise/urban_design_and_planning/p4iusj0000001m6i-img/p4iusj0000001m7t.jpg]
[www.nikken.co.jp/en/expertise/urban_design_and_planning/p4iusj0000001m6i-img/p4iusj0000001m8e.jpg]
[www.nikken.co.jp/en/expertise/urban_design_and_planning/p4iusj0000001m6i-img/p4iusj0000001m9a.jpg]
[www.nikken.co.jp/en/expertise/urban_design_and_planning/p4iusj0000001m6i-img/p4iusj0000001m9e.jpg]
[www.nikken.co.jp/en/about/people/lu_zhong_xiao.html]
[www.nikken.co.jp/en/about/people/p4iusj0000000udz-img/000171-lu_zhong_xiao_tmb.jpg]
[www.nikken.co.jp/en/about/people/tetsuo_tonouchi.html]
[www.nikken.co.jp/en/about/people/p4iusj0000001ca2-img/000000-tetsuo_tonouchi_tmb.jpg]
[www.nikken.co.jp/en/about/people/hiroyuki_suga.html]
[www.nikken.co.jp/en/about/people/p4iusj00000019iz-img/000000-hiroyuki_suga_tmb.jpg]
[www.nikken.co.jp/en/insights/expanding_japans_technology_globally_via_transit-oriented_urban_development.html]
[www.nikken.co.jp/en/insights/p4iusj00000013g3-img/p4iusj00000013hj.jpg]
[www.nikken.co.jp/en/expertise/urban_design_and_planning/urban_lifestyles_changing_from_the_station.html]
[www.nikken.co.jp/en/expertise/urban_design_and_planning/your_park.html]
[www.nikken.co.jp/en/expertise/architectural_design/p4iusj00000019bk-img/architectural_design_top.jpg]
[www.nikken.co.jp/en/expertise/architectural_design/index.html]
[www.nikken.co.jp/en/expertise/interior_design/p4iusj00000019lq-img/interior_design_h_main.jpg]
[www.nikken.co.jp/en/expertise/interior_design/index.html]
[www.nikken.co.jp/en/expertise/urban_design_and_planning/p4iusj00000019ml-img/urbandesign_h_main.jpg]
[www.nikken.co.jp/en/expertise/urban_design_and_planning/index.html]
[www.nikken.co.jp/en/expertise/landscape_design/p4iusj00000019p8-img/landscape_top.jpg]
[www.nikken.co.jp/en/expertise/landscape_design/index.html]
[www.nikken.co.jp/en/expertise/structural_engineering/p4iusj0000000sw4-img/structual_engineering_h_main.jpg]
[www.nikken.co.jp/en/expertise/structural_engineering/index.html]
[www.nikken.co.jp/en/expertise/mep_engineering/p4iusj00000019td-img/mep_engineering_top.jpg]
[www.nikken.co.jp/en/expertise/mep_engineering/index.html]
[www.nikken.co.jp/en/expertise/civil_engineering/p4iusj00000019un-img/civil_engineering_h_main.jpg]
[www.nikken.co.jp/en/expertise/civil_engineering/index.html]
[www.nikken.co.jp/en/expertise/computational_design_bim/p4iusj0000001ajo-img/computational_design_top.jpg]
[www.nikken.co.jp/en/expertise/computational_design_bim/index.html]
[www.nikken.co.jp/en/expertise/sustainability_resilience/p4iusj0000001ar0-img/sustainability_top.jpg]
[www.nikken.co.jp/en/expertise/sustainability_resilience/index.html]
[www.nikken.co.jp/en/expertise/consulting/p4iusj0000001atu-img/consulting_top.jpg]
[www.nikken.co.jp/en/expertise/consulting/index.html]
[www.nikken.co.jp/en/projects/tg1is20000004sxx-img/pj0290_00_ogp.jpg]
[www.nikken.co.jp/en/projects/tg1is20000004sxx-img/pj0290_02.png]
[www.nikken.co.jp/en/projects/tg1is20000004sxx-img/pj0290_03.jpg]
[www.nikken.co.jp/en/projects/tg1is20000004sxx-img/pj0290_04.jpg]
[www.nikken.co.jp/en/projects/tg1is20000004sxx-img/pj0290_05.png]
[www.nikken.co.jp/en/projects/tg1is20000004sxx-img/pj0290_06.png]
[www.nikken.co.jp/en/projects/tg1is20000004sxx-img/pj0290_07.jpg]
[www.nikken.co.jp/en/projects/tg1is20000004sxx-img/pj0290_08.png]
[www.nikken.co.jp/en/projects/tg1is20000004sxx-img/pj0290_09.jpg]
[www.nikken.co.jp/en/projects/tg1is20000004sxx-img/pj0290_10.jpg]
[www.nikken.co.jp/en/projects/tg1is20000004sxx-img/pj0290_11.jpg]
[www.nikken.co.jp/en/projects/tg1is20000004sxx-img/pj0290_12.jpg]
[www.nikken.co.jp/en/projects/tg1is20000004sxx-img/pj0290_13.jpg]
[www.nikken.co.jp/en/projects/tg1is20000004sxx-img/pj0290_14.jpg]
[www.nikken.co.jp/en/projects/interior_design/cross_life_hakata_tenjin.html]
[www.nikken.co.jp/en/projects/interior_design/geeks_akihabara.html]
[www.nikken.co.jp/en/projects/interior_design/bank_negara_indonesia_tokyo_branch.html]
[www.nikken.co.jp/en/projects/p4iusj0000001ibm-img/pj0113_02.jpg]
[www.nikken.co.jp/en/projects/p4iusj0000001ibm-img/pj0113_03.jpg]
[www.nikken.co.jp/en/projects/p4iusj0000001ibm-img/pj0113_04.jpg]
[www.nikken.co.jp/en/projects/p4iusj0000001ibm-img/pj0113_05.jpg]
[www.nikken.co.jp/en/projects/p4iusj0000001ibm-img/pj0113_06.jpg]
[www.nikken.co.jp/en/projects/p4iusj0000001ibm-img/pj0113_07.jpg]
[www.nikken.co.jp/en/projects/p4iusj0000001ibm-img/pj0113_08.jpg]
[www.nikken.co.jp/en/expertise/computational_design_bim/p4iusj0000001o6h-img/p4iusj0000001o6u.jpg]
[www.nikken.co.jp/en/projects/education/gotenyama_campus_global_town_kansai_gaidai_university.html]
[www.nikken.co.jp/en/projects/education/toho_gakuen_school_of_music.html]
[www.nikken.co.jp/en/projects/education/okinawa_institute_of_science_and_technology_phase1.html]
[www.nikken.co.jp/en/projects/p4iusj0000000kzc-img/pj0022_02.jpg]
[www.nikken.co.jp/en/projects/p4iusj0000000kzc-img/pj0022_03.jpg]
[www.nikken.co.jp/en/projects/p4iusj0000000kzc-img/pj0022_04.jpg]
[www.nikken.co.jp/en/projects/p4iusj0000000kzc-img/pj0022_05.jpg]
[www.nikken.co.jp/en/projects/p4iusj0000000kzc-img/pj0022_06.jpg]
[www.nikken.co.jp/en/projects/p4iusj0000000kzc-img/pj0022_07.jpg]
[www.nikken.co.jp/en/projects/p4iusj0000000kzc-img/pj0022_08.jpg]
[www.nikken.co.jp/en/expertise/urban_design_and_planning/p4iusj0000001m26-img/p4iusj0000001m2j.jpg]
[www.nikken.co.jp/en/expertise/landscape_design/the_power_of_landscape_design_to_enrich_the_community.html]
[www.nikken.co.jp/en/expertise/landscape_design/p4iusj00000013ub-img/p4iusj00000013uo.jpg]
[www.nikken.co.jp/en/projects/urban_design_and_planning/jumeirah_gardens_technoprenour_city.html]
[www.nikken.co.jp/en/projects/landscape/the_rail_corridor_lines_of_life.html]
[www.nikken.co.jp/en/projects/residential/botanic_garden.html]
[www.nikken.co.jp/en/projects/p4iusj0000001fsi-img/pj0008_02.jpg]
[www.nikken.co.jp/en/projects/p4iusj0000001fsi-img/pj0008_03.jpg]
[www.nikken.co.jp/en/projects/p4iusj0000001fsi-img/pj0008_04.jpg]
[www.nikken.co.jp/en/projects/p4iusj0000001fsi-img/pj0008_05.jpg]
[www.nikken.co.jp/en/projects/p4iusj0000001fsi-img/pj0008_06.jpg]
[www.nikken.co.jp/en/projects/p4iusj0000001fsi-img/pj0008_07.jpg]
[www.nikken.co.jp/en/projects/p4iusj0000001fsi-img/pj0008_08.jpg]
[www.nikken.co.jp/en/expertise/architectural_design/p4iusj0000001mgz-img/p4iusj0000001mhc.jpg]
[www.nikken.co.jp/en/projects/hospitality/the_ritz-carlton_kyoto.html]
[www.nikken.co.jp/en/projects/hospitality/denso_global_training_center_aquawings.html]
[www.nikken.co.jp/en/projects/p4iusj0000000o8g-img/pj0066_02.jpg]
[www.nikken.co.jp/en/projects/p4iusj0000000o8g-img/pj0066_03.jpg]
[www.nikken.co.jp/en/projects/p4iusj0000000o8g-img/pj0066_04.jpg]
[www.nikken.co.jp/en/projects/p4iusj0000000o8g-img/pj0066_05.jpg]
[www.nikken.co.jp/en/projects/p4iusj0000000o8g-img/pj0066_06.jpg]
[www.nikken.co.jp/en/projects/p4iusj0000000o8g-img/pj0066_07.jpg]
[www.nikken.co.jp/en/expertise/architectural_design/p4iusj0000001mvz-img/p4iusj0000001mwc.jpg]
[www.nikken.co.jp/en/projects/transportation/narita_international_airport_terminal_3.html]
[www.nikken.co.jp/en/projects/transportation/central_japan_international_airport_centrair.html]
[www.nikken.co.jp/en/expertise/interior_design/tg1is20000004mqc-img/creating_a_start_up_neighborhood_with_interior_design_ogp.jpg]
[www.nikken.co.jp/en/expertise/interior_design/tg1is20000004mqc-img/creating_a_start_up_neighborhood_with_interior_design_sp.jpg]
[www.nikken.co.jp/en/expertise/interior_design/tg1is20000004mqc-img/creating_a_start_up_neighborhood_with_interior_design_01.jpg]
[www.nikken.co.jp/en/expertise/interior_design/tg1is20000004mqc-img/creating_a_start_up_neighborhood_with_interior_design_02.jpg]
[www.nikken.co.jp/en/expertise/interior_design/tg1is20000004mqc-img/creating_a_start_up_neighborhood_with_interior_design_03.jpg]
[www.nikken.co.jp/en/expertise/interior_design/tg1is20000004mqc-img/creating_a_start_up_neighborhood_with_interior_design_04.jpg]
[www.nikken.co.jp/en/expertise/interior_design/tg1is20000004mqc-img/creating_a_start_up_neighborhood_with_interior_design_05.jpg]
[www.nikken.co.jp/en/expertise/interior_design/tg1is20000004mqc-img/creating_a_start_up_neighborhood_with_interior_design_06.jpg]
[www.nikken.co.jp/en/expertise/interior_design/tg1is20000004mqc-img/creating_a_start_up_neighborhood_with_interior_design_07.jpg]
[www.nikken.co.jp/en/expertise/interior_design/tg1is20000004mqc-img/creating_a_start_up_neighborhood_with_interior_design_08.jpg]
[www.nikken.co.jp/en/expertise/interior_design/tg1is20000004mqc-img/creating_a_start_up_neighborhood_with_interior_design_09.jpg]
[www.nikken.co.jp/en/expertise/interior_design/tg1is20000004mqc-img/creating_a_start_up_neighborhood_with_interior_design_10.jpg]
[www.nikken.co.jp/en/expertise/interior_design/tg1is20000004mqc-img/creating_a_start_up_neighborhood_with_interior_design_11.jpg]
[www.nikken.co.jp/en/about/people/shinya_suzuki.html]
[www.nikken.co.jp/en/about/people/tg1is20000003i3j-img/shinya_suzuki_tmb.jpg]
[www.nikken.co.jp/en/about/people/daisuke_tanaka.html]
[www.nikken.co.jp/en/about/people/tg1is20000004ns2-img/daisuke_tanaka_tmb.jpg]
[www.nikken.co.jp/en/about/people/jingwen_zhou.html]
[www.nikken.co.jp/en/about/people/tg1is20000004fio-img/jingwen_zhou_tmb.jpg]
[www.nikken.co.jp/en/expertise/interior_design/a_temple_revitalization_project.html]
[www.nikken.co.jp/en/expertise/interior_design/creating_a_start_up_neighborhood_with_interior_design.html]
[www.nikken.co.jp/en/expertise/interior_design/bank_of_qingdao.html]
[www.nikken.co.jp/en/expertise/computational_design_bim/p4iusj0000001o6h-img/p4iusj0000001o6t.jpg]
[www.nikken.co.jp/en/expertise/computational_design_bim/p4iusj0000001o6h-img/p4iusj0000001ok1.png]
[www.nikken.co.jp/en/expertise/computational_design_bim/p4iusj0000001o6h-img/p4iusj0000001obm.jpg]
[www.nikken.co.jp/en/expertise/computational_design_bim/p4iusj0000001o6h-img/p4iusj0000001oeh.jpg]
[www.nikken.co.jp/en/expertise/computational_design_bim/p4iusj0000001o6h-img/p4iusj0000001oev.jpg]
[www.nikken.co.jp/en/expertise/computational_design_bim/p4iusj0000001o6h-img/p4iusj0000001ojh.jpg]
[www.nikken.co.jp/en/expertise/computational_design_bim/p4iusj0000001o6h-img/p4iusj0000001olg.jpg]
[www.nikken.co.jp/en/about/people/tomohiko_yamanashi.html]
[www.nikken.co.jp/en/about/people/p4iusj0000000ubt-img/000170-tomohiko_yamanashi_tmb.jpg]
[www.nikken.co.jp/en/expertise/computational_design_bim/design_using_building_information_modeling_meeting_multiple_demands_simultaneously.html]
[www.nikken.co.jp/en/expertise/computational_design_bim/life_cycle_consulting_bim.html]
[www.nikken.co.jp/en/expertise/urban_design_and_planning/p4iusj0000001m26-img/p4iusj0000001m2i.jpg]
[www.nikken.co.jp/en/expertise/urban_design_and_planning/p4iusj0000001m26-img/p4iusj0000001m3k.jpg]
[www.nikken.co.jp/en/expertise/urban_design_and_planning/p4iusj0000001m26-img/p4iusj0000001m4b.jpg]
[www.nikken.co.jp/en/expertise/urban_design_and_planning/p4iusj0000001m26-img/p4iusj0000001m4x.jpg]
[www.nikken.co.jp/en/expertise/urban_design_and_planning/p4iusj0000001m26-img/p4iusj0000001m51.jpg]
[www.nikken.co.jp/en/expertise/urban_design_and_planning/p4iusj0000001m26-img/p4iusj0000001m5d.jpg]
[www.nikken.co.jp/en/expertise/urban_design_and_planning/p4iusj0000001m26-img/p4iusj0000001m5h.jpg]
[www.nikken.co.jp/en/about/people/wataru_tanaka.html]
[www.nikken.co.jp/en/about/people/p4iusj0000000uib-img/000186-wataru_tanaka_tmb.jpg]
[www.nikken.co.jp/en/about/people/shoji_kaneko.html]
[www.nikken.co.jp/en/about/people/p4iusj0000001cdr-img/shoji_kaneko_tmb.jpg]
[www.nikken.co.jp/en/about/people/taku_suzuki.html]
[www.nikken.co.jp/en/about/people/p4iusj0000001cet-img/000000-taku_suzuki_tmb.jpg]
[www.nikken.co.jp/en/expertise/urban_design_and_planning/seeking_an_Ideal_public_space.html]
[www.nikken.co.jp/en/expertise/urban_design_and_planning/practicing_and_propagating_tod_to_the_world.html]
[www.nikken.co.jp/en/expertise/architectural_design/p4iusj0000001mgz-img/p4iusj0000001mhb.jpg]
[www.nikken.co.jp/en/expertise/architectural_design/p4iusj0000001mgz-img/p4iusj0000001mid.jpg]
[www.nikken.co.jp/en/expertise/architectural_design/p4iusj0000001mgz-img/p4iusj0000001mj6.jpg]
[www.nikken.co.jp/en/expertise/architectural_design/p4iusj0000001mgz-img/p4iusj0000001mja.jpg]
[www.nikken.co.jp/en/expertise/architectural_design/p4iusj0000001mgz-img/p4iusj0000001mjn.jpg]
[www.nikken.co.jp/en/expertise/architectural_design/p4iusj0000001mgz-img/p4iusj0000001mkd.jpg]
[www.nikken.co.jp/en/expertise/architectural_design/p4iusj0000001mgz-img/p4iusj0000001mkx.jpg]
[www.nikken.co.jp/en/expertise/architectural_design/p4iusj0000001mgz-img/p4iusj0000001ml1.jpg]
[www.nikken.co.jp/en/expertise/architectural_design/p4iusj0000001mgz-img/p4iusj0000001mld.jpg]
[www.nikken.co.jp/en/expertise/architectural_design/p4iusj0000001mgz-img/p4iusj0000001mlh.jpg]
[www.nikken.co.jp/en/about/people/hiroaki_otani.html]
[www.nikken.co.jp/en/about/people/p4iusj0000000ucj-img/000175-hiroaki_otani_tmb.jpg]
[www.nikken.co.jp/en/expertise/architectural_design/a_history_of_art_museums.html]
[www.nikken.co.jp/en/expertise/architectural_design/communicating_a_unique_culture_only_found_here.html]
[www.nikken.co.jp/en/expertise/architectural_design/creating_one_from_zero_an_advanced_design_process_for_industrial_architecture_part1.html]
[www.nikken.co.jp/en/expertise/architectural_design/p4iusj0000001mvz-img/p4iusj0000001mwb.jpg]
[www.nikken.co.jp/en/expertise/architectural_design/p4iusj0000001mvz-img/p4iusj0000001mxj.jpg]
[www.nikken.co.jp/en/expertise/architectural_design/p4iusj0000001mvz-img/p4iusj0000001my1.jpg]
[www.nikken.co.jp/en/expertise/architectural_design/p4iusj0000001mvz-img/p4iusj0000001myu.jpg]
[www.nikken.co.jp/en/expertise/architectural_design/designing_for_the_safety_security_and_high_precision_of_heavy_ion_therapy.html]
[www.nikken.co.jp/en/expertise/architectural_design/low_cost_does_not_mean_Less.html]
[www.nikken.co.jp/en/expertise/architectural_design/the_football_stadium_that_opens_to_all.html]
[www.nikken.co.jp/en/news/news/2022.html]
[www.nikken.co.jp/en/news/news/tg1is2000000558s-img/20240722_01.jpg]
[www.nikken.co.jp/en/news/news/2024_07_22.html]
[www.nikken.co.jp/en/news/news/tg1is200000050m1-img/20240527_ogp.jpg]
[www.nikken.co.jp/en/news/news/tg1is200000050m1-img/20240527_01.jpg]
[www.nikken.co.jp/en/news/news/tg1is200000050m1-img/20240527_02.jpg]
[www.nikken.co.jp/en/news/news/tg1is200000050m1-img/20240527_03.jpg]
[www.nikken.co.jp/en/news/news/2024_05_27.html]
[www.nikken.co.jp/en/news/news/tg1is20000004z80-img/20240520_ogp.jpg]
[www.nikken.co.jp/en/news/news/tg1is20000004z80-img/20240520_01.jpg]
[www.nikken.co.jp/en/news/news/2024_05_20.html]
[www.nikken.co.jp/en/news/news/2024_04_01.html]
[www.nikken.co.jp/en/about/p4iusj0000000cj1-img/2401_Nikken_Group_Chart_en_ogp.jpg]
[www.nikken.co.jp/en/about/p4iusj0000000cj1-img/2401_Nikken_Group_Chart_en.jpg]
[www.nikken.co.jp/en/about/p4iusj0000000cj1-img/NSRI.jpg]
[www.nikken.co.jp/en/about/p4iusj0000000cj1-img/NSH.jpg]
[www.nikken.co.jp/en/about/p4iusj0000000cj1-img/NCM.jpg]
[www.nikken.co.jp/en/about/nikken_group.html]
[www.nikken.co.jp/en/contacts/index.html]
[www.nikken.co.jp/en/policy.html]
[www.nikken.co.jp/en/socialmedia.html]
[www.nikken.co.jp/en/disclaimer.html]
[use.fontawesome.com/releases/v5.0.13/css/all.css]
[www.nikken.co.jp/en/common/images/icon_quote_left.svg]
[www.nikken.co.jp/en/wechat.html]
[www.nikken.co.jp/en/projects/p4iusj00000016qf-img/urban_design_master_planning_top_.jpg]
[www.nikken.co.jp/en/projects/urban_design_and_planning/index.html]
[www.nikken.co.jp/en/projects/p4iusj0000000jcn-img/mixed-use_top.jpg]
[www.nikken.co.jp/en/projects/mixed_use/index.html]
[www.nikken.co.jp/en/projects/mixed_use/mixed_use/index.html]
[www.nikken.co.jp/en/projects/p4iusj0000001r8m-img/office_top.jpg]
[www.nikken.co.jp/en/projects/p4iusj0000001r8m-img/office_top_SP.jpg]
[www.nikken.co.jp/en/projects/office/index.html]
[www.nikken.co.jp/en/projects/p4iusj0000000jhj-img/p4iusj0000000jhz.jpg]
[www.nikken.co.jp/en/projects/commercial_retail/index.html]
[www.nikken.co.jp/en/projects/p4iusj0000001neg-img/hospitality_top.jpg]
[www.nikken.co.jp/en/projects/p4iusj0000001neg-img/p4iusj0000001nfh.jpg]
[www.nikken.co.jp/en/projects/hospitality/index.html]
[www.nikken.co.jp/en/projects/p4iusj0000000jkh-img/residential_top.jpg]
[www.nikken.co.jp/en/projects/residential/index.html]
[www.nikken.co.jp/en/projects/p4iusj0000000jld-img/healthcare_top.jpg]
[www.nikken.co.jp/en/projects/healthcare/index.html]
[www.nikken.co.jp/en/projects/p4iusj0000001rgj-img/education_top.jpg]
[www.nikken.co.jp/en/projects/education/index.html]
[www.nikken.co.jp/en/projects/tg1is200000040kh-img/tg1is200000040lj.jpg]
[www.nikken.co.jp/en/projects/cultural/cultural/index.html]
[www.nikken.co.jp/en/projects/p4iusj0000000jrs-img/research_development_top.jpg]
[www.nikken.co.jp/en/projects/research_development/index.html]
[www.nikken.co.jp/en/projects/p4iusj0000000jtd-img/transportation_top.jpg]
[www.nikken.co.jp/en/projects/transportation/index.html]
[www.nikken.co.jp/en/projects/p4iusj0000000jut-img/sustainable_design_top.jpg]
[www.nikken.co.jp/en/projects/p4iusj0000000jut-img/sustainable_design_top_SP.jpg]
[www.nikken.co.jp/en/projects/sustainable_design/index.html]
[www.nikken.co.jp/en/projects/p4iusj0000000esv-img/landscape_top.jpg]
[www.nikken.co.jp/en/projects/landscape/index.html]
[www.nikken.co.jp/en/projects/p4iusj0000000jxp-img/highrise_top.jpg]
[www.nikken.co.jp/en/projects/highrise/index.html]
[www.nikken.co.jp/en/projects/p4iusj0000000jym-img/japan_top.jpg]
[www.nikken.co.jp/en/projects/japan/index.html]
[www.nikken.co.jp/en/projects/p4iusj0000000k0i-img/p4iusj0000000k0y.jpg]
[www.nikken.co.jp/en/projects/overseas/index.html]
[www.nikken.co.jp/en/about/p4iusj0000000yx0-img/ceo_profile.jpg]
[www.nikken.co.jp/en/about/chairman_ceomessage.html]
[www.nikken.co.jp/en/about/p4iusj0000000yzd-img/map.jpg]
[www.nikken.co.jp/en/about/outline.html]
[www.nikken.co.jp/en/privacy_policy.html]
[www.nikken.co.jp/en/about/p4iusj0000001dl6-img/en_About_CorporateStructure.png]
[www.nikken.co.jp/en/about/p4iusj0000001dl6-img/en_About_CorporateStructure_sp.png]
[www.nikken.co.jp/en/about/corporate_structure.html]
[www.nikken.co.jp/en/about/people/index.html]
[www.nikken.co.jp/en/about/board_members.html]
[www.nikken.co.jp/en/about/tg1is200000051nq-img/nj59.jpg]
[www.nikken.co.jp/en/about/tg1is20000004say-img/nj58.jpg]
[www.nikken.co.jp/en/about/tg1is20000004opc-img/nj57.jpg]
[www.nikken.co.jp/en/about/tg1is20000004mi8-img/nj56.jpg]
[www.nikken.co.jp/en/about/tg1is20000004i3g-img/nj55.jpg]
[www.nikken.co.jp/en/about/tg1is20000004ggz-img/nj54.jpg]
[www.nikken.co.jp/en/about/publication_archive.html]
[www.nikken.co.jp/en/about/tg1is20000004y90-img/value_for_money_en.jpg]
[www.nikken.co.jp/en/about/p4iusj0000001dqp-img/New_Horizons_in_Structural_Design.jpg]
[www.nikken.co.jp/en/about/p4iusj0000001drg-img/p4iusj0000001drm.jpg]
[www.nikken.co.jp/en/about/p4iusj0000001drx-img/Amity_with_Environment_2006.jpg]
[www.nikken.co.jp/en/about/p4iusj0000001it8-img/NIKKEN-Brochure.jpg]
[www.nikken.co.jp/en/about/tg1is20000004rqf-img/vietnam_brochure_tmb.jpg]
[www.nikken.co.jp/en/about/tg1is20000004liz-img/india_brochure_tmb.jpg]
[www.nikken.co.jp/en/about/tg1is20000004hix-img/tadawul_tower_tmb.png]
[www.nikken.co.jp/en/about/tg1is20000001gdx-img/nikken-workplace-design-lab-brochure.jpg]
[www.nikken.co.jp/en/about/tg1is20000001gdx-att/nikken-workplace-design-lab.pdf]
[www.nikken.co.jp/en/about/tg1is200000012l0-img/Dubai_Office_Brochure.jpg]
[www.nikken.co.jp/en/about/tg1is200000012l0-att/Dubai_Office_Brochure_ULTIMA.pdf]
[www.nikken.co.jp/en/about/tg1is200000005ed-img/A_JOURNEY_THROUGH_OUR_FIRST_115_YEARS_OF_HISTORY.jpg]
[www.nikken.co.jp/en/about/tg1is200000005ed-att/115yrs_history_180926.pdf]
[www.nikken.co.jp/en/about/tg1is200000002w7-img/Stadium-Arena-Book-1_tmb.jpg]
[www.nikken.co.jp/en/about/tg1is200000002w7-att/Stadium_Arena_Book.pdf]
[www.nikken.co.jp/en/about/tg1is200000002vf-img/NS_RUSS_short_2018-1_tmb.jpg]
[www.nikken.co.jp/en/about/tg1is200000002vf-att/NS_RUSS_short_2018.pdf]
[www.nikken.co.jp/en/about/tg1is200000002uf-img/MENA-Brochure_2017-1_tmb.jpg]
[www.nikken.co.jp/en/about/tg1is200000002uf-att/MENA_Brochure_2017.pdf]
[www.nikken.co.jp/en/about/tg1is200000002qn-img/hospitality_brochure_tmb.jpg]
[www.nikken.co.jp/en/about/tg1is20000002vaf-img/aviation_tmb.jpg]
[www.nikken.co.jp/en/about/tg1is20000004wcj-img/sustainability_report_2024.jpg]
[www.nikken.co.jp/en/about/tg1is20000004gkx-img/sustainability_report_2023.jpg]
[www.nikken.co.jp/en/about/tg1is2000000422g-img/sustainability_report_2022.jpg]
[www.nikken.co.jp/en/about/tg1is20000003fam-img/20210428_01.jpg]
[www.nikken.co.jp/en/about/tg1is200000033xu-img/sustainability_report_2020_tmb.jpg]
[www.nikken.co.jp/en/about/tg1is20000003n57-img/Residential_Brochure_tmb.jpg]
[www.nikken.co.jp/en/about/tg1is20000003n57-att/Residential_Brochure.pdf]
[www.nikken.co.jp/en/about/p4iusj0000001dq8-img/NIKKEN-SEKKEI-Building-Future-Japan-1900-2000.jpg]
[www.nikken.co.jp/en/about/p4iusj0000001dop-img/NIKKEN_SEKKEI_URBANISM.jpg]
[www.nikken.co.jp/en/about/p4iusj0000001dpr-img/Sustainable-Architecture-in-Japan-The-Green-Buildings-of-NIKKEN-SEKKEI.jpg]
[www.nikken.co.jp/en/about/p4iusj0000001dpa-img/Sustainable-Architecture-in-Japan-The-Continuing-Challenge.jpg]
[www.nikken.co.jp/en/about/publication.html]
[www.nikken.co.jp/en/about/p4iusj00000011cd-img/projects_history_p1_bg.jpg]
[www.nikken.co.jp/en/about/p4iusj00000011cd-img/tg1is20000004cb1.jpg]
[www.nikken.co.jp/en/about/p4iusj00000011cd-img/tg1is20000004gxc.jpg]
[www.nikken.co.jp/en/about/p4iusj00000011cd-img/projects_history_02.jpg]
[www.nikken.co.jp/en/about/p4iusj00000011cd-img/projects_history_03.jpg]
[www.nikken.co.jp/en/about/p4iusj00000011cd-img/projects_history_04.jpg]
[www.nikken.co.jp/en/about/p4iusj00000011cd-img/projects_history_05.jpg]
[www.nikken.co.jp/en/about/p4iusj00000011cd-img/projects_history_06.jpg]
[www.nikken.co.jp/en/about/p4iusj00000011cd-img/projects_history_07.jpg]
[www.nikken.co.jp/en/about/p4iusj00000011cd-img/projects_history_08.jpg]
[www.nikken.co.jp/en/about/p4iusj00000011cd-img/projects_history_09.jpg]
[www.nikken.co.jp/en/about/p4iusj00000011cd-img/projects_history_p2_bg.jpg]
[www.nikken.co.jp/en/about/p4iusj00000011cd-img/tg1is20000004cbi.png]
[www.nikken.co.jp/en/about/p4iusj00000011cd-img/tg1is20000004cc0.jpg]
[www.nikken.co.jp/en/about/p4iusj00000011cd-img/projects_history_p2_01.jpg]
[www.nikken.co.jp/en/about/p4iusj00000011cd-img/projects_history_p2_02.jpg]
[www.nikken.co.jp/en/about/p4iusj00000011cd-img/projects_history_p2_03.jpg]
[www.nikken.co.jp/en/about/p4iusj00000011cd-img/projects_history_p2_04.jpg]
[www.nikken.co.jp/en/about/p4iusj00000011cd-img/projects_history_p2_05.jpg]
[www.nikken.co.jp/en/about/p4iusj00000011cd-img/projects_history_p2_06.jpg]
[www.nikken.co.jp/en/about/p4iusj00000011cd-img/projects_history_p2_07.jpg]
[www.nikken.co.jp/en/about/p4iusj00000011cd-img/projects_history_p2_08.jpg]
[www.nikken.co.jp/en/about/p4iusj00000011cd-img/projects_history_p2_09.jpg]
[www.nikken.co.jp/en/about/p4iusj00000011cd-img/projects_history_p2_10.jpg]
[www.nikken.co.jp/en/about/p4iusj00000011cd-img/projects_history_p2_11.jpg]
[www.nikken.co.jp/en/about/p4iusj00000011cd-img/projects_history_p2_12.jpg]
[www.nikken.co.jp/en/about/p4iusj00000011cd-img/projects_history_p2_13.jpg]
[www.nikken.co.jp/en/about/p4iusj00000011cd-img/projects_history_p2_14.jpg]
[www.nikken.co.jp/en/about/p4iusj00000011cd-img/projects_history_p2_15.png]
[www.nikken.co.jp/en/about/p4iusj00000011cd-img/projects_history_p2_16.png]
[www.nikken.co.jp/en/about/p4iusj00000011cd-img/projects_history_p2_17.png]
[www.nikken.co.jp/en/about/p4iusj00000011cd-img/projects_history_p2_18.png]
[www.nikken.co.jp/en/about/p4iusj00000011cd-img/projects_history_p2_19.jpg]
[cdnjs.cloudflare.com/ajax/libs/fancybox/3.5.7/jquery.fancybox.min.css]
[cdnjs.cloudflare.com/ajax/libs/fancybox/3.5.7/jquery.fancybox.min.js]
[www.nikken.co.jp/en/about/projects_history.html]
[cdnjs.cloudflare.com/ajax/libs/gsap/2.0.1/plugins/CSSPlugin.min.js]
[www.nikken.co.jp/en/about/p4iusj0000001dmv-att/115yrs_history_180926.pdf]
[www.nikken.co.jp/en/about/corporate_history.html]
[www.nikken.co.jp/en/about/p4iusj0000001d81-img/CSR_top.jpg]
[www.nikken.co.jp/en/about/p4iusj0000001d81-img/DisasterAssistance_sample.jpg]
[www.nikken.co.jp/en/about/p4iusj0000001d81-img/Matizhai-Hope-Primary-School-.jpg]
[www.nikken.co.jp/en/about/p4iusj0000001d81-img/NikkenGallery_Sample.jpg]
[www.nikken.co.jp/en/about/social_responsibility.html]
[www.nikken.co.jp/en/about/tg1is20000004h7n-img/pynt_ogp.jpg]
[www.nikken.co.jp/en/about/tg1is20000004h7n-img/pynt_main.jpg]
[www.nikken.co.jp/en/about/tg1is20000004h7n-img/pynt_01.jpg]
[www.nikken.co.jp/en/about/tg1is20000004h7n-img/Image.jpg]
[www.nikken.co.jp/en/about/tg1is20000004h7n-img/20240612.png]
[www.nikken.co.jp/en/about/tg1is20000004h7n-img/20240509.png]
[www.nikken.co.jp/en/about/pynt_event.html]
[www.nikken.co.jp/en/about/tg1is20000004h7n-img/pynt_05.jpg]
[www.nikken.co.jp/en/about/tg1is20000004h7n-att/tg1is20000004hhb.pdf]
[www.nikken.co.jp/en/about/pynt_terms_of_service.html]
[www.nikken.co.jp/en/about/pynt.html]
[www.nikken.co.jp/en/about/p4iusj0000000tgf-img/p4iusj0000000thg.svg]
[www.nikken.co.jp/en/about/pynt_membership_agreement.html]
[www.nikken.co.jp/en/news/news/2021.html]
[www.nikken.co.jp/en/news/news/2020.html]
[www.nikken.co.jp/en/news/news/index.html]
[www.nikken.co.jp/en/news/news/before.html]
[www.nikken.co.jp/en/news/awards/2023.html]
[www.nikken.co.jp/en/news/awards/2022.html]
[www.nikken.co.jp/en/news/awards/2021.html]
[www.nikken.co.jp/en/news/awards/index.html]
[www.nikken.co.jp/en/news/awards/before.html]
[www.nikken.co.jp/en/news/press_release/2022.html]
[www.nikken.co.jp/en/news/press_release/2020.html]
[www.nikken.co.jp/en/news/press_release/2019.html]
[www.nikken.co.jp/en/news/press_release/index.html]
[www.nikken.co.jp/en/news/2023.html]
[www.nikken.co.jp/en/news/2022.html]
[www.nikken.co.jp/en/news/2021.html]
[www.nikken.co.jp/en/news/before.html]
[www.nikken.co.jp/images/og_image.html]
[www.nikken.co.jp/en/news/press_release/before.html]
[www.nikken.co.jp/en/brand/images/logoWhite.png]
[www.nikken.co.jp/en/brand/images/loading.gif]
[www.nikken.co.jp/en/brand/images/wordA.png]
[www.nikken.co.jp/en/brand/images/wordC.png]
[www.nikken.co.jp/en/brand/images/wordD.png]
[www.nikken.co.jp/en/brand/images/wordE.png]
[www.nikken.co.jp/en/brand/images/wordG.png]
[www.nikken.co.jp/en/brand/images/wordI.png]
[www.nikken.co.jp/en/brand/images/wordN.png]
[www.nikken.co.jp/en/brand/images/wordP.png]
[www.nikken.co.jp/en/brand/images/wordR.png]
[www.nikken.co.jp/en/brand/images/wordT.png]
[www.nikken.co.jp/en/brand/images/wordX.png]
[www.nikken.co.jp/en/brand/images/wordCam.png]
[www.nikken.co.jp/en/brand/images/iconSc.png]
[www.nikken.co.jp/en/brand/images/p0.jpg]
[www.nikken.co.jp/en/brand/images/p1.jpg]
[www.nikken.co.jp/en/brand/images/p2.jpg]
[www.nikken.co.jp/en/brand/images/p3.jpg]
[www.nikken.co.jp/en/brand/images/p4.jpg]
[www.nikken.co.jp/en/brand/images/p5.jpg]
[www.nikken.co.jp/en/brand/images/p6.jpg]
[www.nikken.co.jp/en/brand/images/p7.jpg]
[www.nikken.co.jp/en/brand/images/p8.jpg]
[www.nikken.co.jp/en/brand/images/p9.jpg]
[www.nikken.co.jp/en/brand/images/p10.jpg]
[www.nikken.co.jp/en/brand/images/p11.jpg]
[www.nikken.co.jp/en/brand/images/p12.jpg]
[www.nikken.co.jp/en/brand/images/p13.jpg]
[www.nikken.co.jp/en/brand/images/p14.jpg]
[www.nikken.co.jp/en/brand/images/p15.jpg]
[www.nikken.co.jp/en/brand/css/base.css]
[www.nikken.co.jp/en/projects/tg1is200000040j2-img/tg1is200000040k4.jpg]
[www.nikken.co.jp/en/projects/cultural/sports/index.html]
[www.nikken.co.jp/en/projects/tg1is20000003ep7-img/pj0243_00_ogp.jpg]
[www.nikken.co.jp/en/projects/tg1is20000003ep7-img/pj0243_00_top.jpg]
[www.nikken.co.jp/en/projects/tg1is20000003ep7-img/pj0243_00_sp.jpg]
[www.nikken.co.jp/en/projects/tg1is20000003ep7-img/pj0243_02.jpg]
[www.nikken.co.jp/en/projects/tg1is20000003ep7-img/pj0243_03.jpg]
[www.nikken.co.jp/en/projects/tg1is20000003ep7-img/pj0243_04.jpg]
[www.nikken.co.jp/en/projects/tg1is20000003ep7-img/pj0243_05.jpg]
[www.nikken.co.jp/en/projects/tg1is20000003ep7-img/pj0243_06.jpg]
[www.nikken.co.jp/en/projects/tg1is20000003ep7-img/pj0243_07.jpg]
[www.nikken.co.jp/en/projects/tg1is20000003ep7-img/pj0243_08.jpg]
[www.nikken.co.jp/en/projects/tg1is20000003ep7-img/pj0243_09.jpg]
[www.nikken.co.jp/en/projects/tg1is20000003ep7-img/pj0243_10.jpg]
[www.nikken.co.jp/en/projects/tg1is20000003ep7-img/tg1is20000003etx.jpg]
[www.nikken.co.jp/en/projects/amakusa_complex_kokorasu.html]
[www.nikken.co.jp/en/projects/cultural/artizon_museum.html]
[www.nikken.co.jp/en/projects/p4iusj0000001gfr-img/pj0023_00_top.jpg]
[www.nikken.co.jp/en/projects/p4iusj0000001gfr-img/pj0023_02.jpg]
[www.nikken.co.jp/en/projects/p4iusj0000001gfr-img/pj0023_03.jpg]
[www.nikken.co.jp/en/projects/p4iusj0000001gfr-img/pj0023_04.jpg]
[www.nikken.co.jp/en/projects/p4iusj0000001gfr-img/pj0023_05.jpg]
[www.nikken.co.jp/en/projects/p4iusj0000001gfr-img/pj0023_06.jpg]
[www.nikken.co.jp/en/projects/p4iusj0000001gfr-img/pj0023_07.jpg]
[www.nikken.co.jp/en/expertise/architectural_design/p4iusj0000001me4-img/p4iusj0000001meh.jpg]
[www.nikken.co.jp/en/projects/sports/futur_camp_nou.html]
[www.nikken.co.jp/en/projects/sports/saitama_super_arena.html]
[www.nikken.co.jp/en/projects/tg1is200000031wx-img/pj0228_00_ogp.jpg]
[www.nikken.co.jp/en/projects/tg1is200000031wx-img/pj0228_00_top.jpg]
[www.nikken.co.jp/en/projects/tg1is200000031wx-img/pj0228_00_sp.jpg]
[www.nikken.co.jp/en/news/news/2018_11_30.html]
[www.nikken.co.jp/en/projects/tg1is200000031wx-img/pj0228_02.jpg]
[www.nikken.co.jp/en/projects/tg1is200000031wx-img/pj0228_03.jpg]
[www.nikken.co.jp/en/projects/tg1is200000031wx-img/pj0228_04.jpg]
[www.nikken.co.jp/en/projects/tg1is200000031wx-img/pj0228_05.jpg]
[www.nikken.co.jp/en/projects/tg1is200000031wx-img/pj0228_06.jpg]
[www.nikken.co.jp/en/projects/tg1is200000031wx-img/pj0228_07.jpg]
[www.nikken.co.jp/en/projects/tg1is200000031wx-img/tmb.jpg]
[www.nikken.co.jp/en/expertise/urban_design_and_planning/p4iusj0000001m6i-img/p4iusj0000001m6v.jpg]
[www.nikken.co.jp/en/projects/mixed_use/shanghai_greenland_center.html]
[www.nikken.co.jp/en/projects/commercial_retail/shanghai_greenland_center.html]
[www.nikken.co.jp/en/projects/commercial_retail/tokyo_midtown_hibiya.html]
[www.nikken.co.jp/en/projects/p4iusj0000000koa-img/pj0020_00_top.jpg]
[www.nikken.co.jp/en/projects/p4iusj0000000koa-img/pj0020_02.jpg]
[www.nikken.co.jp/en/projects/p4iusj0000000koa-img/pj0020_03.jpg]
[www.nikken.co.jp/en/projects/p4iusj0000000koa-img/pj0020_04.jpg]
[www.nikken.co.jp/en/projects/p4iusj0000000koa-img/pj0020_05.jpg]
[www.nikken.co.jp/en/projects/p4iusj0000000koa-img/pj0020_06.jpg]
[www.nikken.co.jp/en/projects/p4iusj0000000koa-img/pj0020_07.jpg]
[www.nikken.co.jp/en/projects/commercial_retail/yamaha_ginza.html]
[www.nikken.co.jp/en/about/people/p4iusj0000000udz-img/000171-lu_zhong_xiao.jpg]
[www.nikken.co.jp/en/about/people/p4iusj0000000udz-img/000171-lu_zhong_xiao_main.jpg]
[www.nikken.co.jp/en/about/people/lu_zhong_xiao.html]
[www.nikken.co.jp/en/about/people/p4iusj0000001ca2-img/000000-Tetsuo_tonouchi_main.jpg]
[www.nikken.co.jp/en/about/people/tetsuo_tonouchi.html]
[www.nikken.co.jp/en/about/people/p4iusj00000019iz-img/000000-hiroyuki_suga_main.jpg]
[www.nikken.co.jp/en/about/people/hiroyuki_suga.html]
[www.nikken.co.jp/en/insights/p4iusj00000013g3-img/p4iusj00000013hh.jpg]
[www.nikken.co.jp/en/insights/p4iusj00000013g3-img/p4iusj00000013hi.jpg]
[www.nikken.co.jp/en/insights/environment.html]
[www.nikken.co.jp/en/insights/enrich_lifestyle.html]
[www.nikken.co.jp/en/insights/japans-technology.html]
[www.nikken.co.jp/en/insights/p4iusj00000013g3-img/p4iusj00000013k2.jpg]
[www.nikken.co.jp/en/insights/p4iusj00000013g3-img/p4iusj00000013ig.jpg]
[www.nikken.co.jp/en/insights/p4iusj00000013g3-img/p4iusj00000013kt.jpg]
[www.nikken.co.jp/en/insights/p4iusj00000013g3-img/p4iusj00000013j3.jpg]
[www.nikken.co.jp/en/insights/expanding_japans_technology_globally_via_transit-oriented_urban_development.html]
[www.nikken.co.jp/en/insights/nikken_sekkeis_climate_emergency_declaration.html]
[www.nikken.co.jp/en/expertise/urban_design_and_planning/tg1is20000003k28-img/your_park_ogp.jpg]
[www.nikken.co.jp/en/expertise/urban_design_and_planning/tg1is20000003k28-img/your_park_main.jpg]
[www.nikken.co.jp/en/expertise/urban_design_and_planning/tg1is20000003k28-img/your_park_sp.jpg]
[www.nikken.co.jp/en/expertise/urban_design_and_planning/tg1is20000003k28-img/your_park_02.jpg]
[www.nikken.co.jp/en/expertise/urban_design_and_planning/tg1is20000003k28-img/your_park_03.jpg]
[www.nikken.co.jp/en/expertise/urban_design_and_planning/tg1is20000003k28-img/your_park_04.jpg]
[www.nikken.co.jp/en/expertise/urban_design_and_planning/tg1is20000003k28-img/your_park_05.jpg]
[www.nikken.co.jp/en/expertise/urban_design_and_planning/tg1is20000003k28-img/your_park_06.jpg]
[www.nikken.co.jp/en/expertise/urban_design_and_planning/tg1is20000003k28-img/your_park_07.gif]
[www.nikken.co.jp/en/expertise/urban_design_and_planning/tg1is20000003k28-img/masato_ito.jpg]
[www.nikken.co.jp/en/expertise/urban_design_and_planning/tg1is20000003k28-img/takaaki_ueda.jpg]
[www.nikken.co.jp/en/expertise/urban_design_and_planning/tg1is20000003k28-img/masamichi_oura.jpg]
[www.nikken.co.jp/en/expertise/urban_design_and_planning/your_park.html]
[www.nikken.co.jp/en/insights/tsunagi.html]
[www.nikken.co.jp/en/projects/tg1is20000004t3v-img/pj0291_00_ogp.jpg]
[www.nikken.co.jp/en/projects/tg1is20000004t3v-img/pj0291_00_top.jpg]
[www.nikken.co.jp/en/projects/tg1is20000004t3v-img/pj0291_00_sp.jpg]
[www.nikken.co.jp/en/projects/tg1is20000004t3v-img/pj0291_02.png]
[www.nikken.co.jp/en/projects/tg1is20000004t3v-img/pj0291_03.png]
[www.nikken.co.jp/en/projects/tg1is20000004t3v-img/pj0291_04.png]
[www.nikken.co.jp/en/projects/tg1is20000004t3v-img/pj0291_05.png]
[www.nikken.co.jp/en/projects/tg1is20000004t3v-img/pj0291_06.jpg]
[www.nikken.co.jp/en/projects/tg1is20000004t3v-img/pj0291_07.jpg]
[www.nikken.co.jp/en/projects/tg1is20000004t3v-img/pj0291_08.jpg]
[www.nikken.co.jp/en/projects/tg1is20000004t3v-img/pj0291_09.jpg]
[www.nikken.co.jp/en/projects/tg1is20000004t3v-img/pj0291_10.png]
[www.nikken.co.jp/en/projects/tg1is20000004t3v-img/pj0291_11.jpg]
[www.nikken.co.jp/en/projects/tg1is20000004t3v-img/pj0291_12.jpg]
[www.nikken.co.jp/en/projects/tg1is20000004t3v-img/pj0291_13.png]
[www.nikken.co.jp/en/projects/interior_design/cross_life_hakata_tenjin.html]
[www.nikken.co.jp/en/projects/interior_design/park_hyatt_niseko_hanazono_chapel.html]
[www.nikken.co.jp/en/projects/tg1is20000004srq-img/pj0289_00_ogp.jpg]
[www.nikken.co.jp/en/projects/tg1is20000004srq-img/pj0289_00_top.jpg]
[www.nikken.co.jp/en/projects/tg1is20000004srq-img/pj0289_00_sp.jpg]
[www.nikken.co.jp/en/projects/tg1is20000004srq-img/pj0289_02.jpg]
[www.nikken.co.jp/en/projects/tg1is20000004srq-img/pj0289_03.jpg]
[www.nikken.co.jp/en/projects/tg1is20000004srq-img/pj0289_04.png]
[www.nikken.co.jp/en/projects/tg1is20000004srq-img/pj0289_05.jpg]
[www.nikken.co.jp/en/projects/interior_design/bank_negara_indonesia_tokyo_branch.html]
[www.nikken.co.jp/en/projects/tg1is20000002xaz-img/pj0206_00_ogp.jpg]
[www.nikken.co.jp/en/projects/tg1is20000002xaz-img/pj0206_00_top.jpg]
[www.nikken.co.jp/en/projects/tg1is20000002xaz-img/pj0206_00_sp.jpg]
[www.nikken.co.jp/en/projects/tg1is20000002xaz-img/pj0206_02.jpg]
[www.nikken.co.jp/en/projects/tg1is20000002xaz-img/pj0206_03.jpg]
[www.nikken.co.jp/en/projects/tg1is20000002xaz-img/pj0206_04.jpg]
[www.nikken.co.jp/en/projects/tg1is20000002xaz-img/pj0206_05.jpg]
[www.nikken.co.jp/en/projects/tg1is20000002xaz-img/pj0206_06.jpg]
[www.nikken.co.jp/en/projects/tg1is20000002xaz-img/pj0206_07.jpg]
[www.nikken.co.jp/en/projects/education/gotenyama_campus_global_town_kansai_gaidai_university.html]
[www.nikken.co.jp/en/projects/education/e-just_university_campus.html]
[www.nikken.co.jp/en/projects/p4iusj0000000ik1-img/pj0005_00_top.jpg]
[www.nikken.co.jp/en/projects/p4iusj0000000ik1-img/pj0005_02.jpg]
[www.nikken.co.jp/en/projects/p4iusj0000000ik1-img/pj0005_03.jpg]
[www.nikken.co.jp/en/projects/p4iusj0000000ik1-img/pj0005_04.jpg]
[www.nikken.co.jp/en/projects/p4iusj0000000ik1-img/pj0005_05.jpg]
[www.nikken.co.jp/en/projects/p4iusj0000000ik1-img/pj0005_06.jpg]
[www.nikken.co.jp/en/projects/p4iusj0000000ik1-img/pj0005_07.jpg]
[www.nikken.co.jp/en/projects/p4iusj0000000ik1-img/pj0005_08.jpg]
[www.nikken.co.jp/en/projects/p4iusj0000000ik1-img/pj0005_09.jpg]
[www.nikken.co.jp/en/projects/education/okinawa_institute_of_science_and_technology_phase1.html]
[www.nikken.co.jp/en/projects/education/mode_gakuen_spiral_towers.html]
[www.nikken.co.jp/en/expertise/landscape_design/p4iusj00000013ub-img/p4iusj00000013um.jpg]
[www.nikken.co.jp/en/expertise/landscape_design/p4iusj00000013ub-img/p4iusj00000013un.jpg]
[www.nikken.co.jp/en/projects/landscape/kashiwanoha_aqua_terrace.html]
[www.nikken.co.jp/en/expertise/landscape_design/p4iusj00000013ub-img/p4iusj00000013vf.jpg]
[www.nikken.co.jp/en/expertise/landscape_design/p4iusj00000013ub-img/p4iusj00000013w3.jpg]
[www.nikken.co.jp/en/expertise/landscape_design/p4iusj00000013ub-img/p4iusj00000013wf.jpg]
[www.nikken.co.jp/en/expertise/landscape_design/p4iusj00000013ub-img/p4iusj00000013x2.jpg]
[www.nikken.co.jp/en/expertise/landscape_design/the_power_of_landscape_design_to_enrich_the_community.html]
[www.nikken.co.jp/en/expertise/landscape_design/shin-daibiru_building_and_forest_of_dojima_landscape_design_that_takes_in_the_surrounding_environment_and_context.html]
[www.nikken.co.jp/en/projects/tg1is20000002xgf-img/pj0208_00_ogp.jpg]
[www.nikken.co.jp/en/projects/tg1is20000002xgf-img/pj0208_00_top.jpg]
[www.nikken.co.jp/en/projects/tg1is20000002xgf-img/pj0208_00_sp.jpg]
[www.nikken.co.jp/en/projects/tg1is20000002xgf-img/pj0208_02.jpg]
[www.nikken.co.jp/en/projects/tg1is20000002xgf-img/pj0208_03.jpg]
[www.nikken.co.jp/en/projects/tg1is20000002xgf-img/pj0208_04.jpg]
[www.nikken.co.jp/en/projects/tg1is20000002xgf-img/pj0208_05.jpg]
[www.nikken.co.jp/en/projects/tg1is20000002xgf-img/pj0208_06.jpg]
[www.nikken.co.jp/en/projects/tg1is20000002xgf-img/pj0208_07.jpg]
[www.nikken.co.jp/en/projects/tg1is20000002xgf-img/pj0208_08.jpg]
[www.nikken.co.jp/en/projects/urban_design_and_planning/jumeirah_gardens_technoprenour_city.html]
[www.nikken.co.jp/en/projects/urban_design_and_planning/future_vision_vladivostok.html]
[www.nikken.co.jp/en/projects/p4iusj0000000o1b-img/pj0056_00_top.jpg]
[www.nikken.co.jp/en/projects/p4iusj0000000o1b-img/pj0056_02.jpg]
[www.nikken.co.jp/en/projects/p4iusj0000000o1b-img/pj0056_03.jpg]
[www.nikken.co.jp/en/projects/p4iusj0000000o1b-img/pj0056_04.jpg]
[www.nikken.co.jp/en/projects/p4iusj0000000o1b-img/pj0056_05.jpg]
[www.nikken.co.jp/en/projects/p4iusj0000000o1b-img/pj0056_06.jpg]
[www.nikken.co.jp/en/projects/p4iusj0000000o1b-img/pj0056_07.jpg]
[www.nikken.co.jp/en/projects/p4iusj0000000o1b-img/pj0056_08.jpg]
[www.nikken.co.jp/en/projects/p4iusj0000000o1b-img/pj0056_09.jpg]
[www.nikken.co.jp/en/projects/residential/botanic_garden.html]
[www.nikken.co.jp/en/projects/p4iusj0000000nue-img/pj0049_00_top.jpg]
[www.nikken.co.jp/en/projects/p4iusj0000000nue-img/pj0049_02.jpg]
[www.nikken.co.jp/en/projects/p4iusj0000000nue-img/pj0049_03.jpg]
[www.nikken.co.jp/en/projects/p4iusj0000000nue-img/pj0049_04.jpg]
[www.nikken.co.jp/en/projects/p4iusj0000000nue-img/pj0049_05.jpg]
[www.nikken.co.jp/en/projects/p4iusj0000000nue-img/pj0049_06.jpg]
[www.nikken.co.jp/en/projects/p4iusj0000000nue-img/pj0049_07.jpg]
[www.nikken.co.jp/en/projects/p4iusj0000000nue-img/pj0049_08.jpg]
[www.nikken.co.jp/en/projects/p4iusj0000000nue-img/pj0049_09.jpg]
[www.nikken.co.jp/en/projects/hospitality/denso_global_training_center_aquawings.html]
[www.nikken.co.jp/en/projects/hospitality/kyoto_state_guest_house.html]
[www.nikken.co.jp/en/projects/p4iusj0000000n4q-img/pj0041_00_top.jpg]
[www.nikken.co.jp/en/projects/p4iusj0000000n4q-img/pj0041_02.jpg]
[www.nikken.co.jp/en/projects/p4iusj0000000n4q-img/pj0041_03.jpg]
[www.nikken.co.jp/en/projects/p4iusj0000000n4q-img/pj0041_04.jpg]
[www.nikken.co.jp/en/projects/p4iusj0000000n4q-img/pj0041_05.jpg]
[www.nikken.co.jp/en/projects/p4iusj0000000n4q-img/pj0041_06.jpg]
[www.nikken.co.jp/en/projects/p4iusj0000000n4q-img/pj0041_07.jpg]
[www.nikken.co.jp/en/projects/transportation/kansai_international_airport_passenger_terminal_building.html]
[www.nikken.co.jp/en/projects/transportation/central_japan_international_airport_centrair.html]
[www.nikken.co.jp/en/about/people/tg1is20000003i3j-img/shinya_suzuki_ogp.jpg]
[www.nikken.co.jp/en/about/people/tg1is20000003i3j-img/shinya_suzuki_main.jpg]
[www.nikken.co.jp/en/about/people/shinya_suzuki.html]
[www.nikken.co.jp/en/about/people/tg1is20000004ns2-img/daisuke_tanaka_ogp.jpg]
[www.nikken.co.jp/en/about/people/tg1is20000004ns2-img/daisuke_tanaka_main.jpg]
[www.nikken.co.jp/en/about/people/daisuke_tanaka.html]
[www.nikken.co.jp/en/about/people/tg1is20000004fio-img/jingwen_zhou_ogp.jpg]
[www.nikken.co.jp/en/about/people/tg1is20000004fio-img/jingwen_zhou_main.jpg]
[www.nikken.co.jp/en/about/people/jingwen_zhou.html]
[www.nikken.co.jp/en/expertise/interior_design/tg1is20000004f8v-img/a_temple_revitalization_project_ogp.jpg]
[www.nikken.co.jp/en/expertise/interior_design/tg1is20000004f8v-img/a_temple_revitalization_project_main.jpg]
[www.nikken.co.jp/en/expertise/interior_design/tg1is20000004f8v-img/a_temple_revitalization_project_sp.jpg]
[www.nikken.co.jp/en/expertise/interior_design/tg1is20000004f8v-img/a_temple_revitalization_project_01.jpg]
[www.nikken.co.jp/en/expertise/interior_design/tg1is20000004f8v-img/a_temple_revitalization_project_02.jpg]
[www.nikken.co.jp/en/expertise/interior_design/tg1is20000004f8v-img/a_temple_revitalization_project_03.jpg]
[www.nikken.co.jp/en/expertise/interior_design/tg1is20000004f8v-img/a_temple_revitalization_project_04.jpg]
[www.nikken.co.jp/en/expertise/interior_design/tg1is20000004f8v-img/a_temple_revitalization_project_05.jpg]
[www.nikken.co.jp/en/expertise/interior_design/tg1is20000004f8v-img/a_temple_revitalization_project_06.jpg]
[www.nikken.co.jp/en/expertise/interior_design/tg1is20000004f8v-img/a_temple_revitalization_project_07.jpg]
[www.nikken.co.jp/en/expertise/interior_design/tg1is20000004f8v-img/a_temple_revitalization_project_08.jpg]
[www.nikken.co.jp/en/expertise/interior_design/tg1is20000004f8v-img/a_temple_revitalization_project_09.jpg]
[www.nikken.co.jp/en/expertise/interior_design/tg1is20000004f8v-img/a_temple_revitalization_project_10.jpg]
[www.nikken.co.jp/en/expertise/interior_design/tg1is20000004f8v-img/a_temple_revitalization_project_11.jpg]
[www.nikken.co.jp/en/about/people/yuko_tsukumo.html]
[www.nikken.co.jp/en/about/people/tg1is20000004fg8-img/yuko_tsukumo_tmb.jpg]
[www.nikken.co.jp/en/about/people/kohei_hashiguchi.html]
[www.nikken.co.jp/en/about/people/tg1is20000004fhg-img/kohei_hashiguchi_tmb.jpg]
[www.nikken.co.jp/en/expertise/interior_design/a_temple_revitalization_project.html]
[www.nikken.co.jp/en/expertise/interior_design/tg1is20000003hx3-img/bank_of_qingdao_ogp.jpg]
[www.nikken.co.jp/en/expertise/interior_design/tg1is20000003hx3-img/bank_of_qingdao_main.jpg]
[www.nikken.co.jp/en/expertise/interior_design/tg1is20000003hx3-img/bank_of_qingdao_sp.jpg]
[www.nikken.co.jp/en/expertise/interior_design/tg1is20000003hx3-img/bank_of_qingdao_01.jpg]
[www.nikken.co.jp/en/expertise/interior_design/tg1is20000003hx3-img/bank_of_qingdao_02.jpg]
[www.nikken.co.jp/en/expertise/interior_design/tg1is20000003hx3-img/bank_of_qingdao_03.jpg]
[www.nikken.co.jp/en/expertise/interior_design/tg1is20000003hx3-img/bank_of_qingdao_04.jpg]
[www.nikken.co.jp/en/expertise/interior_design/tg1is20000003hx3-img/bank_of_qingdao_05.jpg]
[www.nikken.co.jp/en/expertise/interior_design/tg1is20000003hx3-img/bank_of_qingdao_06.jpg]
[www.nikken.co.jp/en/expertise/interior_design/tg1is20000003hx3-img/bank_of_qingdao_07.jpg]
[www.nikken.co.jp/en/expertise/interior_design/tg1is20000003hx3-img/bank_of_qingdao_08.jpg]
[www.nikken.co.jp/en/expertise/interior_design/tg1is20000003hx3-img/bank_of_qingdao_09.jpg]
[www.nikken.co.jp/en/about/people/shinya_inokuchi.html]
[www.nikken.co.jp/en/about/people/tg1is20000003i21-img/shinya_inokuchi_tmb.jpg]
[www.nikken.co.jp/en/about/people/cho_da.html]
[www.nikken.co.jp/en/about/people/tg1is20000003i4a-img/cho_da_tmb.jpg]
[www.nikken.co.jp/en/expertise/interior_design/bank_of_qingdao.html]
[www.nikken.co.jp/en/about/people/p4iusj0000000ubt-img/000170-tomohiko_yamanashi.jpg]
[www.nikken.co.jp/en/about/people/p4iusj0000000ubt-img/000170-tomohiko_yamanashi_main.jpg]
[www.nikken.co.jp/en/expertise/mep_engineering/bioskin_a_facade_system_for_cooling_city_heat_islands.html]
[www.nikken.co.jp/en/expertise/mep_engineering/p4iusj0000001q7l-img/p4iusj0000001q7y.jpg]
[www.nikken.co.jp/en/insights/using_computers_to_realize_dreams.html]
[www.nikken.co.jp/en/insights/p4iusj000000117o-img/p4iusj0000001194.jpg]
[www.nikken.co.jp/en/about/people/tomohiko_yamanashi.html]
[www.nikken.co.jp/en/expertise/computational_design_bim/tg1is20000003m8o-img/life_cycle_consulting_bim_ogp.jpg]
[www.nikken.co.jp/en/expertise/computational_design_bim/tg1is20000003m8o-img/life_cycle_consulting_bim_main.jpg]
[www.nikken.co.jp/en/expertise/computational_design_bim/tg1is20000003m8o-img/life_cycle_consulting_bim_sp.jpg]
[www.nikken.co.jp/en/expertise/computational_design_bim/tg1is20000003m8o-img/life_cycle_consulting_bim_01.jpg]
[www.nikken.co.jp/en/expertise/computational_design_bim/tg1is20000003m8o-img/life_cycle_consulting_bim_02.jpg]
[www.nikken.co.jp/en/expertise/computational_design_bim/tg1is20000003m8o-img/life_cycle_consulting_bim_03.jpg]
[www.nikken.co.jp/en/expertise/computational_design_bim/tg1is20000003m8o-img/life_cycle_consulting_bim_04.jpg]
[www.nikken.co.jp/en/expertise/computational_design_bim/tg1is20000003m8o-att/life_cycle_consulting_bim_report.pdf]
[www.nikken.co.jp/en/expertise/computational_design_bim/tg1is20000003m8o-img/life_cycle_consulting_bim_05.jpg]
[www.nikken.co.jp/en/expertise/computational_design_bim/tg1is20000003m8o-img/life_cycle_consulting_bim_06.jpg]
[www.nikken.co.jp/en/expertise/computational_design_bim/tg1is20000003m8o-img/life_cycle_consulting_bim_07.jpg]
[www.nikken.co.jp/en/expertise/computational_design_bim/tg1is20000003m8o-img/kensuke_yasui.jpg]
[www.nikken.co.jp/en/expertise/computational_design_bim/tg1is20000003m8o-img/keiji_yoshimoto.jpg]
[www.nikken.co.jp/en/expertise/computational_design_bim/life_cycle_consulting_bim.html]
[www.nikken.co.jp/en/expertise/computational_design_bim/building_information_modeling.html]
[www.nikken.co.jp/en/about/people/p4iusj0000000uib-img/000186-wataru_tanaka.jpg]
[www.nikken.co.jp/en/about/people/p4iusj0000000uib-img/000186-wataru_tanaka_main.jpg]
[www.nikken.co.jp/en/expertise/urban_design_and_planning/p4iusj000000145k-img/p4iusj000000145x.jpg]
[www.nikken.co.jp/en/about/people/wataru_tanaka.html]
[www.nikken.co.jp/en/about/people/p4iusj0000001cdr-img/shoji_kaneko_ogp.jpg]
[www.nikken.co.jp/en/about/people/p4iusj0000001cdr-img/shoji_kaneko_main.jpg]
[www.nikken.co.jp/en/about/people/shoji_kaneko.html]
[www.nikken.co.jp/en/about/people/p4iusj0000001cet-img/000000-taku_suzuki_main.jpg]
[www.nikken.co.jp/en/about/people/taku_suzuki.html]
[www.nikken.co.jp/en/expertise/urban_design_and_planning/p4iusj000000145k-img/p4iusj000000145v.jpg]
[www.nikken.co.jp/en/expertise/urban_design_and_planning/p4iusj000000145k-img/p4iusj000000145w.jpg]
[www.nikken.co.jp/en/expertise/urban_design_and_planning/p4iusj000000145k-img/p4iusj000000146z.png]
[www.nikken.co.jp/en/expertise/urban_design_and_planning/p4iusj000000145k-img/p4iusj000000147d.jpg]
[www.nikken.co.jp/en/expertise/urban_design_and_planning/p4iusj000000145k-img/p4iusj000000147j.jpg]
[www.nikken.co.jp/en/expertise/urban_design_and_planning/practicing_and_propagating_tod_to_the_world.html]
[www.nikken.co.jp/en/about/people/p4iusj0000000ucj-img/000175-hiroaki_otani.jpg]
[www.nikken.co.jp/en/about/people/p4iusj0000000ucj-img/000175-hiroaki_otani_main.jpg]
[www.nikken.co.jp/en/about/people/hiroaki_otani.html]
[www.nikken.co.jp/en/expertise/architectural_design/p4iusj0000001mmj-img/a_history_of_art_museums_ogp.jpg]
[www.nikken.co.jp/en/expertise/architectural_design/p4iusj0000001mmj-img/p4iusj0000001mmu.jpg]
[www.nikken.co.jp/en/expertise/architectural_design/p4iusj0000001mmj-img/p4iusj0000001mmv.jpg]
[www.nikken.co.jp/en/projects/cultural/pola_museum_of_arts.html]
[www.nikken.co.jp/en/projects/cultural/hoki_museum.html]
[www.nikken.co.jp/en/expertise/architectural_design/p4iusj0000001mmj-img/p4iusj0000001mo7.jpg]
[www.nikken.co.jp/en/expertise/architectural_design/p4iusj0000001mmj-img/p4iusj0000001moy.jpg]
[www.nikken.co.jp/en/expertise/architectural_design/p4iusj0000001mmj-img/p4iusj0000001mpp.jpg]
[www.nikken.co.jp/en/about/people/taro_nakamoto.html]
[www.nikken.co.jp/en/about/people/p4iusj0000000utd-img/taro_nakamoto_tmb.jpg]
[www.nikken.co.jp/en/expertise/architectural_design/a_history_of_art_museums.html]
[www.nikken.co.jp/en/expertise/architectural_design/a_design_process_that_created_150_volunteers.html]
[www.nikken.co.jp/en/expertise/architectural_design/tg1is20000004qiv-img/creating_one_from_zero_an_advanced_design_process_for_industrial_architecture_part1_ogp.jpg]
[www.nikken.co.jp/en/expertise/architectural_design/tg1is20000004qiv-img/creating_one_from_zero_an_advanced_design_process_for_industrial_architecture_part1_main.jpg]
[www.nikken.co.jp/en/expertise/architectural_design/tg1is20000004qiv-img/creating_one_from_zero_an_advanced_design_process_for_industrial_architecture_part1_sp.jpg]
[www.nikken.co.jp/en/expertise/architectural_design/tg1is20000004qiv-img/creating_one_from_zero_an_advanced_design_process_for_industrial_architecture_part1_01.jpg]
[www.nikken.co.jp/en/expertise/architectural_design/tg1is20000004qiv-img/creating_one_from_zero_an_advanced_design_process_for_industrial_architecture_part1_02.jpg]
[www.nikken.co.jp/en/expertise/architectural_design/tg1is20000004qiv-img/creating_one_from_zero_an_advanced_design_process_for_industrial_architecture_part1_03.jpg]
[www.nikken.co.jp/en/expertise/architectural_design/tg1is20000004qiv-img/creating_one_from_zero_an_advanced_design_process_for_industrial_architecture_part1_04.jpg]
[www.nikken.co.jp/en/expertise/architectural_design/tg1is20000004qiv-img/creating_one_from_zero_an_advanced_design_process_for_industrial_architecture_part1_05.jpg]
[www.nikken.co.jp/en/expertise/architectural_design/creating_one_from_zero_an_advanced_design_process_for_industrial_architecture_part1.html]
[www.nikken.co.jp/en/expertise/architectural_design/creating_one_from_zero_an_advanced_design_process_for_industrial_architecture_part2.html]
[www.nikken.co.jp/en/expertise/architectural_design/tg1is20000004iqa-img/designing_for_the_safety_security_and_high_precision_of_heavy_ion_therapy_ogp.jpg]
[www.nikken.co.jp/en/expertise/architectural_design/tg1is20000004iqa-img/designing_for_the_safety_security_and_high_precision_of_heavy_ion_therapy_main.jpg]
[www.nikken.co.jp/en/expertise/architectural_design/tg1is20000004iqa-img/designing_for_the_safety_security_and_high_precision_of_heavy_ion_therapy_sp.jpg]
[www.nikken.co.jp/en/expertise/architectural_design/tg1is20000004iqa-img/designing_for_the_safety_security_and_high_precision_of_heavy_ion_therapy_01.jpg]
[www.nikken.co.jp/en/expertise/architectural_design/tg1is20000004iqa-img/designing_for_the_safety_security_and_high_precision_of_heavy_ion_therapy_02.jpg]
[www.nikken.co.jp/en/expertise/architectural_design/tg1is20000004iqa-img/designing_for_the_safety_security_and_high_precision_of_heavy_ion_therapy_03.jpg]
[www.nikken.co.jp/en/expertise/architectural_design/tg1is20000004iqa-img/designing_for_the_safety_security_and_high_precision_of_heavy_ion_therapy_04.jpg]
[www.nikken.co.jp/en/expertise/architectural_design/tg1is20000004iqa-img/designing_for_the_safety_security_and_high_precision_of_heavy_ion_therapy_05.jpg]
[www.nikken.co.jp/en/expertise/architectural_design/tg1is20000004iqa-img/designing_for_the_safety_security_and_high_precision_of_heavy_ion_therapy_06.jpg]
[www.nikken.co.jp/en/expertise/architectural_design/tg1is20000004iqa-img/designing_for_the_safety_security_and_high_precision_of_heavy_ion_therapy_07.jpg]
[www.nikken.co.jp/en/expertise/architectural_design/tg1is20000004iqa-img/designing_for_the_safety_security_and_high_precision_of_heavy_ion_therapy_08.jpg]
[www.nikken.co.jp/en/expertise/architectural_design/tg1is20000004iqa-img/designing_for_the_safety_security_and_high_precision_of_heavy_ion_therapy_09.jpg]
[www.nikken.co.jp/en/expertise/architectural_design/tg1is20000004iqa-img/designing_for_the_safety_security_and_high_precision_of_heavy_ion_therapy_10.jpg]
[www.nikken.co.jp/en/about/people/ko_isogimi.html]
[www.nikken.co.jp/en/about/people/p4iusj0000000una-img/000199-ko_isogimi_tmb.jpg]
[www.nikken.co.jp/en/about/people/shoji_tomita.html]
[www.nikken.co.jp/en/about/people/tg1is20000004ix2-img/shoji_tomita_tmb.jpg]
[www.nikken.co.jp/en/about/people/kiyotaka_kurosawa.html]
[www.nikken.co.jp/en/about/people/tg1is20000004ixt-img/kiyotaka_kurosawa_tmb.jpg]
[www.nikken.co.jp/en/expertise/architectural_design/designing_for_the_safety_security_and_high_precision_of_heavy_ion_therapy.html]
[www.nikken.co.jp/en/expertise/architectural_design/p4iusj0000001me4-img/p4iusj0000001mef.jpg]
[www.nikken.co.jp/en/expertise/architectural_design/p4iusj0000001me4-img/p4iusj0000001meg.jpg]
[www.nikken.co.jp/en/expertise/architectural_design/p4iusj0000001me4-img/p4iusj0000001mfi.jpg]
[www.nikken.co.jp/en/expertise/architectural_design/p4iusj0000001me4-img/p4iusj0000001mgb.jpg]
[www.nikken.co.jp/en/about/people/tadahiko_murao.html]
[www.nikken.co.jp/en/about/people/p4iusj0000000uhl-img/000185-tadahiko_murao_tmb.jpg]
[www.nikken.co.jp/en/about/people/takeyuki_katsuya.html]
[www.nikken.co.jp/en/about/people/p4iusj0000000uu3-img/takeyuki_katsuya_tmb.jpg]
[www.nikken.co.jp/en/about/people/yoshiyuki_uchiyama.html]
[www.nikken.co.jp/en/about/people/p4iusj0000000vse-img/000228-yoshiiyuki_uchiyama_tmb.jpg]
[www.nikken.co.jp/en/expertise/architectural_design/the_football_stadium_that_opens_to_all.html]
[www.nikken.co.jp/en/news/news/2022.html]
[www.nikken.co.jp/en/news/news/tg1is20000004vdx-img/20240401_ogp.jpg]
[www.nikken.co.jp/en/news/news/tg1is20000004vdx-img/20240401_01.jpg]
[www.nikken.co.jp/en/news/news/tg1is20000004vdx-img/20240401_02.jpg]
[www.nikken.co.jp/en/news/news/tg1is20000004vdx-img/20240401_03.jpg]
[www.nikken.co.jp/en/news/news/2024_04_01.html]
[www.nikken.co.jp/en/news/news/2024_03_27.html]
[www.nikken.co.jp/en/tg1is20000000kwk-img/wechat_qr_code.jpg]
[www.nikken.co.jp/en/tg1is20000000kwk-img/wechat_qr_code_sp.jpg]
[www.nikken.co.jp/en/wechat.html]
[www.nikken.co.jp/en/projects/tg1is20000003yit-img/mixed-use_top.jpg]
[www.nikken.co.jp/en/projects/mixed_use/mixed_use/index.html]
[www.nikken.co.jp/en/privacy_policy.html]
[www.nikken.co.jp/en/about/tg1is20000004gny-img/nj53.jpg]
[www.nikken.co.jp/en/about/tg1is20000004gng-img/nj52.jpg]
[www.nikken.co.jp/en/about/tg1is20000004gmy-img/nj51.jpg]
[www.nikken.co.jp/en/about/tg1is20000004gmg-img/nj50.jpg]
[www.nikken.co.jp/en/about/tg1is20000004b5t-img/nj49.jpg]
[www.nikken.co.jp/en/about/tg1is20000004b5b-img/nj48.jpg]
[www.nikken.co.jp/en/about/tg1is20000004b4t-img/nj47.jpg]
[www.nikken.co.jp/en/about/tg1is20000004b4a-img/nj46.jpg]
[www.nikken.co.jp/en/about/tg1is20000003ppn-img/nj45.jpg]
[www.nikken.co.jp/en/about/tg1is20000003ppb-img/nj44.jpg]
[www.nikken.co.jp/en/about/tg1is20000003poz-img/nj43.jpg]
[www.nikken.co.jp/en/about/tg1is20000003pon-img/nj42.jpg]
[www.nikken.co.jp/en/about/tg1is20000002tq6-img/nj41.jpg]
[www.nikken.co.jp/en/about/tg1is20000000gm3-img/nj40.jpg]
[www.nikken.co.jp/en/about/tg1is20000000dnb-img/nj39.jpg]
[www.nikken.co.jp/en/about/tg1is200000009er-img/nj38.jpg]
[www.nikken.co.jp/en/about/tg1is200000007po-img/tg1is200000007q3.jpg]
[www.nikken.co.jp/en/about/p4iusj0000001pti-img/p4iusj0000001ptx.jpg]
[www.nikken.co.jp/en/about/p4iusj0000001dvk-img/p4iusj0000001dvq.jpg]
[www.nikken.co.jp/en/about/p4iusj0000001dw1-img/p4iusj0000001dw7.jpg]
[www.nikken.co.jp/en/about/p4iusj0000001dy3-img/nj33.jpg]
[www.nikken.co.jp/en/about/p4iusj0000001dxm-img/nj32.jpg]
[www.nikken.co.jp/en/about/p4iusj0000001dx5-img/p4iusj0000001dxb.jpg]
[www.nikken.co.jp/en/about/p4iusj0000001dwo-img/nj30.jpg]
[www.nikken.co.jp/en/about/p4iusj0000001dzz-img/p4iusj0000001e05.jpg]
[www.nikken.co.jp/en/about/p4iusj0000001dzi-img/p4iusj0000001dzo.jpg]
[www.nikken.co.jp/en/about/p4iusj0000001dz1-img/p4iusj0000001dz7.jpg]
[www.nikken.co.jp/en/about/p4iusj0000001dyk-img/p4iusj0000001dyq.jpg]
[www.nikken.co.jp/en/about/p4iusj0000001e1w-img/nj25.jpg]
[www.nikken.co.jp/en/about/p4iusj0000001e1w-att/NJ25_WEB.pdf]
[www.nikken.co.jp/en/about/p4iusj0000001e1f-img/p4iusj0000001e1l.jpg]
[www.nikken.co.jp/en/about/p4iusj0000001e1f-att/NJ24_WEB.pdf]
[www.nikken.co.jp/en/about/p4iusj0000001e0y-img/nj23.jpg]
[www.nikken.co.jp/en/about/p4iusj0000001e0y-att/NJ23_WEB.pdf]
[www.nikken.co.jp/en/about/p4iusj0000001e0h-img/p4iusj0000001e0n.jpg]
[www.nikken.co.jp/en/about/p4iusj0000001e0h-att/NJ22_WEB.pdf]
[www.nikken.co.jp/en/about/p4iusj0000001hwo-img/nj21.jpg]
[www.nikken.co.jp/en/about/p4iusj0000001hwo-att/NJ21_WEB.pdf]
[www.nikken.co.jp/en/about/p4iusj0000001hvy-img/nj20.jpg]
[www.nikken.co.jp/en/about/p4iusj0000001hvy-att/NJ20_WEB.pdf]
[www.nikken.co.jp/en/about/p4iusj0000001hvh-img/nj19.jpg]
[www.nikken.co.jp/en/about/p4iusj0000001hvh-att/NJ19_WEB.pdf]
[www.nikken.co.jp/en/about/p4iusj0000001hus-img/nj18.jpg]
[www.nikken.co.jp/en/about/p4iusj0000001hus-att/NJ18_WEB.pdf]
[www.nikken.co.jp/en/about/p4iusj0000001i4c-img/nj17.jpg]
[www.nikken.co.jp/en/about/p4iusj0000001i4c-att/NJ17_WEB.pdf]
[www.nikken.co.jp/en/about/p4iusj0000001i3q-img/nj16.jpg]
[www.nikken.co.jp/en/about/p4iusj0000001i3q-att/NJ16_WEB.pdf]
[www.nikken.co.jp/en/about/p4iusj0000001i34-img/nj15.jpg]
[www.nikken.co.jp/en/about/p4iusj0000001i34-att/NJ15_1WEB.pdf]
[www.nikken.co.jp/en/about/p4iusj0000001hx5-img/p4iusj0000001hxb.jpg]
[www.nikken.co.jp/en/about/p4iusj0000001hx5-att/Journal-2013_spring.pdf.pdf]
[www.nikken.co.jp/en/about/p4iusj0000001hyz-img/nj13.jpg]
[www.nikken.co.jp/en/about/p4iusj0000001hyz-att/Journal-2012_winter.pdf]
[www.nikken.co.jp/en/about/p4iusj0000001hyd-img/nj12.jpg]
[www.nikken.co.jp/en/about/p4iusj0000001hyd-att/Journal-2012_Autumn.pdf]
[www.nikken.co.jp/en/about/p4iusj0000001hxr-img/p4iusj0000001hxx.jpg]
[www.nikken.co.jp/en/about/p4iusj0000001hxr-att/Journal-2012_Summer.pdf]
[www.nikken.co.jp/en/about/p4iusj0000001i2i-img/nj10.jpg]
[www.nikken.co.jp/en/about/p4iusj0000001i2i-att/NJ10_web.pdf]
[www.nikken.co.jp/en/about/p4iusj0000001i1f-img/p4iusj0000001i1l.jpg]
[www.nikken.co.jp/en/about/p4iusj0000001i1f-att/NJ09_.pdf]
[www.nikken.co.jp/en/about/p4iusj0000001i0t-img/p4iusj0000001i0z.jpg]
[www.nikken.co.jp/en/about/p4iusj0000001i0t-att/journal_autumn2011.pdf]
[www.nikken.co.jp/en/about/p4iusj0000001i07-img/nj07.jpg]
[www.nikken.co.jp/en/about/p4iusj0000001i07-att/journal_summer2011.pdf]
[www.nikken.co.jp/en/about/p4iusj0000001hzl-img/nj06.jpg]
[www.nikken.co.jp/en/about/p4iusj0000001hzl-att/Quarterly-11_Spring.pdf]
[www.nikken.co.jp/en/about/p4iusj0000001i6e-img/nj05.jpg]
[www.nikken.co.jp/en/about/p4iusj0000001i6e-att/Quarterly-10_Winter.pdf]
[www.nikken.co.jp/en/about/p4iusj0000001i5s-img/p4iusj0000001i5y.jpg]
[www.nikken.co.jp/en/about/p4iusj0000001i5s-att/Quarterly-10_Autumn.pdf]
[www.nikken.co.jp/en/about/p4iusj0000001i56-img/nj03.jpg]
[www.nikken.co.jp/en/about/p4iusj0000001i56-att/Quarterly-10_Summaer.pdf]
[www.nikken.co.jp/en/about/p4iusj0000001i21-img/nj02.jpg]
[www.nikken.co.jp/en/about/p4iusj0000001i21-att/Quarterly-10_Spring.pdf]
[www.nikken.co.jp/en/about/p4iusj0000001i70-img/nj01.jpg]
[www.nikken.co.jp/en/about/p4iusj0000001i70-att/Quarterly-09_Winter.pdf]
[www.nikken.co.jp/en/about/publication_archive.html]
[www.nikken.co.jp/en/common/images/icon_zoom.svg]
[cdnjs.cloudflare.com/ajax/libs/fancybox/3.5.7/jquery.fancybox.min.css]
[www.nikken.co.jp/en/about/tg1is20000004yz9-img/20240612.png]
[www.nikken.co.jp/en/about/tg1is20000004yz9-img/20240509.png]
[www.nikken.co.jp/en/about/tg1is20000004yz9-img/20240507.png]
[www.nikken.co.jp/en/about/tg1is20000004yz9-img/20240307.jpg]
[www.nikken.co.jp/en/about/tg1is20000004yz9-img/20240118.png]
[www.nikken.co.jp/en/about/tg1is20000004yz9-img/20231207.png]
[www.nikken.co.jp/en/about/tg1is20000004yz9-img/20231122.png]
[www.nikken.co.jp/en/about/tg1is20000004yz9-img/20231019.png]
[www.nikken.co.jp/en/about/tg1is20000004yz9-img/20230914.png]
[www.nikken.co.jp/en/about/tg1is20000004yz9-img/20230901.jpg]
[www.nikken.co.jp/en/about/tg1is20000004yz9-img/20230803.jpg]
[www.nikken.co.jp/en/about/tg1is20000004yz9-img/20230804.jpg]
[www.nikken.co.jp/en/about/tg1is20000004yz9-img/20230721.jpg]
[www.nikken.co.jp/en/about/tg1is20000004yz9-img/20230706.png]
[www.nikken.co.jp/en/about/tg1is20000004yz9-img/20230621_02.jpg]
[www.nikken.co.jp/en/about/tg1is20000004yz9-img/20230621.png]
[www.nikken.co.jp/en/about/tg1is20000004yz9-img/20230526.png]
[www.nikken.co.jp/en/about/tg1is20000004yz9-img/pynt_event_0523.jpg]
[www.nikken.co.jp/en/about/tg1is20000004yz9-img/PYNT_event1.png]
[www.nikken.co.jp/en/about/pynt_event.html]
[www.nikken.co.jp/en/about/pynt_terms_of_service.html]
[www.nikken.co.jp/en/about/pynt_membership_agreement.html]
[www.nikken.co.jp/en/news/news/2021.html]
[www.nikken.co.jp/en/news/2020.html]
[www.nikken.co.jp/en/news/news/2020.html]
[www.nikken.co.jp/en/news/news/before.html]
[www.nikken.co.jp/en/news/awards/2023.html]
[www.nikken.co.jp/en/news/awards/2022.html]
[www.nikken.co.jp/en/news/awards/2020.html]
[www.nikken.co.jp/en/news/awards/2021.html]
[www.nikken.co.jp/en/news/awards/before.html]
[www.nikken.co.jp/en/news/press_release/2022.html]
[www.nikken.co.jp/en/news/press_release/2020.html]
[www.nikken.co.jp/en/news/2019.html]
[www.nikken.co.jp/en/news/news/2019.html]
[www.nikken.co.jp/en/news/press_release/2019.html]
[www.nikken.co.jp/en/news/press_release/before.html]
[www.nikken.co.jp/en/news/awards/2019.html]
[www.nikken.co.jp/en/projects/tg1is20000003iyo-img/pj0225_00_top.jpg]
[www.nikken.co.jp/en/projects/tg1is20000003iyo-img/pj0225_00_sp.jpg]
[www.nikken.co.jp/en/projects/tg1is20000003iyo-img/pj0225_02.jpg]
[www.nikken.co.jp/en/projects/tg1is20000003iyo-img/pj0225_03.jpg]
[www.nikken.co.jp/en/projects/tg1is20000003iyo-img/pj0225_04.jpg]
[www.nikken.co.jp/en/projects/tg1is20000003iyo-img/pj0225_05.jpg]
[www.nikken.co.jp/en/projects/tg1is20000003iyo-img/pj0225_06.jpg]
[www.nikken.co.jp/en/projects/tg1is20000003iyo-img/pj0225_07.jpg]
[www.nikken.co.jp/en/projects/cultural/artizon_museum.html]
[www.nikken.co.jp/en/projects/sports/waseda_university_honjo_senior_high_school_gymnasium.html]
[www.nikken.co.jp/en/projects/p4iusj0000001gcn-img/pj0018_00_top.jpg]
[www.nikken.co.jp/en/projects/p4iusj0000001gcn-img/pj0018_02.jpg]
[www.nikken.co.jp/en/projects/p4iusj0000001gcn-img/pj0018_03.jpg]
[www.nikken.co.jp/en/projects/p4iusj0000001gcn-img/pj0018_04.jpg]
[www.nikken.co.jp/en/projects/p4iusj0000001gcn-img/pj0018_05.jpg]
[www.nikken.co.jp/en/projects/p4iusj0000001gcn-img/pj0018_06.jpg]
[www.nikken.co.jp/en/projects/p4iusj0000001gcn-img/pj0018_07.jpg]
[www.nikken.co.jp/en/projects/sports/saitama_super_arena.html]
[www.nikken.co.jp/en/projects/sports/tokyo_dome.html]
[www.nikken.co.jp/en/news/news/tg1is200000007gh-img/tg1is200000007i9.jpg]
[www.nikken.co.jp/en/news/news/tg1is200000007gh-img/tg1is200000007if.jpg]
[www.nikken.co.jp/en/news/news/tg1is200000007gh-img/tg1is200000007ip.jpg]
[www.nikken.co.jp/en/news/news/tg1is200000007gh-img/tg1is200000007iv.jpg]
[www.nikken.co.jp/en/news/awards/2018_11_22.html]
[www.nikken.co.jp/en/news/news/2018_11_30.html]
[www.nikken.co.jp/en/news/news/2018_12_05.html]
[www.nikken.co.jp/en/projects/tg1is200000031si-img/tg1is200000031sp.jpg]
[www.nikken.co.jp/en/projects/tg1is200000031si-img/pj0227_00_top.jpg]
[www.nikken.co.jp/en/projects/tg1is200000031si-img/pj0227_00_sp.jpg]
[www.nikken.co.jp/en/projects/tg1is200000031si-img/pj0227_02.jpg]
[www.nikken.co.jp/en/projects/tg1is200000031si-img/pj0227_03.jpg]
[www.nikken.co.jp/en/projects/tg1is200000031si-img/pj0227_04.jpg]
[www.nikken.co.jp/en/projects/tg1is200000031si-img/pj0227_05.jpg]
[www.nikken.co.jp/en/projects/tg1is200000031si-img/pj0227_06.jpg]
[www.nikken.co.jp/en/projects/tg1is200000031si-img/pj0227_07.jpg]
[www.nikken.co.jp/en/projects/tg1is200000031si-img/pj0227_08.jpg]
[www.nikken.co.jp/en/projects/tg1is200000031si-img/pj0227_09.jpg]
[www.nikken.co.jp/en/projects/tg1is200000031si-img/tmb.jpg]
[www.nikken.co.jp/en/projects/mixed_use/tokyo_midtown_hibiya.html]
[www.nikken.co.jp/en/projects/mixed_use/shanghai_greenland_center.html]
[www.nikken.co.jp/en/projects/mixed_use/burj_al_alam.html]
[www.nikken.co.jp/en/projects/tg1is2000000328d-img/pj0229_00_ogp.jpg]
[www.nikken.co.jp/en/projects/tg1is2000000328d-img/pj0229_00_top.jpg]
[www.nikken.co.jp/en/projects/tg1is2000000328d-img/pj0229_00_sp.jpg]
[www.nikken.co.jp/en/news/news/2019_12_06.html]
[www.nikken.co.jp/en/projects/tg1is2000000328d-img/pj0229_02.jpg]
[www.nikken.co.jp/en/projects/tg1is2000000328d-img/pj0229_03.jpg]
[www.nikken.co.jp/en/projects/tg1is2000000328d-img/pj0229_04.jpg]
[www.nikken.co.jp/en/projects/tg1is2000000328d-img/pj0229_05.jpg]
[www.nikken.co.jp/en/projects/tg1is2000000328d-img/pj0229_06.jpg]
[www.nikken.co.jp/en/projects/tg1is2000000328d-img/pj0229_07.jpg]
[www.nikken.co.jp/en/projects/tg1is2000000328d-img/pj0229_08.jpg]
[www.nikken.co.jp/en/projects/tg1is2000000328d-img/pj0229_09.jpg]
[www.nikken.co.jp/en/projects/tg1is2000000328d-img/pj0229_10.jpg]
[www.nikken.co.jp/en/projects/tg1is2000000328d-img/pj0229_11.jpg]
[www.nikken.co.jp/en/projects/tg1is2000000328d-img/tmb.jpg]
[www.nikken.co.jp/en/projects/commercial_retail/tokyo_midtown_hibiya.html]
[www.nikken.co.jp/en/insights/environment.html]
[www.nikken.co.jp/en/insights/enrich_lifestyle.html]
[www.nikken.co.jp/en/insights/japans-technology.html]
[www.nikken.co.jp/en/projects/commercial_retail/shibuya_scramble_square_the_first_phases.html]
[www.nikken.co.jp/en/insights/tg1is20000003f6n-img/kiko_hijojitaisenngen_ogp.jpg]
[www.nikken.co.jp/en/insights/tg1is20000003f6n-img/kiko_hijojitaisenngen_main.jpg]
[www.nikken.co.jp/en/insights/tg1is20000003f6n-img/kiko_hijojitaisenngen_sp.jpg]
[www.nikken.co.jp/en/insights/talk_hotels.html]
[www.nikken.co.jp/en/insights/nikken_sekkeis_climate_emergency_declaration.html]
[www.nikken.co.jp/en/insights/tg1is20000002qh1-img/tsunagi_ogp.jpg]
[www.nikken.co.jp/en/insights/tg1is20000002qh1-img/tsunagi_main.jpg]
[www.nikken.co.jp/en/insights/tg1is20000002qh1-img/tsunagi_sp.jpg]
[www.nikken.co.jp/en/insights/innovation.html]
[www.nikken.co.jp/en/insights/tg1is20000002qh1-img/tsunagi_01.jpg]
[www.nikken.co.jp/en/insights/tg1is20000002qh1-img/tsunagi_02.jpg]
[www.nikken.co.jp/en/insights/tg1is20000002qh1-img/tsunagi_03.png]
[www.nikken.co.jp/en/insights/tg1is20000002qh1-img/tsunagi_04.jpg]
[www.nikken.co.jp/en/insights/tg1is20000002qh1-img/tsunagi_05.jpg]
[www.nikken.co.jp/en/insights/tsunagi.html]
[www.nikken.co.jp/en/projects/tg1is20000004t9b-img/pj0292_00_ogp.jpg]
[www.nikken.co.jp/en/projects/tg1is20000004t9b-img/pj0292_00_top.jpg]
[www.nikken.co.jp/en/projects/tg1is20000004t9b-img/pj0292_00_sp.jpg]
[www.nikken.co.jp/en/projects/tg1is20000004t9b-img/pj0292_02.jpg]
[www.nikken.co.jp/en/projects/tg1is20000004t9b-img/pj0292_03.jpg]
[www.nikken.co.jp/en/projects/tg1is20000004t9b-img/pj0292_04.jpg]
[www.nikken.co.jp/en/projects/tg1is20000004t9b-img/pj0292_05.jpg]
[www.nikken.co.jp/en/projects/interior_design/park_hyatt_niseko_hanazono_chapel.html]
[www.nikken.co.jp/en/projects/interior_design/keikyu_ex_hotel_sapporo.html]
[www.nikken.co.jp/en/projects/tg1is20000003667-img/pj0243_00_ogp.jpg]
[www.nikken.co.jp/en/projects/tg1is20000003667-img/pj0243_00_top.jpg]
[www.nikken.co.jp/en/projects/tg1is20000003667-img/pj0243_00_sp.jpg]
[www.nikken.co.jp/en/projects/tg1is20000003667-img/pj0243_02.jpg]
[www.nikken.co.jp/en/projects/tg1is20000003667-img/pj0243_03.jpg]
[www.nikken.co.jp/en/projects/tg1is20000003667-img/pj0243_04.png]
[www.nikken.co.jp/en/projects/tg1is20000003667-img/pj0243_05.png]
[www.nikken.co.jp/en/projects/tg1is20000003667-img/pj0243_06.jpg]
[www.nikken.co.jp/en/projects/tg1is20000003667-img/pj0243_07.jpg]
[www.nikken.co.jp/en/projects/tg1is20000003667-img/pj0243_08.jpg]
[www.nikken.co.jp/en/projects/tg1is20000003667-img/pj0243_09.jpg]
[www.nikken.co.jp/en/projects/tg1is20000003667-img/pj0243_10.jpg]
[www.nikken.co.jp/en/projects/tg1is20000003667-img/pj0243_11.jpg]
[www.nikken.co.jp/en/projects/tg1is20000003667-img/pj0243_12.jpg]
[www.nikken.co.jp/en/projects/tg1is20000003667-img/pj0243_13.jpg]
[www.nikken.co.jp/en/projects/tg1is20000003667-img/pj0243_14.jpg]
[www.nikken.co.jp/en/projects/tg1is20000003667-img/pj0243_15.jpg]
[www.nikken.co.jp/en/projects/education/e-just_university_campus.html]
[www.nikken.co.jp/en/projects/education/busan_university_of_foreign_studies_namsan_dong_campus.html]
[www.nikken.co.jp/en/projects/p4iusj0000001hde-img/pj0115_00_top.jpg]
[www.nikken.co.jp/en/projects/p4iusj0000001hde-img/pj0115_00_top_SP.jpg]
[www.nikken.co.jp/en/projects/p4iusj0000001hde-img/pj0115_02.jpg]
[www.nikken.co.jp/en/projects/p4iusj0000001hde-img/pj0115_03.jpg]
[www.nikken.co.jp/en/projects/p4iusj0000001hde-img/pj0115_04.jpg]
[www.nikken.co.jp/en/projects/p4iusj0000001hde-img/pj0115_05.jpg]
[www.nikken.co.jp/en/projects/p4iusj0000001hde-img/pj0115_06.jpg]
[www.nikken.co.jp/en/projects/p4iusj0000001hde-img/pj0115_07.jpg]
[www.nikken.co.jp/en/projects/p4iusj0000001hde-img/pj0115_08.jpg]
[www.nikken.co.jp/en/projects/p4iusj0000001hde-img/pj0115_09.jpg]
[www.nikken.co.jp/en/projects/education/mode_gakuen_spiral_towers.html]
[www.nikken.co.jp/en/projects/p4iusj0000000ocb-img/pj0071_00_top.jpg]
[www.nikken.co.jp/en/projects/p4iusj0000000ocb-img/pj0071_02.jpg]
[www.nikken.co.jp/en/projects/p4iusj0000000ocb-img/pj0071_03.jpg]
[www.nikken.co.jp/en/projects/p4iusj0000000ocb-img/pj0071_04.jpg]
[www.nikken.co.jp/en/projects/p4iusj0000000ocb-img/pj0071_05.jpg]
[www.nikken.co.jp/en/projects/p4iusj0000000ocb-img/pj0071_06.jpg]
[www.nikken.co.jp/en/projects/p4iusj0000000ocb-img/pj0071_07.jpg]
[www.nikken.co.jp/en/projects/p4iusj0000000ocb-img/pj0071_08.jpg]
[www.nikken.co.jp/en/projects/landscape/kashiwanoha_aqua_terrace.html]
[www.nikken.co.jp/en/expertise/landscape_design/tg1is200000006zi-img/tg1is200000006zt.jpg]
[www.nikken.co.jp/en/expertise/landscape_design/tg1is200000006zi-img/tg1is200000006zu.jpg]
[www.nikken.co.jp/en/expertise/landscape_design/tg1is200000006zi-img/tg1is2000000070v.jpg]
[www.nikken.co.jp/en/expertise/landscape_design/tg1is200000006zi-img/tg1is2000000071g.jpg]
[www.nikken.co.jp/en/expertise/landscape_design/tg1is200000006zi-img/tg1is20000000729.jpg]
[www.nikken.co.jp/en/expertise/landscape_design/tg1is200000006zi-img/tg1is2000000073f.jpg]
[www.nikken.co.jp/en/expertise/landscape_design/tg1is200000006zi-img/tg1is2000000072u.jpg]
[www.nikken.co.jp/en/expertise/landscape_design/granroof_garden.html]
[www.nikken.co.jp/en/expertise/landscape_design/shin-daibiru_building_and_forest_of_dojima_landscape_design_that_takes_in_the_surrounding_environment_and_context.html]
[www.nikken.co.jp/en/projects/tg1is20000002z0a-img/pj0221_00_ogp.jpg]
[www.nikken.co.jp/en/projects/tg1is20000002z0a-img/pj0221_00_top.jpg]
[www.nikken.co.jp/en/projects/tg1is20000002z0a-img/pj0221_00_sp.jpg]
[www.nikken.co.jp/en/projects/tg1is20000002z0a-img/pj0221_02.jpg]
[www.nikken.co.jp/en/projects/tg1is20000002z0a-img/pj0221_03.jpg]
[www.nikken.co.jp/en/projects/tg1is20000002z0a-img/pj0221_04.jpg]
[www.nikken.co.jp/en/projects/tg1is20000002z0a-img/pj0221_05.jpg]
[www.nikken.co.jp/en/projects/tg1is20000002z0a-img/pj0221_06.jpg]
[www.nikken.co.jp/en/projects/tg1is20000002z0a-img/pj0221_07.jpg]
[www.nikken.co.jp/en/projects/tg1is20000002z0a-img/pj0221_08.jpg]
[www.nikken.co.jp/en/projects/tg1is20000002z0a-img/pj0221_09.jpg]
[www.nikken.co.jp/en/projects/tg1is20000002z0a-img/pj0221_10.jpg]
[www.nikken.co.jp/en/projects/urban_design_and_planning/future_vision_vladivostok.html]
[www.nikken.co.jp/en/projects/urban_design_and_planning/dlf_downtown_gurugram.html]
[www.nikken.co.jp/en/projects/p4iusj0000001faj-img/pj0002_00_top.jpg]
[www.nikken.co.jp/en/projects/p4iusj0000001faj-img/pj0002_00_top_SP.jpg]
[www.nikken.co.jp/en/projects/p4iusj0000001faj-img/pj0002_02.jpg]
[www.nikken.co.jp/en/projects/p4iusj0000001faj-img/pj0002_03.jpg]
[www.nikken.co.jp/en/projects/p4iusj0000001faj-img/pj0002_04.jpg]
[www.nikken.co.jp/en/projects/p4iusj0000001faj-img/pj0002_05.jpg]
[www.nikken.co.jp/en/projects/p4iusj0000001faj-img/pj0002_06.jpg]
[www.nikken.co.jp/en/projects/p4iusj0000001faj-img/pj0002_07.jpg]
[www.nikken.co.jp/en/projects/hospitality/kyoto_state_guest_house.html]
[www.nikken.co.jp/en/projects/hospitality/mgh.html]
[www.nikken.co.jp/en/projects/p4iusj0000000o4o-img/pj0057_00_top.jpg]
[www.nikken.co.jp/en/projects/p4iusj0000000o4o-img/pj0057_02.jpg]
[www.nikken.co.jp/en/projects/p4iusj0000000o4o-img/pj0057_03.jpg]
[www.nikken.co.jp/en/projects/p4iusj0000000o4o-img/pj0057_04.jpg]
[www.nikken.co.jp/en/projects/p4iusj0000000o4o-img/pj0057_05.jpg]
[www.nikken.co.jp/en/projects/p4iusj0000000o4o-img/pj0057_06.jpg]
[www.nikken.co.jp/en/projects/p4iusj0000000o4o-img/pj0057_07.jpg]
[www.nikken.co.jp/en/projects/transportation/kansai_international_airport_passenger_terminal_building.html]
[www.nikken.co.jp/en/about/people/tg1is20000004fg8-img/yuko_tsukumo_ogp.jpg]
[www.nikken.co.jp/en/about/people/tg1is20000004fg8-img/yuko_tsukumo_main.jpg]
[www.nikken.co.jp/en/about/people/yuko_tsukumo.html]
[www.nikken.co.jp/en/about/people/tg1is20000004fhg-img/kohei_hashiguchi_ogp.jpg]
[www.nikken.co.jp/en/about/people/tg1is20000004fhg-img/kohei_hashiguchi_main.jpg]
[www.nikken.co.jp/en/about/people/kohei_hashiguchi.html]
[www.nikken.co.jp/en/about/people/tg1is20000003i21-img/shinya_inokuchi_ogp.jpg]
[www.nikken.co.jp/en/about/people/tg1is20000003i21-img/shinya_inokuchi_main.jpg]
[www.nikken.co.jp/en/about/people/shinya_inokuchi.html]
[www.nikken.co.jp/en/about/people/tg1is20000003i4a-img/cho_da_ogp.jpg]
[www.nikken.co.jp/en/about/people/tg1is20000003i4a-img/cho_da_main.jpg]
[www.nikken.co.jp/en/about/people/cho_da.html]
[www.nikken.co.jp/en/expertise/mep_engineering/p4iusj0000001q7l-img/p4iusj0000001q7w.jpg]
[www.nikken.co.jp/en/expertise/mep_engineering/p4iusj0000001q7l-img/p4iusj0000001q7x.jpg]
[www.nikken.co.jp/en/expertise/mep_engineering/p4iusj0000001q7l-img/p4iusj0000001q8z.jpg]
[www.nikken.co.jp/en/expertise/mep_engineering/p4iusj0000001q7l-img/p4iusj0000001qai.jpg]
[www.nikken.co.jp/en/expertise/mep_engineering/p4iusj0000001q7l-img/p4iusj0000001qbo.jpg]
[www.nikken.co.jp/en/expertise/mep_engineering/p4iusj0000001q7l-img/p4iusj0000001qbs.jpg]
[www.nikken.co.jp/en/expertise/mep_engineering/p4iusj0000001q7l-img/p4iusj0000001qd3.jpg]
[www.nikken.co.jp/en/expertise/mep_engineering/p4iusj0000001q7l-img/p4iusj0000001qdn.jpg]
[www.nikken.co.jp/en/expertise/mep_engineering/bim.html]
[www.nikken.co.jp/en/expertise/mep_engineering/bioskin_a_facade_system_for_cooling_city_heat_islands.html]
[www.nikken.co.jp/en/expertise/mep_engineering/biophilia.html]
[www.nikken.co.jp/en/insights/p4iusj000000117o-img/p4iusj0000001192.jpg]
[www.nikken.co.jp/en/insights/p4iusj000000117o-img/p4iusj0000001193.jpg]
[www.nikken.co.jp/en/insights/technology.html]
[www.nikken.co.jp/en/insights/customization.html]
[www.nikken.co.jp/en/insights/p4iusj000000117o-img/p4iusj00000011bk.jpg]
[www.nikken.co.jp/en/insights/p4iusj000000117o-img/p4iusj00000011bx.jpg]
[www.nikken.co.jp/en/insights/p4iusj000000117o-img/p4iusj00000011af.jpg]
[www.nikken.co.jp/en/insights/towards_an_era_of_opening_up_architectural_information_to_society.html]
[www.nikken.co.jp/en/insights/p4iusj000000137r-img/p4iusj0000001397.jpg]
[www.nikken.co.jp/en/insights/using_computers_to_realize_dreams.html]
[www.nikken.co.jp/en/insights/200_people_sowing_the_Seeds_of_creativity.html]
[www.nikken.co.jp/en/expertise/computational_design_bim/p4iusj0000001mqz-img/p4iusj0000001mra.jpg]
[www.nikken.co.jp/en/expertise/computational_design_bim/p4iusj0000001mqz-img/p4iusj0000001mrb.jpg]
[www.nikken.co.jp/en/expertise/computational_design_bim/p4iusj0000001mqz-img/p4iusj0000001msc.jpg]
[www.nikken.co.jp/en/expertise/computational_design_bim/p4iusj0000001mqz-img/p4iusj0000001msg.jpg]
[www.nikken.co.jp/en/expertise/computational_design_bim/building_information_modeling.html]
[www.nikken.co.jp/en/projects/p4iusj0000001fwf-img/pj0012_00_top.jpg]
[www.nikken.co.jp/en/projects/p4iusj0000001fwf-img/pj0012_00_top_SP.jpg]
[www.nikken.co.jp/en/projects/p4iusj0000001fwf-img/pj0012_02.jpg]
[www.nikken.co.jp/en/projects/p4iusj0000001fwf-img/pj0012_03.jpg]
[www.nikken.co.jp/en/projects/p4iusj0000001fwf-img/pj0012_04.jpg]
[www.nikken.co.jp/en/projects/p4iusj0000001fwf-img/pj0012_05.jpg]
[www.nikken.co.jp/en/projects/p4iusj0000001fwf-img/pj0012_06.jpg]
[www.nikken.co.jp/en/projects/p4iusj0000001fwf-img/pj0012_07.jpg]
[www.nikken.co.jp/en/projects/p4iusj0000001fwf-img/pj0012_08.jpg]
[www.nikken.co.jp/en/projects/p4iusj0000001fwf-img/pj0012_09.jpg]
[www.nikken.co.jp/en/projects/p4iusj0000001fwf-img/pj0012_10.jpg]
[www.nikken.co.jp/en/expertise/architectural_design/p4iusj0000001mmj-img/p4iusj0000001mmw.jpg]
[www.nikken.co.jp/en/projects/cultural/hyogo_performing_arts_center.html]
[www.nikken.co.jp/en/projects/cultural/pola_museum_of_arts.html]
[www.nikken.co.jp/en/projects/sports/denka_big_swan_stadium.html]
[www.nikken.co.jp/en/projects/p4iusj0000000k2t-img/pj0013_00_top.jpg]
[www.nikken.co.jp/en/projects/p4iusj0000000k2t-img/pj0013_00_top_SP.jpg]
[www.nikken.co.jp/en/projects/p4iusj0000000k2t-img/pj0013_02.jpg]
[www.nikken.co.jp/en/projects/p4iusj0000000k2t-img/pj0013_03.jpg]
[www.nikken.co.jp/en/projects/p4iusj0000000k2t-img/pj0013_04.jpg]
[www.nikken.co.jp/en/projects/p4iusj0000000k2t-img/pj0013_05.jpg]
[www.nikken.co.jp/en/projects/p4iusj0000000k2t-img/pj0013_06.jpg]
[www.nikken.co.jp/en/projects/p4iusj0000000k2t-img/pj0013_07.jpg]
[www.nikken.co.jp/en/projects/p4iusj0000000k2t-img/pj0013_08.jpg]
[www.nikken.co.jp/en/projects/p4iusj0000000k2t-img/pj0013_09.jpg]
[www.nikken.co.jp/en/projects/cultural/guangzhou_library.html]
[www.nikken.co.jp/en/projects/cultural/hoki_museum.html]
[www.nikken.co.jp/en/projects/cultural/saigon_exhibition_and_convention_center_hall_a.html]
[www.nikken.co.jp/en/about/people/p4iusj0000000utd-img/taro_nakamoto_ogp.jpg]
[www.nikken.co.jp/en/about/people/p4iusj0000000utd-img/taro_nakamoto_main.jpg]
[www.nikken.co.jp/en/about/people/taro_nakamoto.html]
[www.nikken.co.jp/en/expertise/architectural_design/p4iusj0000001maa-img/p4iusj0000001mal.jpg]
[www.nikken.co.jp/en/expertise/architectural_design/p4iusj0000001maa-img/p4iusj0000001mam.jpg]
[www.nikken.co.jp/en/expertise/architectural_design/p4iusj0000001maa-img/p4iusj0000001mbh.jpg]
[www.nikken.co.jp/en/expertise/architectural_design/p4iusj0000001maa-img/p4iusj0000001mcp.jpg]
[www.nikken.co.jp/en/expertise/architectural_design/p4iusj0000001maa-img/p4iusj0000001mct.jpg]
[www.nikken.co.jp/en/expertise/architectural_design/p4iusj0000001maa-img/p4iusj0000001mdb.jpg]
[www.nikken.co.jp/en/about/people/sohei_kittaka.html]
[www.nikken.co.jp/en/about/people/p4iusj0000000vz9-img/000222-sohei_kittaka_tmb.jpg]
[www.nikken.co.jp/en/about/people/yasuhiro_arakawa.html]
[www.nikken.co.jp/en/about/people/p4iusj0000001cc6-img/000000-yasuhiro_arakawa_tmb.jpg]
[www.nikken.co.jp/en/expertise/architectural_design/a_design_process_that_created_150_volunteers.html]
[www.nikken.co.jp/en/expertise/architectural_design/tg1is20000004qmu-img/creating_one_from_zero_an_advanced_design_process_for_industrial_architecture_part1_ogp.jpg]
[www.nikken.co.jp/en/expertise/architectural_design/tg1is20000004qmu-img/creating_one_from_zero_an_advanced_design_process_for_industrial_architecture_part1_main.jpg]
[www.nikken.co.jp/en/expertise/architectural_design/tg1is20000004qmu-img/creating_one_from_zero_an_advanced_design_process_for_industrial_architecture_part1_sp.jpg]
[www.nikken.co.jp/en/expertise/architectural_design/tg1is20000004qmu-img/creating_one_from_zero_an_advanced_design_process_for_industrial_architecture_part2_01.jpg]
[www.nikken.co.jp/en/expertise/architectural_design/tg1is20000004qmu-img/creating_one_from_zero_an_advanced_design_process_for_industrial_architecture_part2_02.jpg]
[www.nikken.co.jp/en/expertise/architectural_design/tg1is20000004qmu-img/creating_one_from_zero_an_advanced_design_process_for_industrial_architecture_part2_03.jpg]
[www.nikken.co.jp/en/expertise/architectural_design/tg1is20000004qmu-img/creating_one_from_zero_an_advanced_design_process_for_industrial_architecture_part2_04.jpg]
[www.nikken.co.jp/en/expertise/architectural_design/creating_one_from_zero_an_advanced_design_process_for_industrial_architecture_part2.html]
[www.nikken.co.jp/en/about/people/p4iusj0000000una-img/000199-ko_isogimi.jpg]
[www.nikken.co.jp/en/about/people/p4iusj0000000una-img/000199-ko_isogimi_main.jpg]
[www.nikken.co.jp/en/about/people/ko_isogimi.html]
[www.nikken.co.jp/en/about/people/tg1is20000004ix2-img/shoji_tomita_ogp.jpg]
[www.nikken.co.jp/en/about/people/tg1is20000004ix2-img/shoji_tomita_main.jpg]
[www.nikken.co.jp/en/about/people/shoji_tomita.html]
[www.nikken.co.jp/en/about/people/tg1is20000004ixt-img/kiyotaka_kurosawa_ogp.jpg]
[www.nikken.co.jp/en/about/people/tg1is20000004ixt-img/kiyotaka_kurosawa_main.jpg]
[www.nikken.co.jp/en/about/people/kiyotaka_kurosawa.html]
[www.nikken.co.jp/en/about/people/p4iusj0000000uhl-img/000185-tadahiko_murao.jpg]
[www.nikken.co.jp/en/about/people/p4iusj0000000uhl-img/000185-tadahiko_murao_main.jpg]
[www.nikken.co.jp/en/about/people/tadahiko_murao.html]
[www.nikken.co.jp/en/about/people/p4iusj0000000uu3-img/takeyuki_katsuya_ogp.jpg]
[www.nikken.co.jp/en/about/people/p4iusj0000000uu3-img/takeyuki_katsuya_main.jpg]
[www.nikken.co.jp/en/about/people/takeyuki_katsuya.html]
[www.nikken.co.jp/en/about/people/p4iusj0000000vse-img/000228-yoshiiyuki_uchiyama_main.jpg]
[www.nikken.co.jp/en/about/people/yoshiyuki_uchiyama.html]
[www.nikken.co.jp/en/news/news/tg1is20000004tu1-img/20240327_ogp.jpg]
[www.nikken.co.jp/en/news/news/tg1is20000004tu1-img/20240327_01.jpg]
[www.nikken.co.jp/en/news/news/tg1is20000004tu1-img/20240327_02.jpg]
[www.nikken.co.jp/en/news/news/tg1is20000004tu1-img/20240327_03.jpg]
[www.nikken.co.jp/en/news/news/2024_03_27.html]
[www.nikken.co.jp/en/news/2020.html]
[www.nikken.co.jp/en/news/awards/2020.html]
[www.nikken.co.jp/en/news/2019.html]
[www.nikken.co.jp/en/news/news/2019.html]
[www.nikken.co.jp/en/news/awards/2019.html]
[www.nikken.co.jp/en/news/news/2024_03_14.html]
[www.nikken.co.jp/en/projects/tg1is2000000439j-img/pj0260_00_ogp.jpg]
[www.nikken.co.jp/en/projects/tg1is2000000439j-img/pj0260_00_top.jpg]
[www.nikken.co.jp/en/projects/tg1is2000000439j-img/pj0260_00_sp.jpg]
[www.nikken.co.jp/en/projects/tg1is2000000439j-img/pj0260_02.jpg]
[www.nikken.co.jp/en/projects/tg1is2000000439j-img/pj0260_03.jpg]
[www.nikken.co.jp/en/projects/tg1is2000000439j-img/pj0260_04.jpg]
[www.nikken.co.jp/en/projects/tg1is2000000439j-img/pj0260_05.jpg]
[www.nikken.co.jp/en/projects/tg1is2000000439j-img/pj0260_06.jpg]
[www.nikken.co.jp/en/projects/tg1is2000000439j-img/pj0260_07.jpg]
[www.nikken.co.jp/en/projects/tg1is2000000439j-img/pj0260_08.jpg]
[www.nikken.co.jp/en/projects/tg1is2000000439j-img/pj0260_09.jpg]
[www.nikken.co.jp/en/projects/tg1is2000000439j-img/pj0260_10.jpg]
[www.nikken.co.jp/en/projects/tg1is2000000439j-img/pj0260_11.jpg]
[www.nikken.co.jp/en/projects/sports/waseda_university_honjo_senior_high_school_gymnasium.html]
[www.nikken.co.jp/en/projects/cultural/hirakata_performing_and_visual_arts_center.html]
[www.nikken.co.jp/en/projects/p4iusj0000001gt1-img/pj0028_00_top.jpg]
[www.nikken.co.jp/en/projects/p4iusj0000001gt1-img/pj0028_02.jpg]
[www.nikken.co.jp/en/projects/p4iusj0000001gt1-img/pj0028_03.jpg]
[www.nikken.co.jp/en/projects/p4iusj0000001gt1-img/pj0028_04.jpg]
[www.nikken.co.jp/en/projects/p4iusj0000001gt1-img/pj0028_05.jpg]
[www.nikken.co.jp/en/projects/p4iusj0000001gt1-img/pj0028_06.jpg]
[www.nikken.co.jp/en/projects/p4iusj0000001gt1-img/pj0028_07.jpg]
[www.nikken.co.jp/en/projects/sports/tokyo_dome.html]
[www.nikken.co.jp/en/projects/cultural/goei_hall_shinshu_higashi_honganji.html]
[www.nikken.co.jp/en/news/awards/tg1is200000006vu-img/20181122_award.jpg]
[www.nikken.co.jp/en/projects/education/chofu_campus_of_toho_gakuen_school_of_music78f7.html]
[www.nikken.co.jp/en/news/awards/2018_11_22.html]
[www.nikken.co.jp/en/news/news/2018_11_20.html]
[www.nikken.co.jp/en/news/news/2018_12_05.html]
[www.nikken.co.jp/en/news/news/2018_12_05_02.html]
[www.nikken.co.jp/en/projects/tg1is2000000322h-img/pj0228_00_ogp.jpg]
[www.nikken.co.jp/en/projects/tg1is2000000322h-img/pj0228_00_top.jpg]
[www.nikken.co.jp/en/projects/tg1is2000000322h-img/pj0228_00_sp.jpg]
[www.nikken.co.jp/en/projects/tg1is2000000322h-img/pj0228_02.jpg]
[www.nikken.co.jp/en/projects/tg1is2000000322h-img/pj0228_03.jpg]
[www.nikken.co.jp/en/projects/tg1is2000000322h-img/pj0228_04.jpg]
[www.nikken.co.jp/en/projects/tg1is2000000322h-img/pj0228_05.jpg]
[www.nikken.co.jp/en/projects/tg1is2000000322h-img/pj0228_06.jpg]
[www.nikken.co.jp/en/projects/tg1is2000000322h-img/pj0228_07.jpg]
[www.nikken.co.jp/en/projects/tg1is2000000322h-img/pj0228_08.jpg]
[www.nikken.co.jp/en/projects/tg1is2000000322h-img/pj0228_09.jpg]
[www.nikken.co.jp/en/projects/tg1is2000000322h-img/pj0228_10.jpg]
[www.nikken.co.jp/en/projects/tg1is2000000322h-img/pj0228_11.jpg]
[www.nikken.co.jp/en/projects/tg1is2000000322h-img/tmb.jpg]
[www.nikken.co.jp/en/projects/mixed_use/tokyo_midtown_hibiya.html]
[www.nikken.co.jp/en/projects/mixed_use/shibuya_scramble_square_the_first_phases.html]
[www.nikken.co.jp/en/projects/tg1is2000000314v-img/pj0227_00_ogp.jpg]
[www.nikken.co.jp/en/projects/tg1is2000000314v-img/pj0227_00_top.jpg]
[www.nikken.co.jp/en/projects/tg1is2000000314v-img/pj0227_00_sp.jpg]
[www.nikken.co.jp/en/projects/tg1is2000000314v-img/pj0227_02.jpg]
[www.nikken.co.jp/en/projects/tg1is2000000314v-img/pj0227_03.jpg]
[www.nikken.co.jp/en/projects/tg1is2000000314v-img/pj0227_04.jpg]
[www.nikken.co.jp/en/projects/tg1is2000000314v-img/pj0227_05.jpg]
[www.nikken.co.jp/en/projects/tg1is2000000314v-img/pj0227_06.jpg]
[www.nikken.co.jp/en/projects/tg1is2000000314v-img/pj0227_07.jpg]
[www.nikken.co.jp/en/projects/tg1is2000000314v-img/pj0227_08.jpg]
[www.nikken.co.jp/en/projects/mixed_use/burj_al_alam.html]
[www.nikken.co.jp/en/projects/highrise/tokyo_sky_tree.html]
[www.nikken.co.jp/en/news/news/tg1is20000001ppm-img/20191206_ogp.jpg]
[www.nikken.co.jp/en/news/news/tg1is20000001ppm-img/20191206.jpg]
[www.nikken.co.jp/en/news/news/2019_12_02_02.html]
[www.nikken.co.jp/en/news/news/2019_12_06.html]
[www.nikken.co.jp/en/news/news/2019_12_06_02.html]
[www.nikken.co.jp/en/projects/tg1is200000037np-img/pj0230_00_ogp.jpg]
[www.nikken.co.jp/en/projects/tg1is200000037np-img/pj0230_00_top.jpg]
[www.nikken.co.jp/en/projects/tg1is200000037np-img/pj0230_00_sp.jpg]
[www.nikken.co.jp/en/projects/tg1is200000037np-img/pj0230_02.jpg]
[www.nikken.co.jp/en/projects/tg1is200000037np-img/pj0230_03.jpg]
[www.nikken.co.jp/en/projects/tg1is200000037np-img/pj0230_04.jpg]
[www.nikken.co.jp/en/projects/tg1is200000037np-img/pj0230_05.jpg]
[www.nikken.co.jp/en/projects/tg1is200000037np-img/pj0230_06.jpg]
[www.nikken.co.jp/en/projects/tg1is200000037np-img/pj0230_07.jpg]
[www.nikken.co.jp/en/projects/tg1is200000037np-img/pj0230_08.jpg]
[www.nikken.co.jp/en/projects/tg1is200000037np-img/pj0230_09.jpg]
[www.nikken.co.jp/en/projects/tg1is200000037np-img/pj0230_10.jpg]
[www.nikken.co.jp/en/projects/tg1is200000037np-img/pj0229_01_tmb.jpg]
[www.nikken.co.jp/en/projects/tg1is200000037np-img/pj0231_01_tmb.jpg]
[www.nikken.co.jp/en/projects/highrise/shibuya_scramble_square_the_first_phases.html]
[www.nikken.co.jp/en/news/news/2020_01_29.html]
[www.nikken.co.jp/en/projects/commercial_retail/shibuya_scramble_square_the_first_phases.html]
[www.nikken.co.jp/en/projects/commercial_retail/iliv.html]
[www.nikken.co.jp/en/insights/tg1is20000003htf-img/talk_hotels_ogp.jpg]
[www.nikken.co.jp/en/insights/tg1is20000003htf-img/talk_hotels_main.jpg]
[www.nikken.co.jp/en/insights/tg1is20000003htf-img/talk_hotels_sp.jpg]
[www.nikken.co.jp/en/insights/tg1is20000003htf-img/talk_hotels_01.jpg]
[www.nikken.co.jp/en/insights/tg1is20000003htf-img/talk_hotels_02.jpg]
[www.nikken.co.jp/en/insights/tg1is20000003htf-img/talk_hotels_03.jpg]
[www.nikken.co.jp/en/insights/tg1is20000003htf-img/talk_hotels_04.jpg]
[www.nikken.co.jp/en/insights/tg1is20000003htf-img/talk_hotels_05.jpg]
[www.nikken.co.jp/en/insights/tg1is20000003htf-img/talk_hotels_06.jpg]
[www.nikken.co.jp/en/insights/tg1is20000003htf-img/talk_hotels_07.jpg]
[www.nikken.co.jp/en/insights/tg1is20000003htf-img/talk_hotels_08.jpg]
[www.nikken.co.jp/en/insights/tg1is20000003htf-img/tomohiko_sawayanagi.jpg]
[www.nikken.co.jp/en/insights/tg1is20000003htf-img/hiroaki_otani.jpg]
[www.nikken.co.jp/en/insights/talk_hotels.html]
[www.nikken.co.jp/en/insights/innovation.html]
[www.nikken.co.jp/en/insights/super_eco_school.html]
[www.nikken.co.jp/en/projects/tg1is20000004tef-img/pj0293_00_ogp.jpg]
[www.nikken.co.jp/en/projects/tg1is20000004tef-img/pj0293_00_top.jpg]
[www.nikken.co.jp/en/projects/tg1is20000004tef-img/pj0293_00_sp.jpg]
[www.nikken.co.jp/en/projects/tg1is20000004tef-img/pj0293_02.jpg]
[www.nikken.co.jp/en/projects/tg1is20000004tef-img/pj0293_03.jpg]
[www.nikken.co.jp/en/projects/tg1is20000004tef-img/pj0293_04.png]
[www.nikken.co.jp/en/projects/tg1is20000004tef-img/pj0293_05.jpg]
[www.nikken.co.jp/en/projects/tg1is20000004tef-img/pj0293_06.jpg]
[www.nikken.co.jp/en/projects/tg1is20000004tef-img/pj0293_07.jpg]
[www.nikken.co.jp/en/projects/tg1is20000004tef-img/pj0293_08.jpg]
[www.nikken.co.jp/en/projects/tg1is20000004tef-img/pj0293_09.jpg]
[www.nikken.co.jp/en/projects/tg1is20000004tef-img/pj0293_10.jpg]
[www.nikken.co.jp/en/projects/tg1is20000004tef-img/pj0293_11.jpg]
[www.nikken.co.jp/en/projects/tg1is20000004tef-img/pj0293_12.png]
[www.nikken.co.jp/en/projects/interior_design/keikyu_ex_hotel_sapporo.html]
[www.nikken.co.jp/en/projects/interior_design/sumisho_interior_international_orgatec_tokyo_2023_exhibition_booth.html]
[www.nikken.co.jp/en/projects/tg1is20000003y69-img/pj0216_00_ogp.jpg]
[www.nikken.co.jp/en/projects/tg1is20000003y69-img/pj0216_00_top.jpg]
[www.nikken.co.jp/en/projects/tg1is20000003y69-img/pj0216_00_sp.jpg]
[www.nikken.co.jp/en/projects/tg1is20000003y69-img/pj0216_02.jpg]
[www.nikken.co.jp/en/projects/tg1is20000003y69-img/pj0216_03.jpg]
[www.nikken.co.jp/en/projects/tg1is20000003y69-img/pj0216_04.jpg]
[www.nikken.co.jp/en/projects/tg1is20000003y69-img/pj0216_05.jpg]
[www.nikken.co.jp/en/projects/tg1is20000003y69-img/pj0216_06.jpg]
[www.nikken.co.jp/en/projects/tg1is20000003y69-img/pj0216_07.jpg]
[www.nikken.co.jp/en/projects/tg1is20000003y69-img/pj0216_08.jpg]
[www.nikken.co.jp/en/projects/tg1is20000003y69-img/pj0216_09.jpg]
[www.nikken.co.jp/en/projects/tg1is20000003y69-img/pj0216_10.jpg]
[www.nikken.co.jp/en/projects/tg1is20000003y69-img/pj0216_11.jpg]
[www.nikken.co.jp/en/projects/tg1is20000003y69-img/pj0216_12.jpg]
[www.nikken.co.jp/en/projects/education/busan_university_of_foreign_studies_namsan_dong_campus.html]
[www.nikken.co.jp/en/projects/education/matsuyama_university_bunkyo_campus.html]
[www.nikken.co.jp/en/expertise/landscape_design/tg1is20000004nz4-img/granroof_garden_ogp.jpg]
[www.nikken.co.jp/en/expertise/landscape_design/tg1is20000004nz4-img/granroof_garden_main.jpg]
[www.nikken.co.jp/en/expertise/landscape_design/tg1is20000004nz4-img/granroof_garden_sp.jpg]
[www.nikken.co.jp/en/expertise/landscape_design/tg1is20000004nz4-img/granroof_garden_01.jpg]
[www.nikken.co.jp/en/expertise/landscape_design/tg1is20000004nz4-img/granroof_garden_02.jpg]
[www.nikken.co.jp/en/expertise/landscape_design/tg1is20000004nz4-img/granroof_garden_03.jpg]
[www.nikken.co.jp/en/expertise/landscape_design/tg1is20000004nz4-img/granroof_garden_04.gif]
[www.nikken.co.jp/en/expertise/landscape_design/tg1is20000004nz4-img/granroof_garden_05.jpg]
[www.nikken.co.jp/en/expertise/landscape_design/tg1is20000004nz4-img/granroof_garden_06.jpg]
[www.nikken.co.jp/en/expertise/landscape_design/tg1is20000004nz4-img/granroof_garden_07.jpg]
[www.nikken.co.jp/en/projects/transit_oriented_development/tokyo_station_yaesu_development_granroof_grantokyo_north_tower.html]
[www.nikken.co.jp/en/about/people/hiroshi_nishikiori.html]
[www.nikken.co.jp/en/about/people/tg1is20000004o4p-img/hiroshi_nishikiori_tmb.jpg]
[www.nikken.co.jp/en/expertise/landscape_design/granroof_garden.html]
[www.nikken.co.jp/en/projects/tg1is20000002z9n-img/pj0211_00_top.jpg]
[www.nikken.co.jp/en/projects/tg1is20000002z9n-img/pj0211_00_sp.jpg]
[www.nikken.co.jp/en/projects/tg1is20000002z9n-img/pj0211_02.jpg]
[www.nikken.co.jp/en/projects/tg1is20000002z9n-img/pj0211_03.jpg]
[www.nikken.co.jp/en/projects/tg1is20000002z9n-img/pj0211_04.jpg]
[www.nikken.co.jp/en/projects/tg1is20000002z9n-img/pj0211_05.jpg]
[www.nikken.co.jp/en/projects/urban_design_and_planning/dlf_downtown_gurugram.html]
[www.nikken.co.jp/en/projects/urban_design_and_planning/krisumi_city.html]
[www.nikken.co.jp/en/projects/tg1is200000030vs-img/pj0230_00_ogp.jpg]
[www.nikken.co.jp/en/projects/tg1is200000030vs-img/pj0230_00_main.jpg]
[www.nikken.co.jp/en/projects/tg1is200000030vs-img/pj0230_00_sp.jpg]
[www.nikken.co.jp/en/projects/tg1is200000030vs-img/pj0230_02.jpg]
[www.nikken.co.jp/en/projects/tg1is200000030vs-img/pj0230_03.jpg]
[www.nikken.co.jp/en/projects/tg1is200000030vs-img/pj0230_04.jpg]
[www.nikken.co.jp/en/projects/tg1is200000030vs-img/pj0230_05.jpg]
[www.nikken.co.jp/en/projects/tg1is200000030vs-img/pj0230_06.jpg]
[www.nikken.co.jp/en/projects/tg1is200000030vs-img/pj0230_07.jpg]
[www.nikken.co.jp/en/projects/tg1is200000030vs-img/pj0230_08.jpg]
[www.nikken.co.jp/en/projects/tg1is200000030vs-img/pj0230_09.jpg]
[www.nikken.co.jp/en/projects/tg1is200000030vs-img/pj0230_10.jpg]
[www.nikken.co.jp/en/projects/tg1is200000030vs-img/pj0230_11.jpg]
[www.nikken.co.jp/en/projects/hospitality/mgh.html]
[www.nikken.co.jp/en/projects/hospitality/solaria_nishitetsu_hotel_kyoto_premier.html]
[www.nikken.co.jp/en/expertise/mep_engineering/tg1is20000002uqv-img/bim_ogp.jpg]
[www.nikken.co.jp/en/expertise/mep_engineering/tg1is20000002uqv-img/bim_main.jpg]
[www.nikken.co.jp/en/expertise/mep_engineering/tg1is20000002uqv-img/bim_sp.jpg]
[www.nikken.co.jp/en/expertise/mep_engineering/tg1is20000002uqv-img/bim_01.jpg]
[www.nikken.co.jp/en/expertise/mep_engineering/tg1is20000002uqv-img/bim_02.jpg]
[www.nikken.co.jp/en/expertise/mep_engineering/tg1is20000002uqv-img/bim_03.jpg]
[www.nikken.co.jp/en/expertise/mep_engineering/tg1is20000002uqv-img/bim_04.jpg]
[www.nikken.co.jp/en/expertise/mep_engineering/tg1is20000002uqv-img/bim_05.jpg]
[www.nikken.co.jp/en/expertise/mep_engineering/tg1is20000002uqv-img/border.gif]
[www.nikken.co.jp/en/expertise/mep_engineering/tg1is20000002uqv-img/bim_06.jpg]
[www.nikken.co.jp/en/expertise/mep_engineering/tg1is20000002uqv-img/bim_06sp.jpg]
[www.nikken.co.jp/en/expertise/mep_engineering/tg1is20000002uqv-img/bim_07.jpg]
[www.nikken.co.jp/en/expertise/mep_engineering/tg1is20000002uqv-img/bim_07sp.jpg]
[www.nikken.co.jp/en/expertise/mep_engineering/tg1is20000002uqv-img/bim_08.jpg]
[www.nikken.co.jp/en/expertise/mep_engineering/tg1is20000002uqv-img/bim_09.jpg]
[www.nikken.co.jp/en/expertise/mep_engineering/tg1is20000002uqv-img/bim_10.jpg]
[www.nikken.co.jp/en/expertise/mep_engineering/tg1is20000002uqv-img/bim_11.jpg]
[www.nikken.co.jp/en/expertise/mep_engineering/tg1is20000002uqv-img/bim_12.jpg]
[www.nikken.co.jp/en/expertise/mep_engineering/tg1is20000002uqv-img/bim_13.jpg]
[www.nikken.co.jp/en/expertise/mep_engineering/tg1is20000002uqv-img/bim_14.jpg]
[www.nikken.co.jp/en/expertise/mep_engineering/tg1is20000002uqv-img/bim_15.jpg]
[www.nikken.co.jp/en/expertise/mep_engineering/tg1is20000002uqv-img/bim_16.jpg]
[www.nikken.co.jp/en/expertise/mep_engineering/tg1is20000002uqv-img/bim_17.jpg]
[www.nikken.co.jp/en/expertise/mep_engineering/tg1is20000002uqv-img/bim_18.jpg]
[www.nikken.co.jp/en/expertise/mep_engineering/tg1is20000002uqv-img/bim_19.jpg]
[www.nikken.co.jp/en/expertise/mep_engineering/bim.html]
[www.nikken.co.jp/en/expertise/mep_engineering/zero_water_building.html]
[www.nikken.co.jp/en/expertise/mep_engineering/tg1is20000002tcv-img/biophilia_ogp.jpg]
[www.nikken.co.jp/en/expertise/mep_engineering/tg1is20000002tcv-img/biophilia_main.jpg]
[www.nikken.co.jp/en/expertise/mep_engineering/tg1is20000002tcv-img/biophilia_sp.jpg]
[www.nikken.co.jp/en/expertise/mep_engineering/tg1is20000002tcv-img/biophilia_01.jpg]
[www.nikken.co.jp/en/expertise/mep_engineering/tg1is20000002tcv-img/biophilia_02.jpg]
[www.nikken.co.jp/en/expertise/mep_engineering/tg1is20000002tcv-img/biophilia_03.jpg]
[www.nikken.co.jp/en/expertise/mep_engineering/tg1is20000002tcv-img/biophilia_04.jpg]
[www.nikken.co.jp/en/expertise/mep_engineering/tg1is20000002tcv-img/biophilia_05.jpg]
[www.nikken.co.jp/en/expertise/mep_engineering/tg1is20000002tcv-img/biophilia_05sp.jpg]
[www.nikken.co.jp/en/expertise/mep_engineering/tg1is20000002tcv-img/biophilia_06.jpg]
[www.nikken.co.jp/en/expertise/mep_engineering/tg1is20000002tcv-img/biophilia_07.jpg]
[www.nikken.co.jp/en/expertise/mep_engineering/tg1is20000002tcv-img/biophilia_08.jpg]
[www.nikken.co.jp/en/expertise/mep_engineering/tg1is20000002tcv-img/biophilia_09.jpg]
[www.nikken.co.jp/en/expertise/mep_engineering/tg1is20000002tcv-img/biophilia_09sp.jpg]
[www.nikken.co.jp/en/expertise/mep_engineering/tg1is20000002tcv-img/related_project.gif]
[www.nikken.co.jp/en/expertise/mep_engineering/tg1is20000002tcv-img/abundant_harvests_on_office_building_rooftops_tmb.jpg]
[www.nikken.co.jp/en/expertise/mep_engineering/tg1is20000002tcv-img/tokyu_plaza_ginza.jpg]
[www.nikken.co.jp/en/expertise/mep_engineering/tg1is20000002tcv-img/coop_kyosai_plaza.jpg]
[www.nikken.co.jp/en/projects/office/coop_kyosai_plaza.html]
[www.nikken.co.jp/en/expertise/mep_engineering/tg1is20000002tcv-img/tg1is20000002thg.gif]
[www.nikken.co.jp/en/expertise/mep_engineering/tg1is20000002tcv-img/biophilia_10.jpg]
[www.nikken.co.jp/en/expertise/mep_engineering/tg1is20000002tcv-img/biophilia_11.jpg]
[www.nikken.co.jp/en/expertise/mep_engineering/tg1is20000002tcv-img/biophilia_12.jpg]
[www.nikken.co.jp/en/expertise/mep_engineering/tg1is20000002tcv-img/biophilia_13.jpg]
[www.nikken.co.jp/en/expertise/mep_engineering/tg1is20000002tcv-img/biophilia_14.jpg]
[www.nikken.co.jp/en/expertise/mep_engineering/tg1is20000002tcv-img/biophilia_15.jpg]
[www.nikken.co.jp/en/expertise/mep_engineering/tg1is20000002tcv-img/biophilia_16.jpg]
[www.nikken.co.jp/en/expertise/mep_engineering/tg1is20000002tcv-img/biophilia_17.jpg]
[www.nikken.co.jp/en/expertise/mep_engineering/tg1is20000002tcv-img/biophilia_17sp.jpg]
[www.nikken.co.jp/en/expertise/mep_engineering/tg1is20000002tcv-img/biophilia_18.jpg]
[www.nikken.co.jp/en/expertise/mep_engineering/tg1is20000002tcv-img/biophilia_18sp.jpg]
[www.nikken.co.jp/en/expertise/mep_engineering/tg1is20000002tcv-img/biophilia_19.jpg]
[www.nikken.co.jp/en/expertise/mep_engineering/tg1is20000002tcv-img/biophilia_20.jpg]
[www.nikken.co.jp/en/expertise/mep_engineering/tg1is20000002tcv-img/biophilia_21.jpg]
[www.nikken.co.jp/en/expertise/mep_engineering/biophilia.html]
[www.nikken.co.jp/en/insights/technology.html]
[www.nikken.co.jp/en/insights/customization.html]
[www.nikken.co.jp/en/expertise/mep_engineering/ceel_simulation.html]
[www.nikken.co.jp/en/insights/p4iusj000000137r-img/p4iusj0000001395.jpg]
[www.nikken.co.jp/en/insights/p4iusj000000137r-img/p4iusj0000001396.jpg]
[www.nikken.co.jp/en/insights/information.html]
[www.nikken.co.jp/en/insights/future.html]
[www.nikken.co.jp/en/insights/p4iusj000000137r-img/p4iusj00000013b6.jpg]
[www.nikken.co.jp/en/insights/p4iusj000000137r-img/p4iusj00000013c0.jpg]
[www.nikken.co.jp/en/insights/p4iusj000000137r-img/p4iusj00000013cl.jpg]
[www.nikken.co.jp/en/about/people/daisuke_tsunoda.html]
[www.nikken.co.jp/en/about/people/p4iusj00000019dy-img/daisuke_tsunoda_tmb.jpg]
[www.nikken.co.jp/en/insights/towards_an_era_of_opening_up_architectural_information_to_society.html]
[www.nikken.co.jp/en/insights/p4iusj00000010s6-img/main.jpg]
[www.nikken.co.jp/en/insights/p4iusj00000010s6-img/sp.jpg]
[www.nikken.co.jp/en/insights/creative.html]
[www.nikken.co.jp/en/insights/p4iusj00000010s6-img/p4iusj00000010ug.jpg]
[www.nikken.co.jp/en/insights/p4iusj00000010s6-img/p4iusj00000010vf.jpg]
[www.nikken.co.jp/en/about/people/susumu_horikawa.html]
[www.nikken.co.jp/en/about/people/p4iusj0000000uff-img/000174-susumu_horikawa_tmb.jpg]
[www.nikken.co.jp/en/insights/200_people_sowing_the_Seeds_of_creativity.html]
[www.nikken.co.jp/en/insights/smart_operation_building.html]
[www.nikken.co.jp/en/projects/p4iusj0000001gim-img/pj0026_00_top.jpg]
[www.nikken.co.jp/en/projects/p4iusj0000001gim-img/pj0026_02.jpg]
[www.nikken.co.jp/en/projects/p4iusj0000001gim-img/pj0026_03.jpg]
[www.nikken.co.jp/en/projects/p4iusj0000001gim-img/pj0026_04.jpg]
[www.nikken.co.jp/en/projects/p4iusj0000001gim-img/pj0026_05.jpg]
[www.nikken.co.jp/en/projects/p4iusj0000001gim-img/pj0026_06.jpg]
[www.nikken.co.jp/en/projects/p4iusj0000001gim-img/pj0026_07.jpg]
[www.nikken.co.jp/en/projects/p4iusj0000001gim-img/pj0026_08.jpg]
[www.nikken.co.jp/en/projects/p4iusj0000001gim-img/pj0026_09.jpg]
[www.nikken.co.jp/en/projects/cultural/hyogo_performing_arts_center.html]
[www.nikken.co.jp/en/projects/p4iusj0000000law-img/pj0027_00_top.jpg]
[www.nikken.co.jp/en/projects/p4iusj0000000law-img/pj0027_02.jpg]
[www.nikken.co.jp/en/projects/p4iusj0000000law-img/pj0027_03.jpg]
[www.nikken.co.jp/en/projects/p4iusj0000000law-img/pj0027_04.jpg]
[www.nikken.co.jp/en/projects/p4iusj0000000law-img/pj0027_05.jpg]
[www.nikken.co.jp/en/projects/p4iusj0000000law-img/pj0027_06.jpg]
[www.nikken.co.jp/en/projects/p4iusj0000000law-img/pj0027_07.jpg]
[www.nikken.co.jp/en/projects/sports/denka_big_swan_stadium.html]
[www.nikken.co.jp/en/projects/cultural/miraikan_the_national_museum_of_emerging_science_and_innovation.html]
[www.nikken.co.jp/en/projects/p4iusj0000000lsw-img/pj0033_00_top.jpg]
[www.nikken.co.jp/en/projects/p4iusj0000000lsw-img/pj0033_02.jpg]
[www.nikken.co.jp/en/projects/p4iusj0000000lsw-img/pj0033_03.jpg]
[www.nikken.co.jp/en/projects/p4iusj0000000lsw-img/pj0033_04.jpg]
[www.nikken.co.jp/en/projects/p4iusj0000000lsw-img/pj0033_05.jpg]
[www.nikken.co.jp/en/projects/p4iusj0000000lsw-img/pj0033_06.jpg]
[www.nikken.co.jp/en/projects/p4iusj0000000lsw-img/pj0033_07.jpg]
[www.nikken.co.jp/en/projects/p4iusj0000000lsw-img/pj0033_08.jpg]
[www.nikken.co.jp/en/projects/cultural/guangzhou_library.html]
[www.nikken.co.jp/en/projects/cultural/akagane_museum.html]
[www.nikken.co.jp/en/projects/p4iusj0000000osm-img/pj0083_00_top.jpg]
[www.nikken.co.jp/en/projects/p4iusj0000000osm-img/pj0083_00_top_SP.jpg]
[www.nikken.co.jp/en/projects/p4iusj0000000osm-img/pj0083_02.jpg]
[www.nikken.co.jp/en/projects/p4iusj0000000osm-img/pj0083_03.jpg]
[www.nikken.co.jp/en/projects/p4iusj0000000osm-img/pj0083_04.jpg]
[www.nikken.co.jp/en/projects/p4iusj0000000osm-img/pj0083_05.jpg]
[www.nikken.co.jp/en/projects/cultural/saigon_exhibition_and_convention_center_hall_a.html]
[www.nikken.co.jp/en/about/people/p4iusj0000000vz9-img/000222-sohei_kittaka_main.jpg]
[www.nikken.co.jp/en/expertise/architectural_design/p4iusj0000001maa-img/p4iusj0000001man.jpg]
[www.nikken.co.jp/en/about/people/sohei_kittaka.html]
[www.nikken.co.jp/en/about/people/p4iusj0000001cc6-img/000000-yasuhiro_arakawa_main.jpg]
[www.nikken.co.jp/en/about/people/yasuhiro_arakawa.html]
[www.nikken.co.jp/en/news/news/tg1is20000004shq-img/20240314_ogp.jpg]
[www.nikken.co.jp/en/news/news/tg1is20000004shq-img/20240314_01.jpg]
[www.nikken.co.jp/en/news/news/tg1is20000004shq-img/20240314_02.jpg]
[www.nikken.co.jp/en/news/news/tg1is20000004shq-img/20240314_03.jpg]
[www.nikken.co.jp/en/news/news/2024_03_14.html]
[www.nikken.co.jp/en/news/news/2024_03_13.html]
[www.nikken.co.jp/en/projects/tg1is20000004hu7-img/pj080_00_ogp.jpg]
[www.nikken.co.jp/en/projects/tg1is20000004hu7-img/pj080_00_top.jpg]
[www.nikken.co.jp/en/projects/tg1is20000004hu7-img/pj080_00_sp.jpg]
[www.nikken.co.jp/en/projects/tg1is20000004hu7-img/pj080_02.jpg]
[www.nikken.co.jp/en/projects/tg1is20000004hu7-img/pj080_03.png]
[www.nikken.co.jp/en/projects/tg1is20000004hu7-img/pj080_04.jpg]
[www.nikken.co.jp/en/projects/tg1is20000004hu7-img/pj080_05.jpg]
[www.nikken.co.jp/en/projects/tg1is20000004hu7-img/pj080_06.jpg]
[www.nikken.co.jp/en/projects/tg1is20000004hu7-img/pj080_07.jpg]
[www.nikken.co.jp/en/projects/tg1is20000004hu7-img/pj080_08.jpg]
[www.nikken.co.jp/en/projects/tg1is20000004hu7-img/pj080_09.jpg]
[www.nikken.co.jp/en/projects/tg1is20000004hu7-img/pj080_10.jpg]
[www.nikken.co.jp/en/projects/tg1is20000004hu7-img/pj080_11.jpg]
[www.nikken.co.jp/en/projects/tg1is20000004hu7-img/pj080_12.jpg]
[www.nikken.co.jp/en/projects/tg1is20000004hu7-img/pj080_13.jpg]
[www.nikken.co.jp/en/projects/tg1is20000004hu7-img/pj080_14.jpg]
[www.nikken.co.jp/en/projects/tg1is20000004hu7-img/pj080_15.jpg]
[www.nikken.co.jp/en/projects/tg1is20000004hu7-img/pj080_16.jpg]
[www.nikken.co.jp/en/projects/tg1is20000004hu7-img/pj080_17.png]
[www.nikken.co.jp/en/projects/tg1is20000004hu7-img/pj080_18.png]
[www.nikken.co.jp/en/projects/tg1is20000004hu7-img/pj080_19.png]
[www.nikken.co.jp/en/projects/tg1is20000004hu7-img/pj080_20.png]
[www.nikken.co.jp/en/projects/cultural/hirakata_performing_and_visual_arts_center.html]
[www.nikken.co.jp/en/projects/cultural/arcrea_himeji.html]
[www.nikken.co.jp/en/projects/p4iusj0000000mwe-img/pj0039_00_top.jpg]
[www.nikken.co.jp/en/projects/p4iusj0000000mwe-img/pj0039_02.jpg]
[www.nikken.co.jp/en/projects/p4iusj0000000mwe-img/pj0039_03.jpg]
[www.nikken.co.jp/en/projects/p4iusj0000000mwe-img/pj0039_04.jpg]
[www.nikken.co.jp/en/projects/p4iusj0000000mwe-img/pj0039_05.jpg]
[www.nikken.co.jp/en/projects/p4iusj0000000mwe-img/pj0039_06.jpg]
[www.nikken.co.jp/en/projects/p4iusj0000000mwe-img/pj0039_07.jpg]
[www.nikken.co.jp/en/projects/p4iusj0000000mwe-img/pj0039_08.jpg]
[www.nikken.co.jp/en/projects/p4iusj0000000mwe-img/pj0039_09.jpg]
[www.nikken.co.jp/en/projects/cultural/goei_hall_shinshu_higashi_honganji.html]
[www.nikken.co.jp/en/projects/education/chofu_campus_of_toho_gakuen_school_of_music78f7.html]
[www.nikken.co.jp/en/news/news/2018_11_20.html]
[www.nikken.co.jp/en/news/news/2018_11_15.html]
[www.nikken.co.jp/en/news/news/2018_12_05_02.html]
[www.nikken.co.jp/en/news/news/2018_12_10.html]
[www.nikken.co.jp/en/projects/tg1is200000037sq-img/pj0229_00_ogp.jpg]
[www.nikken.co.jp/en/projects/tg1is200000037sq-img/pj0229_00_top.jpg]
[www.nikken.co.jp/en/projects/tg1is200000037sq-img/pj0229_00_sp.jpg]
[www.nikken.co.jp/en/projects/tg1is200000037sq-img/pj0229_02.jpg]
[www.nikken.co.jp/en/projects/tg1is200000037sq-img/pj0229_03.jpg]
[www.nikken.co.jp/en/projects/tg1is200000037sq-img/pj0229_04.jpg]
[www.nikken.co.jp/en/projects/tg1is200000037sq-img/pj0229_05.jpg]
[www.nikken.co.jp/en/projects/tg1is200000037sq-img/pj0229_06.jpg]
[www.nikken.co.jp/en/projects/tg1is200000037sq-img/pj0229_07.jpg]
[www.nikken.co.jp/en/projects/tg1is200000037sq-img/pj0229_08.jpg]
[www.nikken.co.jp/en/projects/tg1is200000037sq-img/pj0229_09.jpg]
[www.nikken.co.jp/en/projects/tg1is200000037sq-img/pj0229_10.jpg]
[www.nikken.co.jp/en/projects/tg1is200000037sq-img/pj0229_11.jpg]
[www.nikken.co.jp/en/projects/tg1is200000037sq-img/pj0230_01_tmb.jpg]
[www.nikken.co.jp/en/projects/tg1is200000037sq-img/pj0231_01_tmb.jpg]
[www.nikken.co.jp/en/projects/mixed_use/shibuya_scramble_square_the_first_phases.html]
[www.nikken.co.jp/en/projects/mixed_use/sakuramachi_kumamoto.html]
[www.nikken.co.jp/en/projects/p4iusj0000001fp8-img/pj0007_00_top.jpg]
[www.nikken.co.jp/en/projects/p4iusj0000001fp8-img/pj0007_02.jpg]
[www.nikken.co.jp/en/projects/p4iusj0000001fp8-img/pj0007_03.jpg]
[www.nikken.co.jp/en/projects/p4iusj0000001fp8-img/pj0007_04.jpg]
[www.nikken.co.jp/en/projects/p4iusj0000001fp8-img/pj0007_05.jpg]
[www.nikken.co.jp/en/projects/p4iusj0000001fp8-img/pj0007_06.jpg]
[www.nikken.co.jp/en/projects/p4iusj0000001fp8-img/pj0007_07.jpg]
[www.nikken.co.jp/en/projects/p4iusj0000001fp8-img/pj0007_08.jpg]
[www.nikken.co.jp/en/projects/highrise/tokyo_sky_tree.html]
[www.nikken.co.jp/en/news/news/tg1is20000001hyh-img/20191202_02_ogp.jpg]
[www.nikken.co.jp/en/news/news/tg1is20000001hyh-img/20191202_02_01.jpg]
[www.nikken.co.jp/en/news/news/tg1is20000001hyh-img/20191202_02_02.jpg]
[www.nikken.co.jp/en/news/news/2019_12_02_02.html]
[www.nikken.co.jp/en/news/news/2019_12_02_01.html]
[www.nikken.co.jp/en/news/news/tg1is20000001ubv-img/20191206_02_ogp.jpg]
[www.nikken.co.jp/en/news/news/tg1is20000001ubv-img/20191206_02.jpg]
[www.nikken.co.jp/en/news/news/2019_12_06_02.html]
[www.nikken.co.jp/en/news/awards/2019_12_10.html]
[www.nikken.co.jp/en/projects/tg1is200000037xf-img/pj0231_00_ogp.jpg]
[www.nikken.co.jp/en/projects/tg1is200000037xf-img/pj0231_00_top.jpg]
[www.nikken.co.jp/en/projects/tg1is200000037xf-img/pj0231_00_sp.jpg]
[www.nikken.co.jp/en/projects/tg1is200000037xf-img/pj0231_02.jpg]
[www.nikken.co.jp/en/projects/tg1is200000037xf-img/pj0231_03.jpg]
[www.nikken.co.jp/en/projects/tg1is200000037xf-img/pj0231_04.jpg]
[www.nikken.co.jp/en/projects/tg1is200000037xf-img/pj0231_05.jpg]
[www.nikken.co.jp/en/projects/tg1is200000037xf-img/pj0231_06.jpg]
[www.nikken.co.jp/en/projects/tg1is200000037xf-img/pj0231_07.jpg]
[www.nikken.co.jp/en/projects/tg1is200000037xf-img/pj0231_08.jpg]
[www.nikken.co.jp/en/projects/tg1is200000037xf-img/pj0231_09.jpg]
[www.nikken.co.jp/en/projects/tg1is200000037xf-img/pj0231_10.jpg]
[www.nikken.co.jp/en/projects/tg1is200000037xf-img/pj0230_01_tmb.jpg]
[www.nikken.co.jp/en/projects/tg1is200000037xf-img/pj0229_01_tmb.jpg]
[www.nikken.co.jp/en/projects/highrise/w350.html]
[www.nikken.co.jp/en/projects/highrise/shibuya_scramble_square_the_first_phases.html]
[www.nikken.co.jp/en/projects/cool_city_and_eco-towers.html]
[www.nikken.co.jp/en/news/news/tg1is20000002pwl-img/20200129_ogp.jpg]
[www.nikken.co.jp/en/news/news/tg1is20000002pwl-img/20200129_01.jpg]
[www.nikken.co.jp/en/news/news/tg1is20000002pwl-img/20200129_02.jpg]
[www.nikken.co.jp/en/news/news/tg1is20000002pwl-img/20200129_03.jpg]
[www.nikken.co.jp/en/news/news/tg1is20000002pwl-img/20200129_04.jpg]
[www.nikken.co.jp/en/news/news/tg1is20000002pwl-img/20200129_05.jpg]
[www.nikken.co.jp/en/news/news/tg1is20000002pwl-img/20200129_06.jpg]
[www.nikken.co.jp/en/news/news/tg1is20000002pwl-img/20200129_07.jpg]
[www.nikken.co.jp/en/news/news/tg1is20000002pwl-img/20200129_08.jpg]
[www.nikken.co.jp/en/news/news/tg1is20000002pwl-img/20200129_09.jpg]
[www.nikken.co.jp/en/news/news/tg1is20000002pwl-img/20200129_10.jpg]
[www.nikken.co.jp/en/news/news/tg1is20000002pwl-img/20200129_11.jpg]
[www.nikken.co.jp/en/news/news/tg1is20000002pwl-img/20200129_12.jpg]
[www.nikken.co.jp/en/news/news/tg1is20000002pwl-img/20200129_13.jpg]
[www.nikken.co.jp/en/news/news/2019_12_11.html]
[www.nikken.co.jp/en/news/news/2020_01_29.html]
[www.nikken.co.jp/en/news/news/2020_01_30.html]
[www.nikken.co.jp/en/projects/tg1is200000039un-img/pj0232_00_top.jpg]
[www.nikken.co.jp/en/projects/tg1is200000039un-img/pj0232_00_sp.jpg]
[www.nikken.co.jp/en/projects/tg1is200000039un-img/pj0232_02.jpg]
[www.nikken.co.jp/en/projects/tg1is200000039un-img/pj0232_03.jpg]
[www.nikken.co.jp/en/projects/tg1is200000039un-img/pj0232_04.jpg]
[www.nikken.co.jp/en/projects/tg1is200000039un-img/pj0232_05.jpg]
[www.nikken.co.jp/en/projects/tg1is200000039un-img/pj0232_06.jpg]
[www.nikken.co.jp/en/projects/tg1is200000039un-img/pj0232_07.jpg]
[www.nikken.co.jp/en/projects/commercial_retail/iliv.html]
[www.nikken.co.jp/en/projects/commercial_retail/sakuramachi_kumamoto.html]
[www.nikken.co.jp/en/insights/tg1is20000003jbh-img/super-eco-school-ogp.jpg]
[www.nikken.co.jp/en/insights/tg1is20000003jbh-img/super-eco-school-main.jpg]
[www.nikken.co.jp/en/insights/tg1is20000003jbh-img/super-eco-school-sp.jpg]
[www.nikken.co.jp/en/insights/tg1is20000003jbh-img/super-eco-school-01.jpg]
[www.nikken.co.jp/en/insights/tg1is20000003jbh-img/super-eco-school-03.jpg]
[www.nikken.co.jp/en/insights/tg1is20000003jbh-img/super-eco-school-02.jpg]
[www.nikken.co.jp/en/insights/tg1is20000003jbh-img/super-eco-school-04.jpg]
[www.nikken.co.jp/en/insights/tg1is20000003jbh-img/super-eco-school-05.jpg]
[www.nikken.co.jp/en/insights/tg1is20000003jbh-img/super-eco-school-06.jpg]
[www.nikken.co.jp/en/insights/tg1is20000003jbh-img/super-eco-school-07.jpg]
[www.nikken.co.jp/en/insights/tg1is20000003jbh-img/super-eco-school-08.jpg]
[www.nikken.co.jp/en/insights/tg1is20000003jbh-img/super-eco-school-09.jpg]
[www.nikken.co.jp/en/insights/tg1is20000003jbh-img/super-eco-school-10.jpg]
[www.nikken.co.jp/en/insights/tg1is20000003jbh-img/super-eco-school-11.jpg]
[www.nikken.co.jp/en/insights/tg1is20000003jbh-img/super-eco-school-hiroaki-tanaka.jpg]
[www.nikken.co.jp/en/insights/tg1is20000003jbh-img/super-eco-school-kenji-murai.jpg]
[www.nikken.co.jp/en/insights/super_eco_school.html]
[www.nikken.co.jp/en/insights/talk_office.html]
[www.nikken.co.jp/en/projects/tg1is20000004tja-img/pj0294_00_ogp.jpg]
[www.nikken.co.jp/en/projects/tg1is20000004tja-img/pj0294_00_top.jpg]
[www.nikken.co.jp/en/projects/tg1is20000004tja-img/pj0294_00_sp.jpg]
[www.nikken.co.jp/en/projects/tg1is20000004tja-img/pj0294_02.jpg]
[www.nikken.co.jp/en/projects/tg1is20000004tja-img/pj0294_03.png]
[www.nikken.co.jp/en/projects/tg1is20000004tja-img/pj0294_04.png]
[www.nikken.co.jp/en/projects/tg1is20000004tja-img/pj0294_05.png]
[www.nikken.co.jp/en/projects/tg1is20000004tja-img/pj0294_06.png]
[www.nikken.co.jp/en/projects/tg1is20000004tja-img/pj0294_07.png]
[www.nikken.co.jp/en/projects/tg1is20000004tja-img/pj0294_08.png]
[www.nikken.co.jp/en/projects/tg1is20000004tja-img/pj0294_09.png]
[www.nikken.co.jp/en/projects/interior_design/sumisho_interior_international_orgatec_tokyo_2023_exhibition_booth.html]
[www.nikken.co.jp/en/projects/interior_design/balmuda_the_store_aoyama.html]
[www.nikken.co.jp/en/projects/tg1is20000003zes-img/pj0218_00_ogp.jpg]
[www.nikken.co.jp/en/projects/tg1is20000003zes-img/pj0218_00_top.jpg]
[www.nikken.co.jp/en/projects/tg1is20000003zes-img/pj0218_00_sp.jpg]
[www.nikken.co.jp/en/projects/tg1is20000003zes-img/pj0218_02.jpg]
[www.nikken.co.jp/en/projects/tg1is20000003zes-img/pj0218_03.jpg]
[www.nikken.co.jp/en/projects/tg1is20000003zes-img/pj0218_04.jpg]
[www.nikken.co.jp/en/projects/tg1is20000003zes-img/pj0218_05.jpg]
[www.nikken.co.jp/en/projects/tg1is20000003zes-img/pj0218_06.jpg]
[www.nikken.co.jp/en/projects/tg1is20000003zes-img/pj0218_07.jpg]
[www.nikken.co.jp/en/projects/tg1is20000003zes-img/pj0218_08.jpg]
[www.nikken.co.jp/en/projects/tg1is20000003zes-img/pj0218_09.jpg]
[www.nikken.co.jp/en/projects/education/matsuyama_university_bunkyo_campus.html]
[www.nikken.co.jp/en/projects/education/tokyo_university_of_science.html]
[www.nikken.co.jp/en/projects/p4iusj0000000l6e-img/pj0024_00_top.jpg]
[www.nikken.co.jp/en/projects/p4iusj0000000l6e-img/p4iusj0000000l6q.jpg]
[www.nikken.co.jp/en/projects/p4iusj0000000l6e-img/pj0024_02.jpg]
[www.nikken.co.jp/en/projects/p4iusj0000000l6e-img/pj0024_03.jpg]
[www.nikken.co.jp/en/projects/p4iusj0000000l6e-img/pj0024_04.jpg]
[www.nikken.co.jp/en/projects/p4iusj0000000l6e-img/pj0024_05.jpg]
[www.nikken.co.jp/en/projects/p4iusj0000000l6e-img/pj0024_06.jpg]
[www.nikken.co.jp/en/projects/p4iusj0000000l6e-img/pj0024_07.jpg]
[www.nikken.co.jp/en/projects/p4iusj0000000l6e-img/pj0024_08.jpg]
[www.nikken.co.jp/en/projects/transit_oriented_development/tokyo_station_yaesu_development_granroof_grantokyo_north_tower.html]
[www.nikken.co.jp/en/projects/mixed_use/grand_front_osaka.html]
[www.nikken.co.jp/en/about/people/tg1is20000004o4p-img/hiroshi_nishikiori_ogp.jpg]
[www.nikken.co.jp/en/about/people/tg1is20000004o4p-img/hiroshi_nishikiori_main.jpg]
[www.nikken.co.jp/en/about/people/hiroshi_nishikiori.html]
[www.nikken.co.jp/en/projects/tg1is20000002z4u-img/pj0211_00_ogp.jpg]
[www.nikken.co.jp/en/projects/tg1is20000002z4u-img/pj0211_00_top.jpg]
[www.nikken.co.jp/en/projects/tg1is20000002z4u-img/pj0211_00_sp.jpg]
[www.nikken.co.jp/en/projects/tg1is20000002z4u-img/pj0211_02.jpg]
[www.nikken.co.jp/en/projects/tg1is20000002z4u-img/pj0211_03.jpg]
[www.nikken.co.jp/en/projects/tg1is20000002z4u-img/pj0211_04.png]
[www.nikken.co.jp/en/projects/tg1is20000002z4u-img/pj0211_05.jpg]
[www.nikken.co.jp/en/projects/urban_design_and_planning/krisumi_city.html]
[www.nikken.co.jp/en/projects/urban_design_and_planning/chengdu_north_station_cbd.html]
[www.nikken.co.jp/en/projects/tg1is200000030r6-img/pj0229_00_ogp.jpg]
[www.nikken.co.jp/en/projects/tg1is200000030r6-img/pj0229_00_main.jpg]
[www.nikken.co.jp/en/projects/tg1is200000030r6-img/pj0229_00_sp.jpg]
[www.nikken.co.jp/en/projects/tg1is200000030r6-img/pj0229_02.jpg]
[www.nikken.co.jp/en/projects/tg1is200000030r6-img/pj0229_03.jpg]
[www.nikken.co.jp/en/projects/tg1is200000030r6-img/pj0229_04.jpg]
[www.nikken.co.jp/en/projects/tg1is200000030r6-img/pj0229_05.jpg]
[www.nikken.co.jp/en/projects/tg1is200000030r6-img/pj0229_06.jpg]
[www.nikken.co.jp/en/projects/tg1is200000030r6-img/pj0229_07.jpg]
[www.nikken.co.jp/en/projects/hospitality/solaria_nishitetsu_hotel_kyoto_premier.html]
[www.nikken.co.jp/en/projects/hospitality/halekulani.html]
[www.nikken.co.jp/en/expertise/mep_engineering/tg1is200000054ye-img/kurita_innovation_hub_ogp.jpg]
[www.nikken.co.jp/en/expertise/mep_engineering/tg1is200000054ye-img/kurita_innovation_hub_main.jpg]
[www.nikken.co.jp/en/expertise/mep_engineering/tg1is200000054ye-img/kurita_innovation_hub_sp.jpg]
[www.nikken.co.jp/en/expertise/mep_engineering/tg1is200000054ye-img/kurita_innovation_hub_01.jpg]
[www.nikken.co.jp/en/expertise/mep_engineering/tg1is200000054ye-img/kurita_innovation_hub_02.jpg]
[www.nikken.co.jp/en/expertise/mep_engineering/tg1is200000054ye-img/kurita_innovation_hub_03.jpg]
[www.nikken.co.jp/en/expertise/mep_engineering/tg1is200000054ye-att/kurita_innovation_hub_03l.jpg]
[www.nikken.co.jp/en/expertise/mep_engineering/tg1is200000054ye-img/kurita_innovation_hub_04.jpg]
[www.nikken.co.jp/en/expertise/mep_engineering/tg1is200000054ye-att/kurita_innovation_hub_04l.jpg]
[www.nikken.co.jp/en/expertise/mep_engineering/tg1is200000054ye-img/kurita_innovation_hub_05.jpg]
[www.nikken.co.jp/en/expertise/mep_engineering/tg1is200000054ye-img/kurita_innovation_hub_06.jpg]
[www.nikken.co.jp/en/expertise/mep_engineering/tg1is200000054ye-att/kurita_innovation_hub_06.jpg]
[www.nikken.co.jp/en/projects/office/kurita_innovation_hub.html]
[www.nikken.co.jp/en/about/people/kitaro_mizuide.html]
[www.nikken.co.jp/en/about/people/tg1is20000002hvd-img/kitaro_mizuide_tmb.jpg]
[www.nikken.co.jp/en/about/people/iwao_hasegawa.html]
[www.nikken.co.jp/en/about/people/p4iusj0000000w2f-img/000209-iwao_hasegawa_tmb.jpg]
[www.nikken.co.jp/en/about/people/takeshi_aoi.html]
[www.nikken.co.jp/en/about/people/tg1is2000000554a-img/takeshi_aoi_tmb.jpg]
[www.nikken.co.jp/en/about/people/toshifumi_imagawa.html]
[www.nikken.co.jp/en/about/people/tg1is20000005551-img/toshifumi_imagawa_tmb.jpg]
[www.nikken.co.jp/en/about/people/hidekazu_zui.html]
[www.nikken.co.jp/en/about/people/tg1is2000000555s-img/hidekazu_zui_tmb.jpg]
[www.nikken.co.jp/en/about/people/yusuke_tanaka.html]
[www.nikken.co.jp/en/about/people/tg1is20000005575-img/yusuke_tanaka_tmb.jpg]
[www.nikken.co.jp/en/about/people/yuichiro_mizuno.html]
[www.nikken.co.jp/en/about/people/tg1is2000000557w-img/yuichiro_mizuno_tmb.jpg]
[www.nikken.co.jp/en/expertise/mep_engineering/zero_water_building.html]
[www.nikken.co.jp/en/expertise/mep_engineering/abundant_harvests_on_office_building_rooftops.html]
[www.nikken.co.jp/en/projects/p4iusj0000001h7c-img/pj0015_00_top.jpg]
[www.nikken.co.jp/en/projects/p4iusj0000001h7c-img/pj0015_02.jpg]
[www.nikken.co.jp/en/projects/p4iusj0000001h7c-img/pj0015_03.jpg]
[www.nikken.co.jp/en/projects/p4iusj0000001h7c-img/pj0015_04.jpg]
[www.nikken.co.jp/en/projects/p4iusj0000001h7c-img/pj0015_05.jpg]
[www.nikken.co.jp/en/projects/p4iusj0000001h7c-img/pj0015_06.jpg]
[www.nikken.co.jp/en/projects/p4iusj0000001h7c-img/pj0015_07.jpg]
[www.nikken.co.jp/en/expertise/sustainability_resilience/a_low_tech_yet_advanced_office_that_yields_to_the_users.html]
[www.nikken.co.jp/en/expertise/sustainability_resilience/p4iusj0000001lqg-img/p4iusj0000001lry.jpg]
[www.nikken.co.jp/en/projects/menaraastra.html]
[www.nikken.co.jp/en/projects/office/coop_kyosai_plaza.html]
[www.nikken.co.jp/en/projects/office/ykk_80_building.html]
[www.nikken.co.jp/en/expertise/mep_engineering/tg1is20000002whw-img/ceel_ogp.jpg]
[www.nikken.co.jp/en/expertise/mep_engineering/tg1is20000002whw-img/ceel_main.jpg]
[www.nikken.co.jp/en/expertise/mep_engineering/tg1is20000002whw-img/ceel_sp.jpg]
[www.nikken.co.jp/en/expertise/mep_engineering/tg1is20000002whw-img/ceel_01.jpg]
[www.nikken.co.jp/en/expertise/mep_engineering/tg1is20000002whw-img/ceel_02.jpg]
[www.nikken.co.jp/en/expertise/mep_engineering/tg1is20000002whw-img/ceel_03.jpg]
[www.nikken.co.jp/en/expertise/mep_engineering/tg1is20000002whw-img/cell_04.jpg]
[www.nikken.co.jp/en/expertise/mep_engineering/tg1is20000002whw-img/border.gif]
[www.nikken.co.jp/en/expertise/mep_engineering/tg1is20000002whw-img/ceel_05.jpg]
[www.nikken.co.jp/en/expertise/mep_engineering/tg1is20000002whw-img/ceel_07.jpg]
[www.nikken.co.jp/en/expertise/mep_engineering/tg1is20000002whw-img/ceel_08.jpg]
[www.nikken.co.jp/en/expertise/mep_engineering/tg1is20000002whw-img/ceel_09.jpg]
[www.nikken.co.jp/en/expertise/mep_engineering/tg1is20000002whw-img/ceel_10.jpg]
[www.nikken.co.jp/en/expertise/mep_engineering/tg1is20000002whw-img/ceel_11.jpg]
[www.nikken.co.jp/en/expertise/mep_engineering/tg1is20000002whw-img/ceel_12.jpg]
[www.nikken.co.jp/en/expertise/mep_engineering/tg1is20000002whw-img/ceel_13.jpg]
[www.nikken.co.jp/en/expertise/mep_engineering/tg1is20000002whw-img/ceel_14.jpg]
[www.nikken.co.jp/en/expertise/mep_engineering/tg1is20000002whw-img/ceel_15.jpg]
[www.nikken.co.jp/en/expertise/mep_engineering/tg1is20000002whw-img/ceel_16.jpg]
[www.nikken.co.jp/en/expertise/mep_engineering/tg1is20000002whw-img/ceel_17.jpg]
[www.nikken.co.jp/en/expertise/mep_engineering/tg1is20000002whw-img/ceel_18.jpg]
[www.nikken.co.jp/en/expertise/mep_engineering/tg1is20000002whw-img/ceel_19.jpg]
[www.nikken.co.jp/en/expertise/mep_engineering/tg1is20000002whw-img/ceel_20.jpg]
[www.nikken.co.jp/en/expertise/mep_engineering/tg1is20000002whw-img/ceel_21.jpg]
[www.nikken.co.jp/en/expertise/mep_engineering/tg1is20000002whw-img/ceel_22.jpg]
[www.nikken.co.jp/en/expertise/mep_engineering/tg1is20000002whw-img/ceel_06.jpg]
[www.nikken.co.jp/en/expertise/mep_engineering/tg1is20000002whw-img/ceel_23.jpg]
[www.nikken.co.jp/en/expertise/mep_engineering/tg1is20000002whw-img/ceel_24.jpg]
[www.nikken.co.jp/en/expertise/mep_engineering/tg1is20000002whw-img/ceel_25.jpg]
[www.nikken.co.jp/en/expertise/mep_engineering/tg1is20000002whw-img/ceel_26.jpg]
[www.nikken.co.jp/en/expertise/mep_engineering/tg1is20000002whw-img/ceel_27.jpg]
[www.nikken.co.jp/en/expertise/mep_engineering/ceel_simulation.html]
[www.nikken.co.jp/en/insights/information.html]
[www.nikken.co.jp/en/insights/future.html]
[www.nikken.co.jp/en/expertise/mep_engineering/comfort_after_two_minutes_of_sitting_on_a_direct_body_cooling_sofa_Introducing_the_cool_warm_sofa_of_the_hamamatsu_shinkin_bank.html]
[www.nikken.co.jp/en/about/people/p4iusj00000019dy-img/daisuke_tsunoda_ogp.jpg]
[www.nikken.co.jp/en/about/people/p4iusj00000019dy-img/daisuke_tsunoda_main.jpg]
[www.nikken.co.jp/en/about/people/daisuke_tsunoda.html]
[www.nikken.co.jp/en/insights/creative.html]
[www.nikken.co.jp/en/about/people/p4iusj0000000uff-img/000174-susumu_horikawa.jpg]
[www.nikken.co.jp/en/about/people/p4iusj0000000uff-img/000174-susumu_horikawa_main.jpg]
[www.nikken.co.jp/en/insights/p4iusj00000010s6-img/tmb.jpg]
[www.nikken.co.jp/en/about/people/susumu_horikawa.html]
[www.nikken.co.jp/en/insights/tg1is20000003pcq-img/smart_operation_building_ogp.jpg]
[www.nikken.co.jp/en/insights/tg1is20000003pcq-img/smart_operation_building_main.jpg]
[www.nikken.co.jp/en/insights/tg1is20000003pcq-img/smart_operation_building_sp.jpg]
[www.nikken.co.jp/en/insights/solution.html]
[www.nikken.co.jp/en/insights/tg1is20000003pcq-img/smart_operation_building_01.jpg]
[www.nikken.co.jp/en/insights/tg1is20000003pcq-img/smart_operation_building_02.jpg]
[www.nikken.co.jp/en/insights/tg1is20000003pcq-img/smart_operation_building_03.jpg]
[www.nikken.co.jp/en/insights/tg1is20000003pcq-img/smart_operation_building_04.jpg]
[www.nikken.co.jp/en/insights/tg1is20000003pcq-img/smart_operation_building_05.jpg]
[www.nikken.co.jp/en/insights/tg1is20000003pcq-img/smart_operation_building_06.jpg]
[www.nikken.co.jp/en/insights/tg1is20000003pcq-img/yu_goto.jpg]
[www.nikken.co.jp/en/insights/smart_operation_building.html]
[www.nikken.co.jp/en/insights/cities_with_innovation_research_unit_okinawa_institute_of_science_and_technology_onna-son_village.html]
[www.nikken.co.jp/en/projects/p4iusj0000000lfn-img/pj0029_00_top.jpg]
[www.nikken.co.jp/en/projects/p4iusj0000000lfn-img/pj0029_02.jpg]
[www.nikken.co.jp/en/projects/p4iusj0000000lfn-img/pj0029_03.jpg]
[www.nikken.co.jp/en/projects/p4iusj0000000lfn-img/pj0029_04.jpg]
[www.nikken.co.jp/en/projects/p4iusj0000000lfn-img/pj0029_05.jpg]
[www.nikken.co.jp/en/projects/p4iusj0000000lfn-img/pj0029_06.jpg]
[www.nikken.co.jp/en/projects/p4iusj0000000lfn-img/pj0029_07.jpg]
[www.nikken.co.jp/en/projects/p4iusj0000000lfn-img/pj0029_08.jpg]
[www.nikken.co.jp/en/projects/cultural/miraikan_the_national_museum_of_emerging_science_and_innovation.html]
[www.nikken.co.jp/en/projects/p4iusj0000000mej-img/pj0034_00_top.jpg]
[www.nikken.co.jp/en/projects/p4iusj0000000mej-img/pj0034_02.jpg]
[www.nikken.co.jp/en/projects/p4iusj0000000mej-img/pj0034_03.jpg]
[www.nikken.co.jp/en/projects/p4iusj0000000mej-img/pj0034_04.jpg]
[www.nikken.co.jp/en/projects/p4iusj0000000mej-img/pj0034_05.jpg]
[www.nikken.co.jp/en/projects/p4iusj0000000mej-img/pj0034_06.jpg]
[www.nikken.co.jp/en/projects/p4iusj0000000mej-img/pj0034_07.jpg]
[www.nikken.co.jp/en/projects/p4iusj0000000mej-img/pj0034_08.jpg]
[www.nikken.co.jp/en/projects/cultural/akagane_museum.html]
[www.nikken.co.jp/en/news/news/tg1is20000004sem-img/20240313_ogp.jpg]
[www.nikken.co.jp/en/news/news/tg1is20000004sem-img/20240313_01.jpg]
[www.nikken.co.jp/en/news/news/tg1is20000004sem-img/20240313_02.jpg]
[www.nikken.co.jp/en/news/news/tg1is20000004sem-img/20240313_03.jpg]
[www.nikken.co.jp/en/news/news/tg1is20000004sem-img/20240313_04.jpg]
[www.nikken.co.jp/en/news/news/2024_03_13.html]
[www.nikken.co.jp/en/news/news/2024_03_01.html]
[www.nikken.co.jp/en/projects/tg1is20000004jrw-img/pj0284_00_ogp.jpg]
[www.nikken.co.jp/en/projects/tg1is20000004jrw-img/pj0284_00_top.jpg]
[www.nikken.co.jp/en/projects/tg1is20000004jrw-img/pj0284_00_sp.jpg]
[www.nikken.co.jp/en/projects/tg1is20000004jrw-img/pj0284_02.jpg]
[www.nikken.co.jp/en/projects/tg1is20000004jrw-img/pj0284_03.jpg]
[www.nikken.co.jp/en/projects/tg1is20000004jrw-img/pj0284_04.jpg]
[www.nikken.co.jp/en/projects/tg1is20000004jrw-img/pj0284_05.jpg]
[www.nikken.co.jp/en/projects/tg1is20000004jrw-img/pj0284_06.jpg]
[www.nikken.co.jp/en/projects/tg1is20000004jrw-img/pj0284_07.jpg]
[www.nikken.co.jp/en/projects/tg1is20000004jrw-img/pj0284_08.jpg]
[www.nikken.co.jp/en/projects/tg1is20000004jrw-img/pj0284_09.jpg]
[www.nikken.co.jp/en/projects/tg1is20000004jrw-img/pj0284_10.png]
[www.nikken.co.jp/en/projects/tg1is20000004jrw-img/pj0284_11.jpg]
[www.nikken.co.jp/en/projects/tg1is20000004jrw-img/pj0284_12.jpg]
[www.nikken.co.jp/en/projects/tg1is20000004jrw-img/pj0284_13.jpg]
[www.nikken.co.jp/en/projects/tg1is20000004jrw-img/pj0284_14.jpg]
[www.nikken.co.jp/en/projects/tg1is20000004jrw-img/pj0284_15.jpg]
[www.nikken.co.jp/en/projects/cultural/arcrea_himeji.html]
[www.nikken.co.jp/en/news/news/tg1is200000006nv-img/20181115_news.jpg]
[www.nikken.co.jp/en/news/news/2018_11_15.html]
[www.nikken.co.jp/en/news/news/2018_11_15_02.html]
[www.nikken.co.jp/en/news/news/tg1is200000007kj-img/tg1is200000007mb.jpg]
[www.nikken.co.jp/en/news/news/2018_12_10.html]
[www.nikken.co.jp/en/news/news/2019_01_16.html]
[www.nikken.co.jp/en/projects/tg1is200000039yp-img/pj0234_00_ogp.jpg]
[www.nikken.co.jp/en/projects/tg1is200000039yp-img/pj0234_00_top.jpg]
[www.nikken.co.jp/en/projects/tg1is200000039yp-img/pj0234_00_sp.jpg]
[www.nikken.co.jp/en/projects/tg1is200000039yp-img/pj0234_ad7.jpg]
[www.nikken.co.jp/en/projects/tg1is200000039yp-img/pj0234_ad8.jpg]
[www.nikken.co.jp/en/projects/tg1is200000039yp-img/pj0234_02.jpg]
[www.nikken.co.jp/en/projects/tg1is200000039yp-img/pj0234_ad6.jpg]
[www.nikken.co.jp/en/projects/tg1is200000039yp-img/pj0234_ad9.jpg]
[www.nikken.co.jp/en/projects/tg1is200000039yp-img/pj0234_ad10.jpg]
[www.nikken.co.jp/en/projects/tg1is200000039yp-img/pj0234_ad5.jpg]
[www.nikken.co.jp/en/projects/tg1is200000039yp-img/pj0234_ad4.jpg]
[www.nikken.co.jp/en/projects/tg1is200000039yp-img/pj0234_ad2.jpg]
[www.nikken.co.jp/en/projects/tg1is200000039yp-img/pj0234_ad3.jpg]
[www.nikken.co.jp/en/projects/tg1is200000039yp-img/pj0234_03.jpg]
[www.nikken.co.jp/en/projects/tg1is200000039yp-img/pj0234_04.jpg]
[www.nikken.co.jp/en/projects/tg1is200000039yp-img/pj0234_05.jpg]
[www.nikken.co.jp/en/projects/tg1is200000039yp-img/pj0234_06.jpg]
[www.nikken.co.jp/en/projects/tg1is200000039yp-img/pj0234_07.jpg]
[www.nikken.co.jp/en/projects/tg1is200000039yp-img/pj0234_08.jpg]
[www.nikken.co.jp/en/projects/tg1is200000039yp-img/pj0234_09.jpg]
[www.nikken.co.jp/en/projects/tg1is200000039yp-img/pj0234_10.jpg]
[www.nikken.co.jp/en/projects/tg1is200000039yp-img/pj0234_12.jpg]
[www.nikken.co.jp/en/projects/tg1is200000039yp-img/pj0233_01_tmb.jpg]
[www.nikken.co.jp/en/projects/mixed_use/sakuramachi_kumamoto.html]
[www.nikken.co.jp/en/projects/mixed_use/cadre_international_tod_center.html]
[www.nikken.co.jp/en/news/news/tg1is20000001hx4-img/20191202_01_ogp.jpg]
[www.nikken.co.jp/en/news/news/tg1is20000001hx4-img/20191202_01_01.jpg]
[www.nikken.co.jp/en/news/news/tg1is20000001hx4-img/20191202_01_02.jpg]
[www.nikken.co.jp/en/news/news/2019_12_02_01.html]
[www.nikken.co.jp/en/news/news/2019_11_28.html]
[www.nikken.co.jp/en/news/awards/tg1is20000001vw1-img/20191210_ogp.jpg]
[www.nikken.co.jp/en/news/awards/tg1is20000001vw1-img/20191210.jpg]
[www.nikken.co.jp/en/news/awards/2019_12_10.html]
[www.nikken.co.jp/en/projects/tg1is20000003ihl-img/pj4urv0000001xce.jpg]
[www.nikken.co.jp/en/projects/tg1is20000003ihl-img/pj4urv0000001xci.jpg]
[www.nikken.co.jp/en/projects/tg1is20000003ihl-img/pj4urv0000001xcj.jpg]
[www.nikken.co.jp/en/projects/tg1is20000003ihl-img/pj4urv0000001xdo.jpg]
[www.nikken.co.jp/en/projects/tg1is20000003ihl-img/pj4urv0000001xds.jpg]
[www.nikken.co.jp/en/projects/tg1is20000003ihl-img/pj4urv0000001xdw.jpg]
[www.nikken.co.jp/en/projects/tg1is20000003ihl-img/pj4urv0000001xe0.jpg]
[www.nikken.co.jp/en/projects/tg1is20000003ihl-img/pj4urv0000001xe4.jpg]
[www.nikken.co.jp/en/projects/tg1is20000003ihl-img/pj4urv0000001xe8.jpg]
[www.nikken.co.jp/en/projects/highrise/w350.html]
[www.nikken.co.jp/en/projects/tg1is20000002vuw-img/tg1is20000002vv3.jpg]
[www.nikken.co.jp/en/projects/tg1is20000002vuw-img/tg1is20000002vv7.jpg]
[www.nikken.co.jp/en/projects/tg1is20000002vuw-img/tg1is20000002vv8.jpg]
[www.nikken.co.jp/en/projects/tg1is20000002vuw-img/tg1is20000002vvv.jpg]
[www.nikken.co.jp/en/projects/tg1is20000002vuw-img/tg1is20000002vwq.jpg]
[www.nikken.co.jp/en/projects/tg1is20000002vuw-img/tg1is20000002vww.jpg]
[www.nikken.co.jp/en/projects/tg1is20000002vuw-img/tg1is20000002vx2.jpg]
[www.nikken.co.jp/en/projects/tg1is20000002vuw-img/tg1is20000002vxc.jpg]
[www.nikken.co.jp/en/projects/tg1is20000002vuw-img/tg1is20000002vx8.jpg]
[www.nikken.co.jp/en/projects/tg1is20000002vuw-img/tg1is20000002vxo.jpg]
[www.nikken.co.jp/en/projects/tg1is20000002vuw-img/tg1is20000002vxu.jpg]
[www.nikken.co.jp/en/projects/tg1is20000002vuw-img/tg1is20000002vy0.jpg]
[www.nikken.co.jp/en/projects/cool_city_and_eco-towers.html]
[www.nikken.co.jp/en/news/news/tg1is200000026pv-img/20191211_ogp.jpg]
[www.nikken.co.jp/en/news/news/tg1is200000026pv-img/20191211_01.jpg]
[www.nikken.co.jp/en/news/news/tg1is200000026pv-img/20191211_02.jpg]
[www.nikken.co.jp/en/news/news/tg1is200000026pv-img/20191211_03.jpg]
[www.nikken.co.jp/en/news/news/2019_12_11.html]
[www.nikken.co.jp/en/news/news/tg1is20000002qb7-img/20200130_ogp.jpg]
[www.nikken.co.jp/en/news/news/tg1is20000002qb7-img/20200130_02.jpg]
[www.nikken.co.jp/en/news/news/tg1is20000002qb7-img/oneza.jpg]
[www.nikken.co.jp/en/news/news/tg1is20000002qb7-att/oneza.jpg]
[www.nikken.co.jp/en/news/news/2020_01_30.html]
[www.nikken.co.jp/en/news/news/2020_02_13.html]
[www.nikken.co.jp/en/projects/tg1is20000003a38-img/pj0233_00_ogp.jpg]
[www.nikken.co.jp/en/projects/tg1is20000003a38-img/pj0233_00_top.jpg]
[www.nikken.co.jp/en/projects/tg1is20000003a38-img/pj0233_00_sp.jpg]
[www.nikken.co.jp/en/projects/tg1is20000003a38-img/pj0233_02.jpg]
[www.nikken.co.jp/en/projects/tg1is20000003a38-img/pj0233_03.jpg]
[www.nikken.co.jp/en/projects/tg1is20000003a38-img/pj0233_04.jpg]
[www.nikken.co.jp/en/projects/tg1is20000003a38-img/pj0233_05.jpg]
[www.nikken.co.jp/en/projects/tg1is20000003a38-img/pj0233_06.jpg]
[www.nikken.co.jp/en/projects/tg1is20000003a38-img/pj0233_07.jpg]
[www.nikken.co.jp/en/projects/tg1is20000003a38-img/pj0233_08.jpg]
[www.nikken.co.jp/en/projects/tg1is20000003a38-img/pj0233_09.jpg]
[www.nikken.co.jp/en/projects/tg1is20000003a38-img/pj0233_10.jpg]
[www.nikken.co.jp/en/projects/tg1is20000003a38-img/pj0233_11.jpg]
[www.nikken.co.jp/en/projects/tg1is20000003a38-img/pj0234_01_tmb.jpg]
[www.nikken.co.jp/en/projects/commercial_retail/sakuramachi_kumamoto.html]
[www.nikken.co.jp/en/projects/commercial_retail/kyoto_zero_gate.html]
[www.nikken.co.jp/en/insights/tg1is20000004myx-img/office_evolution_through_the_intertwining_of_people_and_spaces_ogp.jpg]
[www.nikken.co.jp/en/insights/tg1is20000004myx-img/office_evolution_through_the_intertwining_of_people_and_spaces_main.jpg]
[www.nikken.co.jp/en/insights/tg1is20000004myx-img/office_evolution_through_the_intertwining_of_people_and_spaces_sp.jpg]
[www.nikken.co.jp/en/insights/tg1is20000004myx-img/office_evolution_through_the_intertwining_of_people_and_spaces_01.jpg]
[www.nikken.co.jp/en/insights/tg1is20000004myx-img/office_evolution_through_the_intertwining_of_people_and_spaces_02.jpg]
[www.nikken.co.jp/en/insights/tg1is20000004myx-img/office_evolution_through_the_intertwining_of_people_and_spaces_03.jpg]
[www.nikken.co.jp/en/insights/tg1is20000004myx-img/office_evolution_through_the_intertwining_of_people_and_spaces_04.jpg]
[www.nikken.co.jp/en/insights/tg1is20000004myx-img/office_evolution_through_the_intertwining_of_people_and_spaces_05.jpg]
[www.nikken.co.jp/en/insights/tg1is20000004myx-img/office_evolution_through_the_intertwining_of_people_and_spaces_06.jpg]
[www.nikken.co.jp/en/insights/tg1is20000004myx-img/office_evolution_through_the_intertwining_of_people_and_spaces_prf_ryusuke_naka.jpg]
[www.nikken.co.jp/en/insights/tg1is20000004myx-img/office_evolution_through_the_intertwining_of_people_and_spaces_prf_shunichi_sugiyama.jpg]
[www.nikken.co.jp/en/insights/talk_office.html]
[www.nikken.co.jp/en/projects/tg1is20000004u1u-img/pj0295_00_ogp.jpg]
[www.nikken.co.jp/en/projects/tg1is20000004u1u-img/pj0295_00_top.jpg]
[www.nikken.co.jp/en/projects/tg1is20000004u1u-img/pj0295_00_sp.jpg]
[www.nikken.co.jp/en/projects/tg1is20000004u1u-img/pj0295_02.jpg]
[www.nikken.co.jp/en/projects/tg1is20000004u1u-img/pj0295_03.jpg]
[www.nikken.co.jp/en/projects/tg1is20000004u1u-img/pj0295_04.jpg]
[www.nikken.co.jp/en/projects/tg1is20000004u1u-img/pj0295_05.png]
[www.nikken.co.jp/en/projects/tg1is20000004u1u-img/pj0295_06.png]
[www.nikken.co.jp/en/projects/tg1is20000004u1u-img/pj0295_07.jpg]
[www.nikken.co.jp/en/projects/tg1is20000004u1u-img/pj0295_08.jpg]
[www.nikken.co.jp/en/projects/interior_design/balmuda_the_store_aoyama.html]
[www.nikken.co.jp/en/projects/interior_design/mixi_inc_tokyo_office.html]
[www.nikken.co.jp/en/projects/tg1is20000003zov-img/pj0205_00_ogp.jpg]
[www.nikken.co.jp/en/projects/tg1is20000003zov-img/pj0205_00_top.jpg]
[www.nikken.co.jp/en/projects/tg1is20000003zov-img/pj0205_00_sp.jpg]
[www.nikken.co.jp/en/projects/tg1is20000003zov-img/pj0205_02.jpg]
[www.nikken.co.jp/en/projects/tg1is20000003zov-img/pj0205_03.jpg]
[www.nikken.co.jp/en/projects/tg1is20000003zov-img/pj0205_04.jpg]
[www.nikken.co.jp/en/projects/tg1is20000003zov-img/pj0205_05.jpg]
[www.nikken.co.jp/en/projects/tg1is20000003zov-img/pj0205_06.jpg]
[www.nikken.co.jp/en/projects/tg1is20000003zov-img/pj0205_07.jpg]
[www.nikken.co.jp/en/projects/tg1is20000003zov-img/pj0205_08.jpg]
[www.nikken.co.jp/en/projects/tg1is20000003zov-img/pj0205_09.jpg]
[www.nikken.co.jp/en/projects/education/tokyo_university_of_science.html]
[www.nikken.co.jp/en/projects/education/kokugakuin_university_sogogakushukan.html]
[www.nikken.co.jp/en/projects/p4iusj0000000lnt-img/pj0032_00_top.jpg]
[www.nikken.co.jp/en/projects/p4iusj0000000lnt-img/pj0032_00_top_SP.jpg]
[www.nikken.co.jp/en/projects/p4iusj0000000lnt-img/pj0032_02.jpg]
[www.nikken.co.jp/en/projects/p4iusj0000000lnt-img/pj0032_03.jpg]
[www.nikken.co.jp/en/projects/p4iusj0000000lnt-img/pj0032_04.jpg]
[www.nikken.co.jp/en/projects/p4iusj0000000lnt-img/pj0032_05.jpg]
[www.nikken.co.jp/en/projects/p4iusj0000000lnt-img/pj0032_06.jpg]
[www.nikken.co.jp/en/projects/p4iusj0000000lnt-img/pj0032_07.jpg]
[www.nikken.co.jp/en/projects/p4iusj0000000lnt-img/pj0032_08.jpg]
[www.nikken.co.jp/en/projects/p4iusj0000000lnt-img/pj0032_09.jpg]
[www.nikken.co.jp/en/projects/p4iusj0000000lnt-img/pj0032_10.jpg]
[www.nikken.co.jp/en/projects/mixed_use/grand_front_osaka.html]
[www.nikken.co.jp/en/projects/transit_oriented_development/queens_square_yokohama.html]
[www.nikken.co.jp/en/projects/tg1is20000002yih-img/pj0213_00_ogp.jpg]
[www.nikken.co.jp/en/projects/tg1is20000002yih-img/pj0213_00_top.jpg]
[www.nikken.co.jp/en/projects/tg1is20000002yih-img/pj0213_00_sp.jpg]
[www.nikken.co.jp/en/projects/tg1is20000002yih-img/pj0213_02.jpg]
[www.nikken.co.jp/en/projects/tg1is20000002yih-img/pj0213_03.jpg]
[www.nikken.co.jp/en/projects/tg1is20000002yih-img/pj0213_04.jpg]
[www.nikken.co.jp/en/projects/tg1is20000002yih-img/pj0213_05.jpg]
[www.nikken.co.jp/en/projects/tg1is20000002yih-img/pj0213_06.jpg]
[www.nikken.co.jp/en/projects/tg1is20000002yih-img/pj0213_07.jpg]
[www.nikken.co.jp/en/projects/tg1is20000002yih-img/pj0213_08.jpg]
[www.nikken.co.jp/en/projects/tg1is20000002yih-img/pj0213_09.jpg]
[www.nikken.co.jp/en/projects/tg1is20000002yih-img/pj0213_10.jpg]
[www.nikken.co.jp/en/projects/tg1is20000002yih-img/pj0213_11.jpg]
[www.nikken.co.jp/en/projects/urban_design_and_planning/chengdu_north_station_cbd.html]
[www.nikken.co.jp/en/projects/urban_design_and_planning/beijing_dongba_rail_yard_district.html]
[www.nikken.co.jp/en/projects/tg1is200000030mg-img/tg1is200000030o8.jpg]
[www.nikken.co.jp/en/projects/tg1is200000030mg-img/pj0228_00_main.jpg]
[www.nikken.co.jp/en/projects/tg1is200000030mg-img/pj0228_00_sp.jpg]
[www.nikken.co.jp/en/projects/tg1is200000030mg-img/pj0228_02.jpg]
[www.nikken.co.jp/en/projects/tg1is200000030mg-img/pj0228_03.jpg]
[www.nikken.co.jp/en/projects/tg1is200000030mg-img/pj0228_04.jpg]
[www.nikken.co.jp/en/projects/tg1is200000030mg-img/pj0228_05.jpg]
[www.nikken.co.jp/en/projects/tg1is200000030mg-img/pj0228_06.jpg]
[www.nikken.co.jp/en/projects/tg1is200000030mg-img/pj0228_07.jpg]
[www.nikken.co.jp/en/projects/tg1is200000030mg-img/pj0228_08.jpg]
[www.nikken.co.jp/en/projects/tg1is200000030mg-img/pj0228_09.jpg]
[www.nikken.co.jp/en/projects/tg1is200000030mg-img/pj0228_10.jpg]
[www.nikken.co.jp/en/projects/hospitality/halekulani.html]
[www.nikken.co.jp/en/projects/hospitality/the_ritz_carlton_nikko.html]
[www.nikken.co.jp/en/projects/tg1is20000004l62-img/pj0286_00_ogp.jpg]
[www.nikken.co.jp/en/projects/tg1is20000004l62-img/pj0286_00_top.jpg]
[www.nikken.co.jp/en/projects/tg1is20000004l62-img/pj0286_00_sp.jpg]
[www.nikken.co.jp/en/projects/tg1is20000004l62-img/pj0286_02.jpg]
[www.nikken.co.jp/en/projects/tg1is20000004l62-img/pj0286_03.jpg]
[www.nikken.co.jp/en/projects/tg1is20000004l62-img/pj0286_04.jpg]
[www.nikken.co.jp/en/projects/tg1is20000004l62-img/pj0286_05.jpg]
[www.nikken.co.jp/en/projects/tg1is20000004l62-img/pj0286_06.jpg]
[www.nikken.co.jp/en/projects/tg1is20000004l62-img/pj0286_07.jpg]
[www.nikken.co.jp/en/projects/tg1is20000004l62-img/pj0286_08.jpg]
[www.nikken.co.jp/en/projects/tg1is20000004l62-img/pj0286_09.jpg]
[www.nikken.co.jp/en/projects/tg1is20000004l62-img/pj0286_10.jpg]
[www.nikken.co.jp/en/projects/tg1is20000004l62-img/pj0286_11.jpg]
[www.nikken.co.jp/en/projects/tg1is20000004l62-img/pj0286_12.png]
[www.nikken.co.jp/en/projects/tg1is20000004l62-img/pj0286_13.png]
[www.nikken.co.jp/en/projects/tg1is20000004l62-img/pj0286_14.jpg]
[www.nikken.co.jp/en/projects/tg1is20000004l62-img/pj0286_15.jpg]
[www.nikken.co.jp/en/projects/tg1is20000004l62-img/pj0286_16.jpg]
[www.nikken.co.jp/en/projects/office/hd_hyundai_global_r_and_d_center_grc.html]
[www.nikken.co.jp/en/projects/office/kurita_innovation_hub.html]
[www.nikken.co.jp/en/projects/office/awa_bank_head_office_sales_department_building.html]
[www.nikken.co.jp/en/about/people/tg1is20000002hvd-img/kitaro_mizuide.jpg]
[www.nikken.co.jp/en/about/people/tg1is20000002hvd-img/kitaro_mizuide_main.jpg]
[www.nikken.co.jp/en/about/people/kitaro_mizuide.html]
[www.nikken.co.jp/en/about/people/p4iusj0000000w2f-img/000209-iwao_hasegawa_main.jpg]
[www.nikken.co.jp/en/about/people/iwao_hasegawa.html]
[www.nikken.co.jp/en/about/people/tg1is2000000554a-img/takeshi_aoi_ogp.jpg]
[www.nikken.co.jp/en/about/people/tg1is2000000554a-img/tg1is2000000554n.jpg]
[www.nikken.co.jp/en/about/people/takeshi_aoi.html]
[www.nikken.co.jp/en/about/people/tg1is20000005551-img/toshifumi_imagawa_ogp.jpg]
[www.nikken.co.jp/en/about/people/tg1is20000005551-img/toshifumi_imagawa_main.jpg]
[www.nikken.co.jp/en/about/people/toshifumi_imagawa.html]
[www.nikken.co.jp/en/about/people/tg1is2000000555s-img/hidekazu_zui_ogp.jpg]
[www.nikken.co.jp/en/about/people/tg1is2000000555s-img/hidekazu_zui_main.jpg]
[www.nikken.co.jp/en/about/people/hidekazu_zui.html]
[www.nikken.co.jp/en/about/people/tg1is20000005575-img/yusuke_tanaka_ogp.jpg]
[www.nikken.co.jp/en/about/people/tg1is20000005575-img/yusuke_tanaka_main.jpg]
[www.nikken.co.jp/en/about/people/yusuke_tanaka.html]
[www.nikken.co.jp/en/about/people/tg1is2000000557w-img/yuichiro_mizuno_ogp.jpg]
[www.nikken.co.jp/en/about/people/tg1is2000000557w-img/yuichiro_mizuno_main.jpg]
[www.nikken.co.jp/en/about/people/yuichiro_mizuno.html]
[www.nikken.co.jp/en/expertise/mep_engineering/p4iusj00000013xq-img/p4iusj00000013y1.jpg]
[www.nikken.co.jp/en/expertise/mep_engineering/p4iusj00000013xq-img/p4iusj00000013y2.jpg]
[www.nikken.co.jp/en/expertise/mep_engineering/p4iusj00000013xq-img/p4iusj00000013z4.jpg]
[www.nikken.co.jp/en/expertise/mep_engineering/p4iusj00000013xq-img/p4iusj00000013zv.jpg]
[www.nikken.co.jp/en/expertise/mep_engineering/p4iusj00000013xq-img/p4iusj000000140p.jpg]
[www.nikken.co.jp/en/about/people/so_suzuki.html]
[www.nikken.co.jp/en/about/people/p4iusj0000001c90-img/000000-so_suzuki_tmb.jpg]
[www.nikken.co.jp/en/about/people/taro_hongo.html]
[www.nikken.co.jp/en/about/people/p4iusj0000001cbn-img/000000-taro_hongo_tmb.jpg]
[www.nikken.co.jp/en/expertise/mep_engineering/abundant_harvests_on_office_building_rooftops.html]
[www.nikken.co.jp/en/expertise/sustainability_resilience/p4iusj0000001lqg-img/p4iusj0000001lrw.jpg]
[www.nikken.co.jp/en/expertise/sustainability_resilience/p4iusj0000001lqg-img/p4iusj0000001lrx.jpg]
[www.nikken.co.jp/en/expertise/sustainability_resilience/p4iusj0000001lqg-img/p4iusj0000001lte.jpg]
[www.nikken.co.jp/en/expertise/sustainability_resilience/p4iusj0000001lqg-img/p4iusj0000001lu5.jpg]
[www.nikken.co.jp/en/expertise/sustainability_resilience/p4iusj0000001lqg-img/p4iusj0000001lue.jpg]
[www.nikken.co.jp/en/expertise/sustainability_resilience/p4iusj0000001lqg-img/p4iusj0000001lv8.jpg]
[www.nikken.co.jp/en/about/people/tatsuya_hatori.html]
[www.nikken.co.jp/en/about/people/p4iusj0000001cal-img/000000-tatsuya_hatori_tmb.jpg]
[www.nikken.co.jp/en/expertise/sustainability_resilience/a_low_tech_yet_advanced_office_that_yields_to_the_users.html]
[www.nikken.co.jp/en/expertise/sustainability_resilience/zhongguancun.html]
[www.nikken.co.jp/en/projects/tg1is20000002vln-img/tg1is20000002vlu.jpg]
[www.nikken.co.jp/en/projects/tg1is20000002vln-img/tg1is20000002vly.jpg]
[www.nikken.co.jp/en/projects/tg1is20000002vln-img/tg1is20000002vlz.jpg]
[www.nikken.co.jp/en/projects/tg1is20000002vln-img/tg1is20000002vmm.jpg]
[www.nikken.co.jp/en/projects/tg1is20000002vln-img/tg1is20000002vnw.jpg]
[www.nikken.co.jp/en/projects/tg1is20000002vln-img/tg1is20000002vo2.jpg]
[www.nikken.co.jp/en/projects/tg1is20000002vln-img/tg1is20000002vo8.jpg]
[www.nikken.co.jp/en/projects/tg1is20000002vln-img/tg1is20000002voe.jpg]
[www.nikken.co.jp/en/projects/tg1is20000002vln-img/tg1is20000002vok.jpg]
[www.nikken.co.jp/en/projects/tg1is20000002vln-img/tg1is20000002voq.jpg]
[www.nikken.co.jp/en/projects/tg1is20000002vln-img/tg1is20000002vow.jpg]
[www.nikken.co.jp/en/projects/tg1is20000002vln-img/tg1is20000002vp2.jpg]
[www.nikken.co.jp/en/projects/tg1is20000002vln-img/tg1is20000002vp8.jpg]
[www.nikken.co.jp/en/projects/menaraastra.html]
[www.nikken.co.jp/en/projects/office/nagasaki_government_office_building.html]
[www.nikken.co.jp/en/projects/p4iusj0000000k8l-img/pj0016_00_top.jpg]
[www.nikken.co.jp/en/projects/p4iusj0000000k8l-img/pj0016_00_top_SP.jpg]
[www.nikken.co.jp/en/projects/p4iusj0000000k8l-img/pj0016_02.jpg]
[www.nikken.co.jp/en/projects/p4iusj0000000k8l-img/pj0016_03.jpg]
[www.nikken.co.jp/en/projects/p4iusj0000000k8l-img/pj0016_04.jpg]
[www.nikken.co.jp/en/projects/p4iusj0000000k8l-img/pj0016_05.jpg]
[www.nikken.co.jp/en/projects/p4iusj0000000k8l-img/pj0016_06.jpg]
[www.nikken.co.jp/en/projects/p4iusj0000000k8l-img/pj0016_07.jpg]
[www.nikken.co.jp/en/projects/p4iusj0000000k8l-img/pj0016_08.jpg]
[www.nikken.co.jp/en/projects/office/ykk_80_building.html]
[www.nikken.co.jp/en/projects/office/daibiru_honkan_building.html]
[www.nikken.co.jp/en/expertise/mep_engineering/p4iusj0000001lwf-img/p4iusj0000001lwq.jpg]
[www.nikken.co.jp/en/expertise/mep_engineering/p4iusj0000001lwf-img/p4iusj0000001lwr.jpg]
[www.nikken.co.jp/en/expertise/mep_engineering/p4iusj0000001lwf-img/p4iusj0000001m0h.jpg]
[www.nikken.co.jp/en/expertise/mep_engineering/p4iusj0000001lwf-img/p4iusj0000001lxs.jpg]
[www.nikken.co.jp/en/expertise/mep_engineering/p4iusj0000001lwf-img/p4iusj0000001lxw.jpg]
[www.nikken.co.jp/en/expertise/mep_engineering/p4iusj0000001lwf-img/p4iusj0000001lyf.jpg]
[www.nikken.co.jp/en/expertise/mep_engineering/p4iusj0000001lwf-img/p4iusj0000001lz1.jpg]
[www.nikken.co.jp/en/expertise/mep_engineering/p4iusj0000001lwf-img/p4iusj0000001m01.jpg]
[www.nikken.co.jp/en/expertise/mep_engineering/p4iusj0000001lwf-img/p4iusj0000001m05.jpg]
[www.nikken.co.jp/en/expertise/mep_engineering/comfort_after_two_minutes_of_sitting_on_a_direct_body_cooling_sofa_Introducing_the_cool_warm_sofa_of_the_hamamatsu_shinkin_bank.html]
[www.nikken.co.jp/en/insights/solution.html]
[www.nikken.co.jp/en/expertise/mep_engineering/cool_city.html]
[www.nikken.co.jp/en/insights/tg1is20000004pkb-img/cities_with_innovation_research_unit_okinawa_institute_of_science_and_technology_onna_son_village_ogp.jpg]
[www.nikken.co.jp/en/insights/tg1is20000004pkb-img/cities_with_innovation_research_unit_okinawa_institute_of_science_and_technology_onna_son_village_main.jpg]
[www.nikken.co.jp/en/insights/tg1is20000004pkb-img/cities_with_innovation_research_unit_okinawa_institute_of_science_and_technology_onna_son_village_sp.jpg]
[www.nikken.co.jp/en/insights/tg1is20000004pkb-img/Campus-locations.jpg]
[www.nikken.co.jp/en/insights/tg1is20000004pkb-img/cities_with_innovation_research_unit_okinawa_institute_of_science_and_technology_onna_son_village_02.jpg]
[www.nikken.co.jp/en/insights/tg1is20000004pkb-img/cities_with_innovation_research_unit_okinawa_institute_of_science_and_technology_onna_son_village_03.jpg]
[www.nikken.co.jp/en/insights/tg1is20000004pkb-img/Fig-3-OIST-Recipe-Eng.jpg]
[www.nikken.co.jp/en/insights/tg1is20000004pkb-img/cities_with_innovation_research_unit_okinawa_institute_of_science_and_technology_onna_son_village_05.jpg]
[www.nikken.co.jp/en/insights/tg1is20000004pkb-img/cities_with_innovation_research_unit_okinawa_institute_of_science_and_technology_onna_son_village_06.jpg]
[www.nikken.co.jp/en/insights/tg1is20000004pkb-img/cities_with_innovation_research_unit_okinawa_institute_of_science_and_technology_onna_son_village_07.jpg]
[www.nikken.co.jp/en/insights/tg1is20000004pkb-img/cities_with_innovation_research_unit_okinawa_institute_of_science_and_technology_onna_son_village_08.jpg]
[www.nikken.co.jp/en/insights/tg1is20000004pkb-img/cities_with_innovation_research_unit_okinawa_institute_of_science_and_technology_onna_son_village_09.jpg]
[www.nikken.co.jp/en/insights/tg1is20000004pkb-img/cities_with_innovation_research_unit_okinawa_institute_of_science_and_technology_onna_son_village_10.jpg]
[www.nikken.co.jp/en/insights/tg1is20000004pkb-img/cities_with_innovation_research_unit_okinawa_institute_of_science_and_technology_onna_son_village_11.jpg]
[www.nikken.co.jp/en/insights/tg1is20000004pkb-img/cities_with_innovation_research_unit_okinawa_institute_of_science_and_technology_onna_son_village_12.jpg]
[www.nikken.co.jp/en/insights/tg1is20000004pkb-img/cities_with_innovation_research_unit_okinawa_institute_of_science_and_technology_onna_son_village_13.jpg]
[www.nikken.co.jp/en/insights/tg1is20000004pkb-img/cities_with_innovation_research_unit_okinawa_institute_of_science_and_technology_onna_son_village_14.jpg]
[www.nikken.co.jp/en/insights/tg1is20000004pkb-img/cities_with_innovation_research_unit_okinawa_institute_of_science_and_technology_onna_son_village_15.jpg]
[www.nikken.co.jp/en/insights/tg1is20000004pkb-img/cities_with_innovation_research_unit_okinawa_institute_of_science_and_technology_onna_son_village_16.jpg]
[www.nikken.co.jp/en/insights/tg1is20000004pkb-img/cities_with_innovation_research_unit_okinawa_institute_of_science_and_technology_onna_son_village_17.jpg]
[www.nikken.co.jp/en/insights/tg1is20000004pkb-img/cities_with_innovation_research_unit_okinawa_institute_of_science_and_technology_onna_son_village_18.jpg]
[www.nikken.co.jp/en/insights/tg1is20000004pkb-img/cities_with_innovation_research_unit_okinawa_institute_of_science_and_technology_onna_son_village_19.jpg]
[www.nikken.co.jp/en/insights/cities_with_innovation_research_unit_okinawa_institute_of_science_and_technology_onna-son_village.html]
[www.nikken.co.jp/en/insights/kyoto_research_park.html]
[www.nikken.co.jp/en/news/news/tg1is20000004rxz-img/20240301_ogp.jpg]
[www.nikken.co.jp/en/news/news/tg1is20000004rxz-img/20240301_01.jpg]
[www.nikken.co.jp/en/news/news/tg1is20000004rxz-img/20240301_02.jpg]
[www.nikken.co.jp/en/news/news/tg1is20000004rxz-img/tg1is20000004rzu.jpg]
[www.nikken.co.jp/en/news/news/tg1is20000004rxz-img/20240301_04.jpg]
[www.nikken.co.jp/en/news/news/2024_03_01.html]
[www.nikken.co.jp/en/news/awards/2023_12_19.html]
[www.nikken.co.jp/en/news/news/2018_11_15_02.html]
[www.nikken.co.jp/en/news/news/2018_11_14.html]
[www.nikken.co.jp/en/news/news/tg1is200000008dv-img/20190116-ogp.jpg]
[www.nikken.co.jp/en/news/news/tg1is200000008dv-img/20190116_01.jpg]
[www.nikken.co.jp/en/news/news/2019_01_16.html]
[www.nikken.co.jp/en/news/news/2019_01_18.html]
[www.nikken.co.jp/en/projects/tg1is20000003acg-img/pj0236_00_ogp.jpg]
[www.nikken.co.jp/en/projects/tg1is20000003acg-img/pj0236_00_top.jpg]
[www.nikken.co.jp/en/projects/tg1is20000003acg-img/pj0236_00_sp.jpg]
[www.nikken.co.jp/en/projects/tg1is20000003acg-img/pj0236_02.jpg]
[www.nikken.co.jp/en/projects/tg1is20000003acg-img/pj0236_03.jpg]
[www.nikken.co.jp/en/projects/tg1is20000003acg-img/pj0236_04.jpg]
[www.nikken.co.jp/en/projects/tg1is20000003acg-img/pj0236_05.jpg]
[www.nikken.co.jp/en/projects/tg1is20000003acg-img/pj0236_06.jpg]
[www.nikken.co.jp/en/projects/tg1is20000003acg-img/pj0236_07.jpg]
[www.nikken.co.jp/en/projects/tg1is20000003acg-img/pj0236_08.jpg]
[www.nikken.co.jp/en/projects/tg1is20000003acg-img/pj0236_09.jpg]
[www.nikken.co.jp/en/projects/tg1is20000003acg-img/pj0236_10.jpg]
[www.nikken.co.jp/en/projects/tg1is20000003acg-img/pj0236_11.jpg]
[www.nikken.co.jp/en/projects/tg1is20000003acg-img/pj0236_12.png]
[www.nikken.co.jp/en/projects/mixed_use/cadre_international_tod_center.html]
[www.nikken.co.jp/en/projects/mixed_use/longfor_paradise_walk_at_shapingba_railway_staion.html]
[www.nikken.co.jp/en/news/news/tg1is20000001bsd-img/20191128_ogp.jpg]
[www.nikken.co.jp/en/news/news/tg1is20000001bsd-img/20191128.jpg]
[www.nikken.co.jp/en/news/news/2019_11_28.html]
[www.nikken.co.jp/en/news/news/2019_11_11.html]
[www.nikken.co.jp/en/news/news/tg1is20000002qvz-img/20200213_ogp.jpg]
[www.nikken.co.jp/en/news/news/tg1is20000002qvz-img/20200213_01.jpg]
[www.nikken.co.jp/en/news/news/tg1is20000002qvz-img/20200213_02.jpg]
[www.nikken.co.jp/en/news/news/tg1is20000002qvz-img/20200213_03.jpg]
[www.nikken.co.jp/en/news/news/2020_02_13.html]
[www.nikken.co.jp/en/news/news/2020_03_06.html]
[www.nikken.co.jp/en/projects/tg1is20000003a7x-img/pj0235_00_ogp.jpg]
[www.nikken.co.jp/en/projects/tg1is20000003a7x-img/pj0235_00_top.jpg]
[www.nikken.co.jp/en/projects/tg1is20000003a7x-img/pj0235_00_sp.jpg]
[www.nikken.co.jp/en/projects/tg1is20000003a7x-img/pj0235_02.jpg]
[www.nikken.co.jp/en/projects/tg1is20000003a7x-img/pj0235_03.jpg]
[www.nikken.co.jp/en/projects/tg1is20000003a7x-img/pj0235_04.jpg]
[www.nikken.co.jp/en/projects/tg1is20000003a7x-img/pj0235_05.jpg]
[www.nikken.co.jp/en/projects/tg1is20000003a7x-img/pj0235_06.jpg]
[www.nikken.co.jp/en/projects/tg1is20000003a7x-img/pj0235_07.jpg]
[www.nikken.co.jp/en/projects/commercial_retail/kyoto_zero_gate.html]
[www.nikken.co.jp/en/projects/commercial_retail/xinyuan_honey_mart.html]
[www.nikken.co.jp/en/projects/tg1is20000004u6s-img/pj0296_00_ogp.jpg]
[www.nikken.co.jp/en/projects/tg1is20000004u6s-img/pj0296_00_top.jpg]
[www.nikken.co.jp/en/projects/tg1is20000004u6s-img/pj0296_00_sp.jpg]
[www.nikken.co.jp/en/projects/tg1is20000004u6s-img/pj0296_02.png]
[www.nikken.co.jp/en/projects/tg1is20000004u6s-img/pj0296_03.jpg]
[www.nikken.co.jp/en/projects/tg1is20000004u6s-img/pj0296_04.png]
[www.nikken.co.jp/en/projects/tg1is20000004u6s-img/pj0296_05.jpg]
[www.nikken.co.jp/en/projects/tg1is20000004u6s-img/pj0296_06.jpg]
[www.nikken.co.jp/en/projects/tg1is20000004u6s-img/pj0296_07.png]
[www.nikken.co.jp/en/projects/tg1is20000004u6s-img/pj0296_08.jpg]
[www.nikken.co.jp/en/projects/tg1is20000004u6s-img/pj0296_09.jpg]
[www.nikken.co.jp/en/projects/tg1is20000004u6s-img/pj0296_10.jpg]
[www.nikken.co.jp/en/projects/tg1is20000004u6s-img/pj0296_11.jpg]
[www.nikken.co.jp/en/projects/interior_design/mixi_inc_tokyo_office.html]
[www.nikken.co.jp/en/projects/interior_design/the_court_jingu_gaien.html]
[www.nikken.co.jp/en/projects/tg1is20000002xtp-img/pj0220_00_ogp.jpg]
[www.nikken.co.jp/en/projects/tg1is20000002xtp-img/pj0220_00_top.jpg]
[www.nikken.co.jp/en/projects/tg1is20000002xtp-img/pj0220_00_sp.jpg]
[www.nikken.co.jp/en/projects/tg1is20000002xtp-img/pj0220_02.png]
[www.nikken.co.jp/en/projects/tg1is20000002xtp-img/pj0220_03.jpg]
[www.nikken.co.jp/en/projects/tg1is20000002xtp-img/pj0220_04.jpg]
[www.nikken.co.jp/en/projects/tg1is20000002xtp-img/pj0220_05.jpg]
[www.nikken.co.jp/en/projects/tg1is20000002xtp-img/pj0220_06.png]
[www.nikken.co.jp/en/projects/tg1is20000002xtp-img/pj0220_07.png]
[www.nikken.co.jp/en/projects/tg1is20000002xtp-img/pj0220_08.png]
[www.nikken.co.jp/en/projects/tg1is20000002xtp-img/pj0220_09.png]
[www.nikken.co.jp/en/projects/tg1is20000002xtp-img/pj0220_10.jpg]
[www.nikken.co.jp/en/projects/tg1is20000002xtp-img/pj0220_11.jpg]
[www.nikken.co.jp/en/projects/education/kokugakuin_university_sogogakushukan.html]
[www.nikken.co.jp/en/projects/education/global_front_surugadai_campus_meiji_university.html]
[www.nikken.co.jp/en/projects/p4iusj0000000kia-img/pj0019_00_top.jpg]
[www.nikken.co.jp/en/projects/p4iusj0000000kia-img/pj0019_02.jpg]
[www.nikken.co.jp/en/projects/p4iusj0000000kia-img/pj0019_03.jpg]
[www.nikken.co.jp/en/projects/p4iusj0000000kia-img/pj0019_04.jpg]
[www.nikken.co.jp/en/projects/p4iusj0000000kia-img/pj0019_05.jpg]
[www.nikken.co.jp/en/projects/p4iusj0000000kia-img/pj0019_06.jpg]
[www.nikken.co.jp/en/projects/p4iusj0000000kia-img/pj0019_07.jpg]
[www.nikken.co.jp/en/projects/p4iusj0000000kia-img/pj0019_08.jpg]
[www.nikken.co.jp/en/projects/mixed_use/nakanoshima_festival_tower_festival_tower_west.html]
[www.nikken.co.jp/en/projects/transit_oriented_development/queens_square_yokohama.html]
[www.nikken.co.jp/en/projects/tg1is20000002yd6-img/pj0214_00_ogp.jpg]
[www.nikken.co.jp/en/projects/tg1is20000002yd6-img/pj0214_00_top.jpg]
[www.nikken.co.jp/en/projects/tg1is20000002yd6-img/pj0214_01_tmb.jpg]
[www.nikken.co.jp/en/projects/tg1is20000002yd6-img/pj0214_02.jpg]
[www.nikken.co.jp/en/projects/tg1is20000002yd6-img/pj0214_03.jpg]
[www.nikken.co.jp/en/projects/tg1is20000002yd6-img/pj0214_04.jpg]
[www.nikken.co.jp/en/projects/tg1is20000002yd6-img/pj0214_05.jpg]
[www.nikken.co.jp/en/projects/tg1is20000002yd6-img/pj0214_06.jpg]
[www.nikken.co.jp/en/projects/tg1is20000002yd6-img/pj0214_07.jpg]
[www.nikken.co.jp/en/projects/tg1is20000002yd6-img/pj0214_08.jpg]
[www.nikken.co.jp/en/projects/urban_design_and_planning/beijing_dongba_rail_yard_district.html]
[www.nikken.co.jp/en/projects/urban_design_and_planning/north_riyadh.html]
[www.nikken.co.jp/en/projects/tg1is20000003ezl-img/pj0244_00_ogp.jpg]
[www.nikken.co.jp/en/projects/tg1is20000003ezl-img/pj0244_00_top.jpg]
[www.nikken.co.jp/en/projects/tg1is20000003ezl-img/pj0244_00_sp.jpg]
[www.nikken.co.jp/en/projects/tg1is20000003ezl-img/pj0244_02.jpg]
[www.nikken.co.jp/en/projects/tg1is20000003ezl-img/pj0244_03.jpg]
[www.nikken.co.jp/en/projects/tg1is20000003ezl-img/pj0244_04.jpg]
[www.nikken.co.jp/en/projects/tg1is20000003ezl-img/pj0244_05.jpg]
[www.nikken.co.jp/en/projects/tg1is20000003ezl-img/pj0244_06.jpg]
[www.nikken.co.jp/en/projects/tg1is20000003ezl-img/pj0244_07.jpg]
[www.nikken.co.jp/en/projects/tg1is20000003ezl-img/pj0244_08.jpg]
[www.nikken.co.jp/en/projects/tg1is20000003ezl-img/pj0244_09.jpg]
[www.nikken.co.jp/en/projects/tg1is20000003ezl-img/pj0244_10.jpg]
[www.nikken.co.jp/en/projects/tg1is20000003ezl-img/pj0244_11.jpg]
[www.nikken.co.jp/en/projects/hospitality/the_ritz_carlton_nikko.html]
[www.nikken.co.jp/en/projects/hospitality/conradosaka.html]
[www.nikken.co.jp/en/projects/tg1is20000004wqo-img/pj0307_00_ogp.jpg]
[www.nikken.co.jp/en/projects/tg1is20000004wqo-img/pj0307_00_top.jpg]
[www.nikken.co.jp/en/projects/tg1is20000004wqo-img/pj0307_00_sp.jpg]
[www.nikken.co.jp/en/projects/tg1is20000004wqo-img/pj0307_02.jpg]
[www.nikken.co.jp/en/projects/tg1is20000004wqo-img/pj0307_03.png]
[www.nikken.co.jp/en/projects/tg1is20000004wqo-img/pj0307_04.jpg]
[www.nikken.co.jp/en/projects/tg1is20000004wqo-img/pj0307_05.jpg]
[www.nikken.co.jp/en/projects/tg1is20000004wqo-img/pj0307_06.jpg]
[www.nikken.co.jp/en/projects/tg1is20000004wqo-img/pj0307_07.jpg]
[www.nikken.co.jp/en/projects/tg1is20000004wqo-img/pj0307_08.png]
[www.nikken.co.jp/en/projects/tg1is20000004wqo-img/pj0307_09.jpg]
[www.nikken.co.jp/en/projects/tg1is20000004wqo-img/pj0307_10.jpg]
[www.nikken.co.jp/en/projects/tg1is20000004wqo-img/pj0307_11.png]
[www.nikken.co.jp/en/projects/tg1is20000004wqo-img/pj0307_12.jpg]
[www.nikken.co.jp/en/projects/tg1is20000004wqo-img/pj0307_13.jpg]
[www.nikken.co.jp/en/projects/tg1is20000004wqo-img/pj0307_14.jpg]
[www.nikken.co.jp/en/projects/tg1is20000004wqo-img/pj0307_15.jpg]
[www.nikken.co.jp/en/projects/tg1is20000004wqo-img/pj0307_16.jpg]
[www.nikken.co.jp/en/projects/tg1is20000004wqo-img/pj0307_17.jpg]
[www.nikken.co.jp/en/projects/tg1is20000004wqo-img/pj0307_18.png]
[www.nikken.co.jp/en/projects/tg1is20000004wqo-img/pj0307_19.png]
[www.nikken.co.jp/en/projects/office/hd_hyundai_global_r_and_d_center_grc.html]
[www.nikken.co.jp/en/projects/office/niseko_hanazono_resort_new_restaurant_cafe_and_bar_hanazono_edge.html]
[www.nikken.co.jp/en/projects/tg1is20000004l01-img/pj0285_00_ogp.jpg]
[www.nikken.co.jp/en/projects/tg1is20000004l01-img/pj0285_00_top.jpg]
[www.nikken.co.jp/en/projects/tg1is20000004l01-img/pj0285_00_sp.jpg]
[www.nikken.co.jp/en/projects/tg1is20000004l01-img/pj0285_02.jpg]
[www.nikken.co.jp/en/projects/tg1is20000004l01-img/pj0285_03.png]
[www.nikken.co.jp/en/projects/tg1is20000004l01-img/pj0285_04.png]
[www.nikken.co.jp/en/projects/tg1is20000004l01-img/pj0285_05.jpg]
[www.nikken.co.jp/en/projects/tg1is20000004l01-img/pj0285_06.jpg]
[www.nikken.co.jp/en/projects/tg1is20000004l01-img/pj0285_07.jpg]
[www.nikken.co.jp/en/projects/tg1is20000004l01-img/pj0285_08.png]
[www.nikken.co.jp/en/projects/tg1is20000004l01-img/pj0285_09.jpg]
[www.nikken.co.jp/en/projects/tg1is20000004l01-img/pj0285_10.jpg]
[www.nikken.co.jp/en/projects/tg1is20000004l01-img/pj0285_11.jpg]
[www.nikken.co.jp/en/projects/tg1is20000004l01-img/pj0285_12.jpg]
[www.nikken.co.jp/en/projects/tg1is20000004l01-img/pj0285_13.jpg]
[www.nikken.co.jp/en/projects/tg1is20000004l01-img/pj0285_14.jpg]
[www.nikken.co.jp/en/projects/tg1is20000004l01-img/pj0285_15.png]
[www.nikken.co.jp/en/projects/office/awa_bank_head_office_sales_department_building.html]
[www.nikken.co.jp/en/projects/office/sweets_bank.html]
[www.nikken.co.jp/en/about/people/p4iusj0000001c90-img/000000-so_suzuki_main.jpg]
[www.nikken.co.jp/en/expertise/mep_engineering/p4iusj00000013xq-img/p4iusj00000013y3.jpg]
[www.nikken.co.jp/en/about/people/so_suzuki.html]
[www.nikken.co.jp/en/about/people/p4iusj0000001cbn-img/000000-taro_hongo_main.jpg]
[www.nikken.co.jp/en/about/people/taro_hongo.html]
[www.nikken.co.jp/en/about/people/p4iusj0000001cal-img/000000-tatsuya_hatori_main.jpg]
[www.nikken.co.jp/en/about/people/tatsuya_hatori.html]
[www.nikken.co.jp/en/expertise/sustainability_resilience/tg1is20000004k7t-img/zhongguancun_ogp.jpg]
[www.nikken.co.jp/en/expertise/sustainability_resilience/tg1is20000004k7t-img/zhongguancun_main.jpg]
[www.nikken.co.jp/en/expertise/sustainability_resilience/tg1is20000004k7t-img/zhongguancun_sp.jpg]
[www.nikken.co.jp/en/expertise/sustainability_resilience/tg1is20000004k7t-img/zhongguancun_01.jpg]
[www.nikken.co.jp/en/expertise/sustainability_resilience/tg1is20000004k7t-img/zhongguancun_02.jpg]
[www.nikken.co.jp/en/expertise/sustainability_resilience/tg1is20000004k7t-img/zhongguancun_03.jpg]
[www.nikken.co.jp/en/expertise/sustainability_resilience/tg1is20000004k7t-img/zhongguancun_04.jpg]
[www.nikken.co.jp/en/expertise/sustainability_resilience/tg1is20000004k7t-img/zhongguancun_05.jpg]
[www.nikken.co.jp/en/expertise/sustainability_resilience/tg1is20000004k7t-img/zhongguancun_06.jpg]
[www.nikken.co.jp/en/expertise/sustainability_resilience/tg1is20000004k7t-img/zhongguancun_07.jpg]
[www.nikken.co.jp/en/expertise/sustainability_resilience/tg1is20000004k7t-img/zhongguancun_08.jpg]
[www.nikken.co.jp/en/expertise/sustainability_resilience/tg1is20000004k7t-img/zhongguancun_09.jpg]
[www.nikken.co.jp/en/expertise/sustainability_resilience/tg1is20000004k7t-img/zhongguancun_10.jpg]
[www.nikken.co.jp/en/expertise/sustainability_resilience/tg1is20000004k7t-img/zhongguancun_11.jpg]
[www.nikken.co.jp/en/expertise/sustainability_resilience/tg1is20000004k7t-img/zhongguancun_12.jpg]
[www.nikken.co.jp/en/expertise/sustainability_resilience/tg1is20000004k7t-img/zhongguancun_13.jpg]
[www.nikken.co.jp/en/expertise/sustainability_resilience/tg1is20000004k7t-img/zhongguancun_14.jpg]
[www.nikken.co.jp/en/expertise/sustainability_resilience/tg1is20000004k7t-img/zhongguancun_15.jpg]
[www.nikken.co.jp/en/about/people/kenichiro_nakatani.html]
[www.nikken.co.jp/en/about/people/p4iusj0000000ulu-img/000196-kenichiro_nakatani_tmb.jpg]
[www.nikken.co.jp/en/about/people/naoki_morii.html]
[www.nikken.co.jp/en/about/people/tg1is20000004kf6-img/naoki_morii_tmb.jpg]
[www.nikken.co.jp/en/about/people/li_li.html]
[www.nikken.co.jp/en/about/people/tg1is20000004kfx-img/li_li_tmb.jpg]
[www.nikken.co.jp/en/about/people/kamei_satoshi.html]
[www.nikken.co.jp/en/about/people/tg1is20000004kr7-img/kamei_satoshi_tmb.jpg]
[www.nikken.co.jp/en/about/people/zhao_weiyong.html]
[www.nikken.co.jp/en/about/people/tg1is20000004kqg-img/zhao_weiyong_tmb.jpg]
[www.nikken.co.jp/en/expertise/sustainability_resilience/zhongguancun.html]
[www.nikken.co.jp/en/expertise/sustainability_resilience/supporting_mcp_for_sophisticated_hospital_functions_even_in_a_disaster.html]
[www.nikken.co.jp/en/projects/tg1is20000003fhv-img/pj0200_00_ogp.jpg]
[www.nikken.co.jp/en/projects/tg1is20000003fhv-img/pj0200_00_top.jpg]
[www.nikken.co.jp/en/projects/tg1is20000003fhv-img/pj0200_00_sp.jpg]
[www.nikken.co.jp/en/projects/tg1is20000003fhv-img/pj0200_02.jpg]
[www.nikken.co.jp/en/projects/tg1is20000003fhv-img/pj0200_03.jpg]
[www.nikken.co.jp/en/projects/tg1is20000003fhv-img/pj0200_04.jpg]
[www.nikken.co.jp/en/projects/tg1is20000003fhv-img/pj0200_05.jpg]
[www.nikken.co.jp/en/projects/tg1is20000003fhv-img/pj0200_06.jpg]
[www.nikken.co.jp/en/projects/tg1is20000003fhv-img/pj0200_07.jpg]
[www.nikken.co.jp/en/projects/tg1is20000003fhv-img/pj0200_08.jpg]
[www.nikken.co.jp/en/projects/tg1is20000003fhv-img/pj0200_09.jpg]
[www.nikken.co.jp/en/projects/tg1is20000003fhv-img/pj0200_10.jpg]
[www.nikken.co.jp/en/projects/tg1is20000003fhv-img/pj0200_11.jpg]
[www.nikken.co.jp/en/projects/office/nagasaki_government_office_building.html]
[www.nikken.co.jp/en/projects/office/museum_tower_kyobashi.html]
[www.nikken.co.jp/en/projects/p4iusj0000000nhj-img/pj0044_00_top.jpg]
[www.nikken.co.jp/en/projects/p4iusj0000000nhj-img/pj0044_02.jpg]
[www.nikken.co.jp/en/projects/p4iusj0000000nhj-img/pj0044_03.jpg]
[www.nikken.co.jp/en/projects/p4iusj0000000nhj-img/pj0044_04.jpg]
[www.nikken.co.jp/en/projects/p4iusj0000000nhj-img/pj0044_05.jpg]
[www.nikken.co.jp/en/projects/p4iusj0000000nhj-img/pj0044_06.jpg]
[www.nikken.co.jp/en/projects/p4iusj0000000nhj-img/pj0044_07.jpg]
[www.nikken.co.jp/en/projects/p4iusj0000000nhj-img/pj0044_08.jpg]
[www.nikken.co.jp/en/projects/p4iusj0000000nhj-img/pj0044_09.jpg]
[www.nikken.co.jp/en/projects/office/daibiru_honkan_building.html]
[www.nikken.co.jp/en/projects/office/nbf_osaki_building.html]
[www.nikken.co.jp/en/expertise/mep_engineering/tg1is20000002qys-img/coolcity_ogp.jpg]
[www.nikken.co.jp/en/expertise/mep_engineering/tg1is20000002qys-img/coolcity_main.jpg]
[www.nikken.co.jp/en/expertise/mep_engineering/tg1is20000002qys-img/coolcity_sp.jpg]
[www.nikken.co.jp/en/expertise/mep_engineering/tg1is20000002qys-img/coolcity_01.jpg]
[www.nikken.co.jp/en/expertise/mep_engineering/tg1is20000002qys-img/coolcity_02.jpg]
[www.nikken.co.jp/en/expertise/mep_engineering/tg1is20000002qys-img/coolcity_03.jpg]
[www.nikken.co.jp/en/expertise/mep_engineering/tg1is20000002qys-img/coolcity_04.jpg]
[www.nikken.co.jp/en/expertise/mep_engineering/tg1is20000002qys-img/border.gif]
[www.nikken.co.jp/en/expertise/mep_engineering/tg1is20000002qys-img/coolcity_05.jpg]
[www.nikken.co.jp/en/expertise/mep_engineering/tg1is20000002qys-img/coolcity_06.jpg]
[www.nikken.co.jp/en/expertise/mep_engineering/tg1is20000002qys-img/coolcity_07.jpg]
[www.nikken.co.jp/en/expertise/mep_engineering/tg1is20000002qys-img/coolcity_08.jpg]
[www.nikken.co.jp/en/expertise/mep_engineering/tg1is20000002qys-img/coolcity_09.jpg]
[www.nikken.co.jp/en/expertise/mep_engineering/tg1is20000002qys-img/coolcity_10.jpg]
[www.nikken.co.jp/en/expertise/mep_engineering/tg1is20000002qys-img/coolcity_11.jpg]
[www.nikken.co.jp/en/expertise/mep_engineering/tg1is20000002qys-img/coolcity_12.jpg]
[www.nikken.co.jp/en/expertise/mep_engineering/tg1is20000002qys-img/coolcity_13.jpg]
[www.nikken.co.jp/en/expertise/mep_engineering/tg1is20000002qys-img/coolcity_14.jpg]
[www.nikken.co.jp/en/expertise/mep_engineering/tg1is20000002qys-img/coolcity_15.jpg]
[www.nikken.co.jp/en/expertise/mep_engineering/cool_city.html]
[www.nikken.co.jp/en/expertise/mep_engineering/S_on_light_and_space.html]
[www.nikken.co.jp/en/insights/tg1is20000004qsp-img/kyoto_research_park_ogp.jpg]
[www.nikken.co.jp/en/insights/tg1is20000004qsp-img/kyoto_research_park_main.jpg]
[www.nikken.co.jp/en/insights/tg1is20000004qsp-img/kyoto_research_park_sp.jpg]
[www.nikken.co.jp/en/insights/tg1is20000004qsp-img/kyoto_research_park_01.jpg]
[www.nikken.co.jp/en/insights/tg1is20000004qsp-img/kyoto_research_park_02.jpg]
[www.nikken.co.jp/en/insights/tg1is20000004qsp-img/kyoto_research_park_03.jpg]
[www.nikken.co.jp/en/insights/tg1is20000004qsp-img/kyoto_research_park_04.jpg]
[www.nikken.co.jp/en/insights/tg1is20000004qsp-img/kyoto_research_park_05.jpg]
[www.nikken.co.jp/en/insights/tg1is20000004qsp-img/kyoto_research_park_06.jpg]
[www.nikken.co.jp/en/insights/tg1is20000004qsp-img/kyoto_research_park_07.jpg]
[www.nikken.co.jp/en/insights/tg1is20000004qsp-img/kyoto_research_park_08.jpg]
[www.nikken.co.jp/en/insights/tg1is20000004qsp-img/kyoto_research_park_09.jpg]
[www.nikken.co.jp/en/insights/tg1is20000004qsp-img/kyoto_research_park_10.jpg]
[www.nikken.co.jp/en/insights/tg1is20000004qsp-img/kyoto_research_park_11.jpg]
[www.nikken.co.jp/en/insights/kyoto_research_park.html]
[www.nikken.co.jp/en/news/awards/tg1is20000004or7-img/20231219_ogp.jpg]
[www.nikken.co.jp/en/news/awards/tg1is20000004or7-img/20231219_01.jpg]
[www.nikken.co.jp/en/news/awards/tg1is20000004or7-img/20231219_02.jpg]
[www.nikken.co.jp/en/news/awards/tg1is20000004or7-img/20231219_03.jpg]
[www.nikken.co.jp/en/news/awards/tg1is20000004or7-img/tg1is20000004otd.jpg]
[www.nikken.co.jp/en/news/awards/2023_12_19.html]
[www.nikken.co.jp/en/news/news/2023_12_11.html]
[www.nikken.co.jp/en/news/news/2018_11_14.html]
[www.nikken.co.jp/en/news/news/2018_10_12.html]
[www.nikken.co.jp/en/news/news/tg1is200000008n2-img/20190118_ogp.jpg]
[www.nikken.co.jp/en/news/news/tg1is200000008n2-img/20190130_01.jpg]
[www.nikken.co.jp/en/news/news/tg1is200000008n2-img/20190130_02.jpg]
[www.nikken.co.jp/en/news/news/tg1is200000008n2-img/20190130_03.jpg]
[www.nikken.co.jp/en/news/news/tg1is200000008n2-img/20190130_04.jpg]
[www.nikken.co.jp/en/news/news/tg1is200000008n2-img/20190130_05.jpg]
[www.nikken.co.jp/en/news/news/2019_01_18.html]
[www.nikken.co.jp/en/news/news/2019_01_20.html]
[www.nikken.co.jp/en/projects/tg1is20000003ah5-img/pj0237_00_ogp.jpg]
[www.nikken.co.jp/en/projects/tg1is20000003ah5-img/pj0237_00_top.jpg]
[www.nikken.co.jp/en/projects/tg1is20000003ah5-img/pj0237_00_sp.jpg]
[www.nikken.co.jp/en/projects/tg1is20000003ah5-img/pj0237_02.jpg]
[www.nikken.co.jp/en/projects/tg1is20000003ah5-img/pj0237_03.jpg]
[www.nikken.co.jp/en/projects/tg1is20000003ah5-img/pj0237_04.jpg]
[www.nikken.co.jp/en/projects/tg1is20000003ah5-img/pj0237_05.jpg]
[www.nikken.co.jp/en/projects/tg1is20000003ah5-img/pj0237_06.jpg]
[www.nikken.co.jp/en/projects/tg1is20000003ah5-img/pj0237_07.jpg]
[www.nikken.co.jp/en/projects/tg1is20000003ah5-img/pj0237_08.jpg]
[www.nikken.co.jp/en/projects/tg1is20000003ah5-img/pj0237_09.jpg]
[www.nikken.co.jp/en/projects/tg1is20000003ah5-img/pj0237_10.jpg]
[www.nikken.co.jp/en/projects/mixed_use/longfor_paradise_walk_at_shapingba_railway_staion.html]
[www.nikken.co.jp/en/projects/mixed_use/xinyuan_honey_mart.html]
[www.nikken.co.jp/en/news/news/tg1is20000000vyd-img/20191111_ogp.jpg]
[www.nikken.co.jp/en/news/news/tg1is20000000vyd-img/20191111_01.jpg]
[www.nikken.co.jp/en/news/news/tg1is20000000vyd-img/20191111_02.jpg]
[www.nikken.co.jp/en/news/news/tg1is20000000vyd-img/20191111_03.jpg]
[www.nikken.co.jp/en/news/news/tg1is20000000vyd-img/20191111_04.jpg]
[www.nikken.co.jp/en/news/news/tg1is20000000vyd-att/IHF_Award.pdf]
[www.nikken.co.jp/en/news/news/2019_11_11.html]
[www.nikken.co.jp/en/news/news/2019_10_31.html]
[www.nikken.co.jp/en/news/news/tg1is20000002t69-img/20200306_ogp.jpg]
[www.nikken.co.jp/en/news/news/tg1is20000002t69-img/20200306_01.jpg]
[www.nikken.co.jp/en/news/news/tg1is20000002t69-img/20200306_02.jpg]
[www.nikken.co.jp/en/news/news/tg1is20000002t69-img/20200306_03.jpg]
[www.nikken.co.jp/en/news/news/tg1is20000002t69-img/20200306_04.jpg]
[www.nikken.co.jp/en/news/news/2020_03_06.html]
[www.nikken.co.jp/en/news/news/2020_03_19.html]
[www.nikken.co.jp/en/projects/tg1is20000003aqd-img/pj0238_00_ogp.jpg]
[www.nikken.co.jp/en/projects/tg1is20000003aqd-img/pj0238_00_top.jpg]
[www.nikken.co.jp/en/projects/tg1is20000003aqd-img/pj0238_00_sp.jpg]
[www.nikken.co.jp/en/projects/tg1is20000003aqd-img/pj0238_02.jpg]
[www.nikken.co.jp/en/projects/tg1is20000003aqd-img/pj0238_03.jpg]
[www.nikken.co.jp/en/projects/tg1is20000003aqd-img/pj0238_04.jpg]
[www.nikken.co.jp/en/projects/tg1is20000003aqd-img/pj0238_05.jpg]
[www.nikken.co.jp/en/projects/tg1is20000003aqd-img/pj0238_06.jpg]
[www.nikken.co.jp/en/projects/tg1is20000003aqd-img/pj0238_07.jpg]
[www.nikken.co.jp/en/projects/tg1is20000003aqd-img/pj0238_08.jpg]
[www.nikken.co.jp/en/projects/tg1is20000003aqd-img/pj0238_09.jpg]
[www.nikken.co.jp/en/projects/tg1is20000003aqd-img/pj0239_01_tmb.jpg]
[www.nikken.co.jp/en/projects/commercial_retail/xinyuan_honey_mart.html]
[www.nikken.co.jp/en/projects/commercial_retail/umeda_hankyu_building.html]
[www.nikken.co.jp/en/projects/tg1is20000004uc2-img/pj0297_00_ogp.jpg]
[www.nikken.co.jp/en/projects/tg1is20000004uc2-img/pj0297_00_top.jpg]
[www.nikken.co.jp/en/projects/tg1is20000004uc2-img/pj0297_00_sp.jpg]
[www.nikken.co.jp/en/projects/tg1is20000004uc2-img/pj0297_02.jpg]
[www.nikken.co.jp/en/projects/tg1is20000004uc2-img/pj0297_03.jpg]
[www.nikken.co.jp/en/projects/tg1is20000004uc2-img/pj0297_04.jpg]
[www.nikken.co.jp/en/projects/tg1is20000004uc2-img/pj0297_05.jpg]
[www.nikken.co.jp/en/projects/tg1is20000004uc2-img/pj0297_06.jpg]
[www.nikken.co.jp/en/projects/tg1is20000004uc2-img/pj0297_07.jpg]
[www.nikken.co.jp/en/projects/tg1is20000004uc2-img/pj0297_08.jpg]
[www.nikken.co.jp/en/projects/tg1is20000004uc2-img/pj0297_09.jpg]
[www.nikken.co.jp/en/projects/tg1is20000004uc2-img/pj0297_10.jpg]
[www.nikken.co.jp/en/projects/tg1is20000004uc2-img/pj0297_11.jpg]
[www.nikken.co.jp/en/projects/tg1is20000004uc2-img/pj0297_12.jpg]
[www.nikken.co.jp/en/projects/tg1is20000004uc2-img/pj0297_13.png]
[www.nikken.co.jp/en/projects/interior_design/the_court_jingu_gaien.html]
[www.nikken.co.jp/en/projects/interior_design/proud_ebisu_hillside_garden.html]
[www.nikken.co.jp/en/projects/tg1is200000043kk-img/pj0262_00_ogp.jpg]
[www.nikken.co.jp/en/projects/tg1is200000043kk-img/pj0262_00_top.jpg]
[www.nikken.co.jp/en/projects/tg1is200000043kk-img/pj0262_00_sp.jpg]
[www.nikken.co.jp/en/projects/tg1is200000043kk-img/pj0262_02.png]
[www.nikken.co.jp/en/projects/tg1is200000043kk-img/pj0262_03.png]
[www.nikken.co.jp/en/projects/tg1is200000043kk-img/pj0262_04.jpg]
[www.nikken.co.jp/en/projects/tg1is200000043kk-img/pj0262_05.jpg]
[www.nikken.co.jp/en/projects/tg1is200000043kk-img/pj0262_06.png]
[www.nikken.co.jp/en/projects/tg1is200000043kk-img/pj0262_07.jpg]
[www.nikken.co.jp/en/projects/tg1is200000043kk-img/pj0262_08.jpg]
[www.nikken.co.jp/en/projects/tg1is200000043kk-img/pj0262_09.jpg]
[www.nikken.co.jp/en/projects/tg1is200000043kk-img/pj0262_10.jpg]
[www.nikken.co.jp/en/projects/tg1is200000043kk-img/pj0262_11.jpg]
[www.nikken.co.jp/en/projects/education/global_front_surugadai_campus_meiji_university.html]
[www.nikken.co.jp/en/projects/education/senshu_university_kanda_campus_building_no10_140th_anniversary_hall.html]
[www.nikken.co.jp/en/projects/p4iusj0000000ncv-img/pj0043_00_top.jpg]
[www.nikken.co.jp/en/projects/p4iusj0000000ncv-img/pj0043_00_top_SP.jpg]
[www.nikken.co.jp/en/projects/p4iusj0000000ncv-img/pj0043_02.jpg]
[www.nikken.co.jp/en/projects/p4iusj0000000ncv-img/pj0043_03.jpg]
[www.nikken.co.jp/en/projects/p4iusj0000000ncv-img/pj0043_04.jpg]
[www.nikken.co.jp/en/projects/p4iusj0000000ncv-img/pj0043_05.jpg]
[www.nikken.co.jp/en/projects/p4iusj0000000ncv-img/pj0043_06.jpg]
[www.nikken.co.jp/en/projects/p4iusj0000000ncv-img/pj0043_07.jpg]
[www.nikken.co.jp/en/projects/p4iusj0000000ncv-img/pj0043_08.jpg]
[www.nikken.co.jp/en/projects/p4iusj0000000ncv-img/pj0043_09.jpg]
[www.nikken.co.jp/en/projects/p4iusj0000000ncv-img/pj0043_10.jpg]
[www.nikken.co.jp/en/projects/mixed_use/nakanoshima_festival_tower_festival_tower_west.html]
[www.nikken.co.jp/en/projects/transit_oriented_development/shibuya_hikarie.html]
[www.nikken.co.jp/en/projects/tg1is20000002sfn-img/pj0256_00_ogp.jpg]
[www.nikken.co.jp/en/projects/tg1is20000002sfn-img/pj0256_00_top.jpg]
[www.nikken.co.jp/en/projects/tg1is20000002sfn-img/pj0256_00_sp.jpg]
[www.nikken.co.jp/en/projects/tg1is20000002sfn-img/pj0256_02.jpg]
[www.nikken.co.jp/en/projects/tg1is20000002sfn-img/pj0256_03.jpg]
[www.nikken.co.jp/en/projects/tg1is20000002sfn-img/pj0256_04.jpg]
[www.nikken.co.jp/en/projects/tg1is20000002sfn-img/pj0256_05.jpg]
[www.nikken.co.jp/en/projects/tg1is20000002sfn-img/pj0256_06.jpg]
[www.nikken.co.jp/en/projects/tg1is20000002sfn-img/pj0256_07.jpg]
[www.nikken.co.jp/en/projects/tg1is20000002sfn-img/pj0256_08.jpg]
[www.nikken.co.jp/en/projects/tg1is20000002sfn-img/pj0256_09.jpg]
[www.nikken.co.jp/en/projects/urban_design_and_planning/north_riyadh.html]
[www.nikken.co.jp/en/projects/urban_design_and_planning/new_financial_district_of_colombo_port_city.html]
[www.nikken.co.jp/en/projects/tg1is20000003j35-img/pj4urv0000001x3c.jpg]
[www.nikken.co.jp/en/projects/tg1is20000003j35-img/pj4urv0000001x3d.jpg]
[www.nikken.co.jp/en/projects/tg1is20000003j35-img/pj4urv0000001x4i.jpg]
[www.nikken.co.jp/en/projects/tg1is20000003j35-img/pj4urv0000001x4m.jpg]
[www.nikken.co.jp/en/projects/tg1is20000003j35-img/pj4urv0000001x4q.jpg]
[www.nikken.co.jp/en/projects/tg1is20000003j35-img/pj0250_05.png]
[www.nikken.co.jp/en/projects/tg1is20000003j35-img/pj4urv0000001x4y.jpg]
[www.nikken.co.jp/en/projects/tg1is20000003j35-img/tg1is20000003j7y.jpg]
[www.nikken.co.jp/en/projects/tg1is20000003j35-img/tg1is20000003j7s.jpg]
[www.nikken.co.jp/en/projects/tg1is20000003j35-img/pj4urv0000001x5a.jpg]
[www.nikken.co.jp/en/projects/tg1is20000003j35-img/tg1is20000003j7a.jpg]
[www.nikken.co.jp/en/projects/hospitality/conradosaka.html]
[www.nikken.co.jp/en/projects/hospitality/w_osaka.html]
[www.nikken.co.jp/en/projects/tg1is20000004zh3-img/pj0315_00_ogp.jpg]
[www.nikken.co.jp/en/projects/tg1is20000004zh3-img/pj0315_00_top.jpg]
[www.nikken.co.jp/en/projects/tg1is20000004zh3-img/pj0315_00_sp.jpg]
[www.nikken.co.jp/en/projects/tg1is20000004zh3-img/pj0315_02.jpg]
[www.nikken.co.jp/en/projects/tg1is20000004zh3-img/pj0315_03.jpg]
[www.nikken.co.jp/en/projects/tg1is20000004zh3-img/pj0315_04.jpg]
[www.nikken.co.jp/en/projects/tg1is20000004zh3-img/pj0315_05.jpg]
[www.nikken.co.jp/en/projects/tg1is20000004zh3-img/pj0315_06.png]
[www.nikken.co.jp/en/projects/tg1is20000004zh3-img/pj0315_07.png]
[www.nikken.co.jp/en/projects/tg1is20000004zh3-img/pj0315_08.jpg]
[www.nikken.co.jp/en/projects/tg1is20000004zh3-img/pj0315_09.jpg]
[www.nikken.co.jp/en/projects/tg1is20000004zh3-img/pj0315_10.jpg]
[www.nikken.co.jp/en/projects/office/niseko_hanazono_resort_new_restaurant_cafe_and_bar_hanazono_edge.html]
[www.nikken.co.jp/en/projects/office/kose_nihonbashi_office.html]
[www.nikken.co.jp/en/projects/tg1is20000004jl0-img/pj0283_00_ogp.jpg]
[www.nikken.co.jp/en/projects/tg1is20000004jl0-img/pj0283_00_top.jpg]
[www.nikken.co.jp/en/projects/tg1is20000004jl0-img/pj0283_00_sp.jpg]
[www.nikken.co.jp/en/projects/tg1is20000004jl0-img/pj0283_02.jpg]
[www.nikken.co.jp/en/projects/tg1is20000004jl0-img/pj0283_03.jpg]
[www.nikken.co.jp/en/projects/tg1is20000004jl0-img/pj0283_04.jpg]
[www.nikken.co.jp/en/projects/tg1is20000004jl0-img/pj0283_05.jpg]
[www.nikken.co.jp/en/projects/tg1is20000004jl0-img/pj0283_06.jpg]
[www.nikken.co.jp/en/projects/tg1is20000004jl0-img/pj0283_07.jpg]
[www.nikken.co.jp/en/projects/tg1is20000004jl0-img/pj0283_08.jpg]
[www.nikken.co.jp/en/projects/tg1is20000004jl0-img/pj0283_09.jpg]
[www.nikken.co.jp/en/projects/tg1is20000004jl0-img/pj0283_10.png]
[www.nikken.co.jp/en/projects/tg1is20000004jl0-img/pj0283_11.png]
[www.nikken.co.jp/en/projects/tg1is20000004jl0-img/pj0283_12.png]
[www.nikken.co.jp/en/projects/tg1is20000004jl0-img/pj0283_13.png]
[www.nikken.co.jp/en/projects/tg1is20000004jl0-img/pj0283_14.jpg]
[www.nikken.co.jp/en/projects/tg1is20000004jl0-img/pj0283_15.jpg]
[www.nikken.co.jp/en/projects/tg1is20000004jl0-img/pj0283_16.jpg]
[www.nikken.co.jp/en/projects/tg1is20000004jl0-img/pj0283_17.jpg]
[www.nikken.co.jp/en/projects/tg1is20000004jl0-img/pj0283_18.jpg]
[www.nikken.co.jp/en/projects/office/sweets_bank.html]
[www.nikken.co.jp/en/projects/office/tadawul_tower.html]
[www.nikken.co.jp/en/about/people/p4iusj0000000ulu-img/000196-kenichiro_nakatani.jpg]
[www.nikken.co.jp/en/about/people/p4iusj0000000ulu-img/000196-kenichiro_nakatani_main.jpg]
[www.nikken.co.jp/en/about/people/kenichiro_nakatani.html]
[www.nikken.co.jp/en/about/people/tg1is20000004kf6-img/naoki_morii_ogp.jpg]
[www.nikken.co.jp/en/about/people/tg1is20000004kf6-img/naoki_morii_main.jpg]
[www.nikken.co.jp/en/about/people/naoki_morii.html]
[www.nikken.co.jp/en/about/people/tg1is20000004kfx-img/li_li_ogp.jpg]
[www.nikken.co.jp/en/about/people/tg1is20000004kfx-img/li_li_main.jpg]
[www.nikken.co.jp/en/about/people/li_li.html]
[www.nikken.co.jp/en/about/people/tg1is20000004kr7-img/kamei_satoshi_ogp.jpg]
[www.nikken.co.jp/en/about/people/tg1is20000004kr7-img/kamei_satoshi_main.jpg]
[www.nikken.co.jp/en/about/people/kamei_satoshi.html]
[www.nikken.co.jp/en/about/people/tg1is20000004kqg-img/zhao_weiyong_ogp.jpg]
[www.nikken.co.jp/en/about/people/tg1is20000004kqg-img/zhao_weiyong_main.jpg]
[www.nikken.co.jp/en/about/people/zhao_weiyong.html]
[www.nikken.co.jp/en/expertise/sustainability_resilience/p4iusj0000001msw-img/p4iusj0000001mt7.jpg]
[www.nikken.co.jp/en/expertise/sustainability_resilience/p4iusj0000001msw-img/p4iusj0000001mt8.jpg]
[www.nikken.co.jp/en/expertise/sustainability_resilience/p4iusj0000001msw-img/p4iusj0000001mtz.jpg]
[www.nikken.co.jp/en/expertise/sustainability_resilience/p4iusj0000001msw-img/p4iusj0000001muk.jpg]
[www.nikken.co.jp/en/expertise/sustainability_resilience/supporting_mcp_for_sophisticated_hospital_functions_even_in_a_disaster.html]
[www.nikken.co.jp/en/expertise/sustainability_resilience/yonago_public_hall_improving_performance_while_maintaining_the_beloved_appearance.html]
[www.nikken.co.jp/en/projects/tg1is20000003itn-img/pj0226_00_top.jpg]
[www.nikken.co.jp/en/projects/tg1is20000003itn-img/pj0226_00_sp.jpg]
[www.nikken.co.jp/en/projects/tg1is20000003itn-img/pj0226_02.jpg]
[www.nikken.co.jp/en/projects/tg1is20000003itn-img/pj0226_03.jpg]
[www.nikken.co.jp/en/projects/tg1is20000003itn-img/pj0226_04.jpg]
[www.nikken.co.jp/en/projects/tg1is20000003itn-img/pj0226_05.jpg]
[www.nikken.co.jp/en/projects/tg1is20000003itn-img/pj0226_06.jpg]
[www.nikken.co.jp/en/projects/tg1is20000003itn-img/pj0226_07.jpg]
[www.nikken.co.jp/en/projects/tg1is20000003itn-img/pj0226_08.jpg]
[www.nikken.co.jp/en/projects/tg1is20000003itn-img/pj0226_09.jpg]
[www.nikken.co.jp/en/projects/tg1is20000003itn-img/pj0226_10.jpg]
[www.nikken.co.jp/en/projects/office/museum_tower_kyobashi.html]
[www.nikken.co.jp/en/projects/office/amakusa_city_hall.html]
[www.nikken.co.jp/en/projects/p4iusj0000001fkl-img/pj0006_00_top.jpg]
[www.nikken.co.jp/en/projects/p4iusj0000001fkl-img/pj0006_00_top_SP.jpg]
[www.nikken.co.jp/en/projects/p4iusj0000001fkl-img/pj0006_02.jpg]
[www.nikken.co.jp/en/projects/p4iusj0000001fkl-img/pj0006_03.jpg]
[www.nikken.co.jp/en/projects/p4iusj0000001fkl-img/pj0006_04.jpg]
[www.nikken.co.jp/en/projects/p4iusj0000001fkl-img/pj0006_05.jpg]
[www.nikken.co.jp/en/projects/p4iusj0000001fkl-img/pj0006_06.jpg]
[www.nikken.co.jp/en/projects/p4iusj0000001fkl-img/pj0006_07.jpg]
[www.nikken.co.jp/en/projects/p4iusj0000001fkl-img/pj0006_08.jpg]
[www.nikken.co.jp/en/projects/p4iusj0000001fkl-img/pj0006_09.jpg]
[www.nikken.co.jp/en/projects/p4iusj0000001fkl-img/pj0006_10.jpg]
[www.nikken.co.jp/en/projects/p4iusj0000001fkl-img/pj0006_11.jpg]
[www.nikken.co.jp/en/expertise/computational_design_bim/p4iusj0000001mqz-img/p4iusj0000001mrc.jpg]
[www.nikken.co.jp/en/projects/office/nbf_osaki_building.html]
[www.nikken.co.jp/en/projects/office/mokuzai_kaikan.html]
[www.nikken.co.jp/en/expertise/mep_engineering/p4iusj0000001414-img/p4iusj000000141f.jpg]
[www.nikken.co.jp/en/expertise/mep_engineering/p4iusj0000001414-img/p4iusj000000141g.jpg]
[www.nikken.co.jp/en/expertise/mep_engineering/p4iusj0000001414-img/p4iusj000000142h.png]
[www.nikken.co.jp/en/expertise/mep_engineering/p4iusj0000001414-img/p4iusj000000142l.png]
[www.nikken.co.jp/en/expertise/mep_engineering/p4iusj0000001414-img/p4iusj000000143p.png]
[www.nikken.co.jp/en/expertise/mep_engineering/p4iusj0000001414-img/p4iusj000000143t.png]
[www.nikken.co.jp/en/expertise/mep_engineering/p4iusj0000001414-img/p4iusj0000001445.png]
[www.nikken.co.jp/en/expertise/mep_engineering/p4iusj0000001414-img/p4iusj0000001449.png]
[www.nikken.co.jp/en/expertise/mep_engineering/p4iusj0000001414-img/p4iusj000000144u.png]
[www.nikken.co.jp/en/expertise/mep_engineering/p4iusj0000001414-img/p4iusj000000145e.png]
[www.nikken.co.jp/en/expertise/mep_engineering/S_on_light_and_space.html]
[www.nikken.co.jp/en/expertise/mep_engineering/incorporating_natural_light_into_windowless_rooms_by_introducing_a_mirror_duct_system.html]
[www.nikken.co.jp/en/news/news/2023_12_11.html]
[www.nikken.co.jp/en/news/news/2023_10_23.html]
[www.nikken.co.jp/en/news/news/tg1is200000004iw-img/news_20181012_01.jpg]
[www.nikken.co.jp/en/news/news/2018_10_12.html]
[www.nikken.co.jp/en/news/news/2018_10_04.html]
[www.nikken.co.jp/en/news/news/tg1is200000008vh-img/20190120_ogp.jpg]
[www.nikken.co.jp/en/news/news/tg1is200000008vh-img/20190120_01.jpg]
[www.nikken.co.jp/en/news/news/tg1is200000008vh-img/20190120_02.jpg]
[www.nikken.co.jp/en/news/news/tg1is200000008vh-img/20190120_03.jpg]
[www.nikken.co.jp/en/news/news/tg1is200000008vh-img/20190120_04.jpg]
[www.nikken.co.jp/en/news/news/2019_01_20.html]
[www.nikken.co.jp/en/news/news/2019_02_18.html]
[www.nikken.co.jp/en/projects/tg1is20000003alu-img/pj0239_00_ogp.jpg]
[www.nikken.co.jp/en/projects/tg1is20000003alu-img/pj0239_00_top.jpg]
[www.nikken.co.jp/en/projects/tg1is20000003alu-img/pj0239_00_sp.jpg]
[www.nikken.co.jp/en/projects/tg1is20000003alu-img/pj0239_02.jpg]
[www.nikken.co.jp/en/projects/tg1is20000003alu-img/pj0239_03.jpg]
[www.nikken.co.jp/en/projects/tg1is20000003alu-img/pj0239_04.jpg]
[www.nikken.co.jp/en/projects/tg1is20000003alu-img/pj0239_05.jpg]
[www.nikken.co.jp/en/projects/tg1is20000003alu-img/pj0239_06.jpg]
[www.nikken.co.jp/en/projects/tg1is20000003alu-img/pj0239_07.jpg]
[www.nikken.co.jp/en/projects/tg1is20000003alu-img/pj0238_01_tmb.jpg]
[www.nikken.co.jp/en/projects/mixed_use/xinyuan_honey_mart.html]
[www.nikken.co.jp/en/projects/mixed_use/west_bund_media_port.html]
[www.nikken.co.jp/en/news/news/tg1is20000000mq0-img/20191031_ogp.jpg]
[www.nikken.co.jp/en/news/news/tg1is20000000mq0-img/20191031.jpg]
[www.nikken.co.jp/en/news/news/2019_10_31.html]
[www.nikken.co.jp/en/news/news/2019_10_16.html]
[www.nikken.co.jp/en/news/news/tg1is20000002tr1-img/20200319_ogp.jpg]
[www.nikken.co.jp/en/news/news/tg1is20000002tr1-img/20200319_01.jpg]
[www.nikken.co.jp/en/news/news/2020_03_19.html]
[www.nikken.co.jp/en/news/news/2020_04_09.html]
[www.nikken.co.jp/en/projects/tg1is20000003b0q-img/pj0241_00_ogp.jpg]
[www.nikken.co.jp/en/projects/tg1is20000003b0q-img/pj0241_00_top.jpg]
[www.nikken.co.jp/en/projects/tg1is20000003b0q-img/pj0241_00_sp.jpg]
[www.nikken.co.jp/en/projects/tg1is20000003b0q-img/pj0241_02.jpg]
[www.nikken.co.jp/en/projects/tg1is20000003b0q-img/pj0241_03.jpg]
[www.nikken.co.jp/en/projects/tg1is20000003b0q-img/pj0241_04.jpg]
[www.nikken.co.jp/en/projects/tg1is20000003b0q-img/pj0241_05.jpg]
[www.nikken.co.jp/en/projects/tg1is20000003b0q-img/pj0241_06.jpg]
[www.nikken.co.jp/en/projects/tg1is20000003b0q-img/pj0241_07.jpg]
[www.nikken.co.jp/en/projects/tg1is20000003b0q-img/pj0241_08.jpg]
[www.nikken.co.jp/en/projects/commercial_retail/umeda_hankyu_building.html]
[www.nikken.co.jp/en/projects/commercial_retail/nagareyama_ootakanomori_sc.html]
[www.nikken.co.jp/en/projects/tg1is20000004uho-img/pj0298_00_ogp.jpg]
[www.nikken.co.jp/en/projects/tg1is20000004uho-img/pj0298_00_top.jpg]
[www.nikken.co.jp/en/projects/tg1is20000004uho-img/pj0298_00_sp.jpg]
[www.nikken.co.jp/en/projects/tg1is20000004uho-img/pj0298_02.jpg]
[www.nikken.co.jp/en/projects/tg1is20000004uho-img/pj0298_03.jpg]
[www.nikken.co.jp/en/projects/tg1is20000004uho-img/pj0298_04.jpg]
[www.nikken.co.jp/en/projects/tg1is20000004uho-img/pj0298_05.jpg]
[www.nikken.co.jp/en/projects/tg1is20000004uho-img/pj0298_06.png]
[www.nikken.co.jp/en/projects/tg1is20000004uho-img/pj0298_07.png]
[www.nikken.co.jp/en/projects/interior_design/proud_ebisu_hillside_garden.html]
[www.nikken.co.jp/en/projects/interior_design/hotel_metropolitan_kamakura.html]
[www.nikken.co.jp/en/projects/tg1is20000004zrz-img/pj0317_00_ogp.jpg]
[www.nikken.co.jp/en/projects/tg1is20000004zrz-img/pj0317_00_top.jpg]
[www.nikken.co.jp/en/projects/tg1is20000004zrz-img/pj0317_00_sp.jpg]
[www.nikken.co.jp/en/projects/tg1is20000004zrz-img/pj0317_02.png]
[www.nikken.co.jp/en/projects/tg1is20000004zrz-img/pj0317_03.png]
[www.nikken.co.jp/en/projects/tg1is20000004zrz-img/pj0317_04.png]
[www.nikken.co.jp/en/projects/tg1is20000004zrz-img/pj0317_05.png]
[www.nikken.co.jp/en/projects/tg1is20000004zrz-img/pj0317_06.jpg]
[www.nikken.co.jp/en/projects/tg1is20000004zrz-img/pj0317_07.jpg]
[www.nikken.co.jp/en/projects/tg1is20000004zrz-img/pj0317_08.png]
[www.nikken.co.jp/en/projects/tg1is20000004zrz-img/pj0317_09.png]
[www.nikken.co.jp/en/projects/tg1is20000004zrz-img/pj0317_10.jpg]
[www.nikken.co.jp/en/projects/tg1is20000004zrz-img/pj0317_11.jpg]
[www.nikken.co.jp/en/projects/tg1is20000004zrz-img/pj0317_12.png]
[www.nikken.co.jp/en/projects/tg1is20000004zrz-img/pj0317_13.png]
[www.nikken.co.jp/en/projects/tg1is20000004zrz-img/pj0317_14.jpg]
[www.nikken.co.jp/en/projects/tg1is20000004zrz-img/pj0317_15.jpg]
[www.nikken.co.jp/en/projects/education/senshu_university_kanda_campus_building_no10_140th_anniversary_hall.html]
[www.nikken.co.jp/en/projects/education/waseda_university_senior_high_school_auditorium.html]
[www.nikken.co.jp/en/projects/p4iusj0000001g03-img/pj0014_00_top.jpg]
[www.nikken.co.jp/en/projects/p4iusj0000001g03-img/pj0014_02.jpg]
[www.nikken.co.jp/en/projects/p4iusj0000001g03-img/pj0014_03.jpg]
[www.nikken.co.jp/en/projects/p4iusj0000001g03-img/pj0014_04.jpg]
[www.nikken.co.jp/en/projects/p4iusj0000001g03-img/pj0014_05.jpg]
[www.nikken.co.jp/en/projects/p4iusj0000001g03-img/pj0014_06.jpg]
[www.nikken.co.jp/en/projects/p4iusj0000001g03-img/pj0014_07.jpg]
[www.nikken.co.jp/en/projects/p4iusj0000001g03-img/pj0014_08.jpg]
[www.nikken.co.jp/en/projects/transit_oriented_development/shibuya_hikarie.html]
[www.nikken.co.jp/en/projects/mixed_use/tokyo_midtown.html]
[www.nikken.co.jp/en/projects/tg1is20000002yvn-img/pj0210_00_ogp.jpg]
[www.nikken.co.jp/en/projects/tg1is20000002yvn-img/pj0210_00_top.jpg]
[www.nikken.co.jp/en/projects/tg1is20000002yvn-img/pj0210_00_sp.jpg]
[www.nikken.co.jp/en/projects/tg1is20000002yvn-img/pj0210_02.jpg]
[www.nikken.co.jp/en/projects/tg1is20000002yvn-img/pj0210_03.jpg]
[www.nikken.co.jp/en/projects/tg1is20000002yvn-img/pj0210_04.jpg]
[www.nikken.co.jp/en/projects/tg1is20000002yvn-img/pj0210_05.jpg]
[www.nikken.co.jp/en/projects/tg1is20000002yvn-img/pj0210_06.jpg]
[www.nikken.co.jp/en/projects/tg1is20000002yvn-img/pj0210_07.jpg]
[www.nikken.co.jp/en/projects/tg1is20000002yvn-img/pj0210_08.jpg]
[www.nikken.co.jp/en/projects/tg1is20000002yvn-img/pj0210_09.jpg]
[www.nikken.co.jp/en/projects/urban_design_and_planning/new_financial_district_of_colombo_port_city.html]
[www.nikken.co.jp/en/projects/urban_design_and_planning/miyashita_park.html]
[www.nikken.co.jp/en/projects/tg1is200000048og-img/pj0270_00_ogp.jpg]
[www.nikken.co.jp/en/projects/tg1is200000048og-img/pj0270_00_top.jpg]
[www.nikken.co.jp/en/projects/tg1is200000048og-img/pj0270_00_sp.jpg]
[www.nikken.co.jp/en/projects/tg1is200000048og-img/pj0270_02.jpg]
[www.nikken.co.jp/en/projects/tg1is200000048og-img/pj0270_03.jpg]
[www.nikken.co.jp/en/projects/tg1is200000048og-img/pj0270_04.png]
[www.nikken.co.jp/en/projects/tg1is200000048og-img/pj0270_05.png]
[www.nikken.co.jp/en/projects/tg1is200000048og-img/pj0270_06.jpg]
[www.nikken.co.jp/en/projects/tg1is200000048og-img/pj0270_07.jpg]
[www.nikken.co.jp/en/projects/tg1is200000048og-img/pj0270_08.png]
[www.nikken.co.jp/en/projects/tg1is200000048og-img/pj0270_09.png]
[www.nikken.co.jp/en/projects/tg1is200000048og-img/pj0270_10.jpg]
[www.nikken.co.jp/en/projects/tg1is200000048og-img/pj0270_11.jpg]
[www.nikken.co.jp/en/projects/tg1is200000048og-img/pj0270_12.jpg]
[www.nikken.co.jp/en/projects/tg1is200000048og-img/pj0270_13.jpg]
[www.nikken.co.jp/en/projects/tg1is200000048og-img/pj0270_14.jpg]
[www.nikken.co.jp/en/projects/tg1is200000048og-img/pj0270_15.jpg]
[www.nikken.co.jp/en/projects/tg1is200000048og-img/pj0270_16.jpg]
[www.nikken.co.jp/en/projects/tg1is200000048og-img/pj0270_17.jpg]
[www.nikken.co.jp/en/projects/tg1is200000048og-img/pj0270_18.jpg]
[www.nikken.co.jp/en/projects/tg1is200000048og-img/pj0270_19.jpg]
[www.nikken.co.jp/en/projects/hospitality/w_osaka.html]
[www.nikken.co.jp/en/projects/hospitality/beijing_xitan_hotel_landscape_design_project.html]
[www.nikken.co.jp/en/projects/tg1is20000004zna-img/pj0316_00_ogp.jpg]
[www.nikken.co.jp/en/projects/tg1is20000004zna-img/pj0316_00_top.jpg]
[www.nikken.co.jp/en/projects/tg1is20000004zna-img/pj0316_00_sp.jpg]
[www.nikken.co.jp/en/projects/tg1is20000004zna-img/pj0316_02.jpg]
[www.nikken.co.jp/en/projects/tg1is20000004zna-img/pj0316_03.jpg]
[www.nikken.co.jp/en/projects/tg1is20000004zna-img/pj0316_04.jpg]
[www.nikken.co.jp/en/projects/tg1is20000004zna-img/pj0316_05.jpg]
[www.nikken.co.jp/en/projects/tg1is20000004zna-img/pj0316_06.jpg]
[www.nikken.co.jp/en/projects/tg1is20000004zna-img/pj0316_07.jpg]
[www.nikken.co.jp/en/projects/office/kose_nihonbashi_office.html]
[www.nikken.co.jp/en/projects/office/yanmar_tokyo.html]
[www.nikken.co.jp/en/projects/tg1is20000002vpq-img/pj0203_00_ogp.jpg]
[www.nikken.co.jp/en/projects/tg1is20000002vpq-img/pj0203_00_top.jpg]
[www.nikken.co.jp/en/projects/tg1is20000002vpq-img/pj0203_00_sp.jpg]
[www.nikken.co.jp/en/projects/tg1is20000002vpq-img/pj0203_02.jpg]
[www.nikken.co.jp/en/projects/tg1is20000002vpq-img/pj0203_03.png]
[www.nikken.co.jp/en/projects/tg1is20000002vpq-img/pj0203_04.png]
[www.nikken.co.jp/en/projects/tg1is20000002vpq-img/pj0203_05.png]
[www.nikken.co.jp/en/projects/tg1is20000002vpq-img/pj0203_06.png]
[www.nikken.co.jp/en/projects/tg1is20000002vpq-img/pj0203_07.png]
[www.nikken.co.jp/en/projects/tg1is20000002vpq-img/pj0203_08.png]
[www.nikken.co.jp/en/projects/tg1is20000002vpq-img/pj0203_09.png]
[www.nikken.co.jp/en/projects/tg1is20000002vpq-img/pj0203_10.png]
[www.nikken.co.jp/en/projects/tg1is20000002vpq-img/pj0203_11.png]
[www.nikken.co.jp/en/projects/tg1is20000002vpq-img/pj0203_12.png]
[www.nikken.co.jp/en/projects/tg1is20000002vpq-img/pj0203_13.png]
[www.nikken.co.jp/en/projects/tg1is20000002vpq-img/pj0203_14.png]
[www.nikken.co.jp/en/projects/tg1is20000002vpq-img/pj0203_15.png]
[www.nikken.co.jp/en/projects/tg1is20000002vpq-img/pj0203_16.png]
[www.nikken.co.jp/en/projects/tg1is20000002vpq-img/pj0203_17.png]
[www.nikken.co.jp/en/projects/tg1is20000002vpq-img/pj0203_18.png]
[www.nikken.co.jp/en/projects/tg1is20000002vpq-img/pj0203_19.png]
[www.nikken.co.jp/en/projects/tg1is20000002vpq-img/pj0203_20.png]
[www.nikken.co.jp/en/projects/tg1is20000002vpq-img/pj0203_21.png]
[www.nikken.co.jp/en/projects/tg1is20000002vpq-img/pj0203_22.png]
[www.nikken.co.jp/en/projects/office/tadawul_tower.html]
[www.nikken.co.jp/en/projects/office/scsk_mita.html]
[www.nikken.co.jp/en/expertise/sustainability_resilience/tg1is200000003ts-img/tg1is200000003u3.jpg]
[www.nikken.co.jp/en/expertise/sustainability_resilience/tg1is200000003ts-img/tg1is200000003u4.jpg]
[www.nikken.co.jp/en/expertise/sustainability_resilience/tg1is200000003ts-img/tg1is200000003v5.jpg]
[www.nikken.co.jp/en/expertise/sustainability_resilience/tg1is200000003ts-img/tg1is200000003w1.jpg]
[www.nikken.co.jp/en/expertise/sustainability_resilience/tg1is200000003ts-img/tg1is200000003wf.jpg]
[www.nikken.co.jp/en/expertise/sustainability_resilience/tg1is200000003ts-img/tg1is200000003wt.jpg]
[www.nikken.co.jp/en/expertise/sustainability_resilience/tg1is200000003ts-img/tg1is200000003x4.jpg]
[www.nikken.co.jp/en/expertise/sustainability_resilience/tg1is200000003ts-img/tg1is200000003xf.jpg]
[www.nikken.co.jp/en/expertise/sustainability_resilience/tg1is200000003ts-img/tg1is200000003yb.jpg]
[www.nikken.co.jp/en/expertise/sustainability_resilience/tg1is200000003ts-img/tg1is200000003xz.jpg]
[www.nikken.co.jp/en/expertise/sustainability_resilience/tg1is200000003ts-img/tg1is200000003y3.jpg]
[www.nikken.co.jp/en/expertise/sustainability_resilience/tg1is200000003ts-img/tg1is200000003yq.jpg]
[www.nikken.co.jp/en/expertise/sustainability_resilience/tg1is200000003ts-img/tg1is200000003z1.jpg]
[www.nikken.co.jp/en/expertise/sustainability_resilience/tg1is200000003ts-img/tg1is200000003zl.jpg]
[www.nikken.co.jp/en/expertise/sustainability_resilience/tg1is200000003ts-img/tg1is200000004ca.jpg]
[www.nikken.co.jp/en/expertise/sustainability_resilience/tg1is200000003ts-img/tg1is200000004ce.jpg]
[www.nikken.co.jp/en/about/people/satoshi_ezoe.html]
[www.nikken.co.jp/en/about/people/p4iusj0000000uoq-img/000190-satoshi_ezoe_tmb.jpg]
[www.nikken.co.jp/en/expertise/sustainability_resilience/yonago_public_hall_improving_performance_while_maintaining_the_beloved_appearance.html]
[www.nikken.co.jp/en/projects/tg1is20000003lh4-img/pj0245_01_ogp.jpg]
[www.nikken.co.jp/en/projects/tg1is20000003lh4-img/pj0245_00_top.jpg]
[www.nikken.co.jp/en/projects/tg1is20000003lh4-img/pj0245_00_sp.jpg]
[www.nikken.co.jp/en/projects/tg1is20000003lh4-img/pj0245_02.jpg]
[www.nikken.co.jp/en/projects/tg1is20000003lh4-img/pj0245_03.jpg]
[www.nikken.co.jp/en/projects/tg1is20000003lh4-img/pj0245_04_.jpg]
[www.nikken.co.jp/en/projects/tg1is20000003lh4-img/pj0245_06.png]
[www.nikken.co.jp/en/projects/tg1is20000003lh4-img/pj0245_07.jpg]
[www.nikken.co.jp/en/projects/tg1is20000003lh4-img/pj0245_08.jpg]
[www.nikken.co.jp/en/projects/tg1is20000003lh4-img/pj0245_09.jpg]
[www.nikken.co.jp/en/projects/tg1is20000003lh4-img/pj0245_10.jpg]
[www.nikken.co.jp/en/projects/office/amakusa_city_hall.html]
[www.nikken.co.jp/en/projects/office/arakawa_bldg.html]
[www.nikken.co.jp/en/projects/p4iusj0000001fdn-img/pj0004_00_top.jpg]
[www.nikken.co.jp/en/projects/p4iusj0000001fdn-img/pj0004_02.jpg]
[www.nikken.co.jp/en/projects/p4iusj0000001fdn-img/pj0004_03.jpg]
[www.nikken.co.jp/en/projects/p4iusj0000001fdn-img/pj0004_04.jpg]
[www.nikken.co.jp/en/projects/p4iusj0000001fdn-img/pj0004_05.jpg]
[www.nikken.co.jp/en/projects/p4iusj0000001fdn-img/pj0004_06.jpg]
[www.nikken.co.jp/en/projects/p4iusj0000001fdn-img/pj0004_07.jpg]
[www.nikken.co.jp/en/projects/p4iusj0000001fdn-img/pj0004_08.jpg]
[www.nikken.co.jp/en/projects/p4iusj0000001fdn-img/pj0004_09.jpg]
[www.nikken.co.jp/en/projects/p4iusj0000001fdn-img/pj0004_10.jpg]
[www.nikken.co.jp/en/projects/office/mokuzai_kaikan.html]
[www.nikken.co.jp/en/projects/office/osaka_bar_association_building.html]
[www.nikken.co.jp/en/expertise/mep_engineering/tg1is2000000033v-img/tg1is20000000346.jpg]
[www.nikken.co.jp/en/expertise/mep_engineering/tg1is2000000033v-img/tg1is20000000347.jpg]
[www.nikken.co.jp/en/expertise/mep_engineering/tg1is2000000033v-img/tg1is20000000359.jpg]
[www.nikken.co.jp/en/expertise/mep_engineering/tg1is2000000033v-img/tg1is2000000036w.jpg]
[www.nikken.co.jp/en/expertise/mep_engineering/tg1is2000000033v-img/tg1is2000000037s.jpg]
[www.nikken.co.jp/en/expertise/mep_engineering/incorporating_natural_light_into_windowless_rooms_by_introducing_a_mirror_duct_system.html]
[www.nikken.co.jp/en/expertise/mep_engineering/kansenshotaisaku.html]
[www.nikken.co.jp/en/news/news/tg1is20000004o5s-img/20231019_ogp.jpg]
[www.nikken.co.jp/en/news/news/tg1is20000004o5s-img/20231019_01.jpg]
[www.nikken.co.jp/en/news/news/tg1is20000004o5s-img/20231019_02.jpg]
[www.nikken.co.jp/en/news/news/tg1is20000004o5s-img/20231019_03.jpg]
[www.nikken.co.jp/en/news/news/tg1is20000004o5s-img/tg1is20000004o7r.jpg]
[www.nikken.co.jp/en/news/news/2023_10_23.html]
[www.nikken.co.jp/en/news/news/2023_10_18.html]
[www.nikken.co.jp/en/news/news/tg1is200000003k3-img/news_20181009_01.jpg]
[www.nikken.co.jp/en/news/news/tg1is200000003k3-img/news_20181009_02.jpg]
[www.nikken.co.jp/en/news/news/2018_10_04.html]
[www.nikken.co.jp/en/news/news/2018_09_28.html]
[www.nikken.co.jp/en/news/news/tg1is2000000093d-img/20190218_ogp.jpg]
[www.nikken.co.jp/en/news/news/tg1is2000000093d-img/20190218.jpg]
[www.nikken.co.jp/en/news/news/2019_02_18.html]
[www.nikken.co.jp/en/news/news/2019_02_28.html]
[www.nikken.co.jp/en/projects/tg1is20000003auq-img/pj0240_00_ogp.jpg]
[www.nikken.co.jp/en/projects/tg1is20000003auq-img/pj0240_00_top.jpg]
[www.nikken.co.jp/en/projects/tg1is20000003auq-img/pj0240_00_sp.jpg]
[www.nikken.co.jp/en/projects/tg1is20000003auq-img/pj0240_02.jpg]
[www.nikken.co.jp/en/projects/tg1is20000003auq-img/pj0240_03.jpg]
[www.nikken.co.jp/en/projects/tg1is20000003auq-img/pj0240_04.jpg]
[www.nikken.co.jp/en/projects/tg1is20000003auq-img/pj0240_05.jpg]
[www.nikken.co.jp/en/projects/tg1is20000003auq-img/pj0240_06.jpg]
[www.nikken.co.jp/en/projects/tg1is20000003auq-img/pj0240_07.jpg]
[www.nikken.co.jp/en/projects/tg1is20000003auq-img/pj0240_08.jpg]
[www.nikken.co.jp/en/projects/tg1is20000003auq-img/pj0240_09.jpg]
[www.nikken.co.jp/en/projects/tg1is20000003auq-img/pj0240_10.jpg]
[www.nikken.co.jp/en/projects/tg1is20000003auq-img/pj0240_11.jpg]
[www.nikken.co.jp/en/projects/mixed_use/west_bund_media_port.html]
[www.nikken.co.jp/en/projects/mixed_use/mongol_tower.html]
[www.nikken.co.jp/en/news/news/tg1is20000000kpn-img/20191016_ogp.jpg]
[www.nikken.co.jp/en/news/news/tg1is20000000kpn-img/20191016_01.jpg]
[www.nikken.co.jp/en/news/news/2019_10_16.html]
[www.nikken.co.jp/en/news/news/2019_09_26.html]
[www.nikken.co.jp/en/news/news/tg1is20000002u49-att/news-20200409.pdf]
[www.nikken.co.jp/en/news/news/2020_04_09.html]
[www.nikken.co.jp/en/news/news/2020_04_22.html]
[www.nikken.co.jp/en/projects/tg1is20000003b53-img/pj0242_00_ogp.jpg]
[www.nikken.co.jp/en/projects/tg1is20000003b53-img/pj0242_00_top.jpg]
[www.nikken.co.jp/en/projects/tg1is20000003b53-img/pj0242_00_sp.jpg]
[www.nikken.co.jp/en/projects/tg1is20000003b53-img/pj0242_02.jpg]
[www.nikken.co.jp/en/projects/tg1is20000003b53-img/pj0242_03.jpg]
[www.nikken.co.jp/en/projects/tg1is20000003b53-img/pj0242_04.jpg]
[www.nikken.co.jp/en/projects/tg1is20000003b53-img/pj0242_05.jpg]
[www.nikken.co.jp/en/projects/tg1is20000003b53-img/pj0242_06.jpg]
[www.nikken.co.jp/en/projects/tg1is20000003b53-img/pj0242_07.jpg]
[www.nikken.co.jp/en/projects/tg1is20000003b53-img/pj0242_08.jpg]
[www.nikken.co.jp/en/projects/tg1is20000003b53-img/pj0242_09.jpg]
[www.nikken.co.jp/en/projects/tg1is20000003b53-img/pj0242_10.jpg]
[www.nikken.co.jp/en/projects/commercial_retail/nagareyama_ootakanomori_sc.html]
[www.nikken.co.jp/en/projects/tg1is20000004umv-img/pj0299_00_ogp.jpg]
[www.nikken.co.jp/en/projects/tg1is20000004umv-img/pj0299_00_top.jpg]
[www.nikken.co.jp/en/projects/tg1is20000004umv-img/pj0299_00_sp.jpg]
[www.nikken.co.jp/en/projects/tg1is20000004umv-img/pj0299_02.jpg]
[www.nikken.co.jp/en/projects/tg1is20000004umv-img/pj0299_03.jpg]
[www.nikken.co.jp/en/projects/tg1is20000004umv-img/pj0299_04.png]
[www.nikken.co.jp/en/projects/tg1is20000004umv-img/pj0299_05.jpg]
[www.nikken.co.jp/en/projects/tg1is20000004umv-img/pj0299_06.jpg]
[www.nikken.co.jp/en/projects/tg1is20000004umv-img/pj0299_07.jpg]
[www.nikken.co.jp/en/projects/tg1is20000004umv-img/pj0299_08.jpg]
[www.nikken.co.jp/en/projects/tg1is20000004umv-img/pj0299_09.jpg]
[www.nikken.co.jp/en/projects/interior_design/hotel_metropolitan_kamakura.html]
[www.nikken.co.jp/en/projects/interior_design/tokyo_kaikan_main_building.html]
[www.nikken.co.jp/en/projects/tg1is20000004zxc-img/pj0318_00_ogp.jpg]
[www.nikken.co.jp/en/projects/tg1is20000004zxc-img/pj0318_00_top.jpg]
[www.nikken.co.jp/en/projects/tg1is20000004zxc-img/pj0318_00_sp.jpg]
[www.nikken.co.jp/en/projects/tg1is20000004zxc-img/pj0318_02.jpg]
[www.nikken.co.jp/en/projects/tg1is20000004zxc-img/pj0318_03.png]
[www.nikken.co.jp/en/projects/tg1is20000004zxc-img/pj0318_04.png]
[www.nikken.co.jp/en/projects/tg1is20000004zxc-img/pj0318_05.jpg]
[www.nikken.co.jp/en/projects/tg1is20000004zxc-img/pj0318_06.jpg]
[www.nikken.co.jp/en/projects/tg1is20000004zxc-img/pj0318_07.jpg]
[www.nikken.co.jp/en/projects/tg1is20000004zxc-img/pj0318_08.jpg]
[www.nikken.co.jp/en/projects/tg1is20000004zxc-img/pj0318_09.png]
[www.nikken.co.jp/en/projects/tg1is20000004zxc-img/pj0318_10.jpg]
[www.nikken.co.jp/en/projects/tg1is20000004zxc-img/pj0318_11.jpg]
[www.nikken.co.jp/en/projects/tg1is20000004zxc-img/pj0318_12.jpg]
[www.nikken.co.jp/en/projects/education/waseda_university_senior_high_school_auditorium.html]
[www.nikken.co.jp/en/projects/education/osaka_university_minoh_campus_research_and_education_hub.html]
[www.nikken.co.jp/en/projects/p4iusj0000000ifo-img/pj0003_00_top.jpg]
[www.nikken.co.jp/en/projects/p4iusj0000000ifo-img/pj0003_02.jpg]
[www.nikken.co.jp/en/projects/p4iusj0000000ifo-img/pj0003_03.jpg]
[www.nikken.co.jp/en/projects/p4iusj0000000ifo-img/pj0003_04.jpg]
[www.nikken.co.jp/en/projects/p4iusj0000000ifo-img/pj0003_05.jpg]
[www.nikken.co.jp/en/projects/p4iusj0000000ifo-img/pj0003_06.jpg]
[www.nikken.co.jp/en/projects/p4iusj0000000ifo-img/pj0003_07.jpg]
[www.nikken.co.jp/en/projects/p4iusj0000000ifo-img/pj0003_08.jpg]
[www.nikken.co.jp/en/projects/p4iusj0000000ifo-img/pj0003_09.jpg]
[www.nikken.co.jp/en/projects/p4iusj0000000ifo-img/pj0003_10.jpg]
[www.nikken.co.jp/en/projects/p4iusj0000000ifo-img/pj0003_11.jpg]
[www.nikken.co.jp/en/projects/mixed_use/tokyo_midtown.html]
[www.nikken.co.jp/en/projects/mixed_use/suzhou_modern_media_plaza.html]
[www.nikken.co.jp/en/projects/tg1is20000003z93-img/pj0251_01_ogp.jpg]
[www.nikken.co.jp/en/projects/tg1is20000003z93-img/pj0251_00_top.jpg]
[www.nikken.co.jp/en/projects/tg1is20000003z93-img/pj0251_00_sp.jpg]
[www.nikken.co.jp/en/projects/tg1is20000003z93-img/pj0251_02.jpg]
[www.nikken.co.jp/en/projects/tg1is20000003z93-img/pj0251_03.png]
[www.nikken.co.jp/en/projects/tg1is20000003z93-img/pj0251_04.jpg]
[www.nikken.co.jp/en/projects/tg1is20000003z93-img/pj0251_05.jpg]
[www.nikken.co.jp/en/projects/tg1is20000003z93-img/pj0251_06.jpg]
[www.nikken.co.jp/en/projects/tg1is20000003z93-img/pj0251_07.jpg]
[www.nikken.co.jp/en/projects/tg1is20000003z93-img/pj0251_08.png]
[www.nikken.co.jp/en/projects/tg1is20000003z93-img/pj0251_09.jpg]
[www.nikken.co.jp/en/projects/tg1is20000003z93-img/pj0251_10.png]
[www.nikken.co.jp/en/projects/tg1is20000003z93-img/pj0251_11.jpg]
[www.nikken.co.jp/en/projects/tg1is20000003z93-img/pj0251_12.jpg]
[www.nikken.co.jp/en/projects/tg1is20000003z93-img/pj0251_13.jpg]
[www.nikken.co.jp/en/projects/tg1is20000003z93-img/pj0251_14.jpg]
[www.nikken.co.jp/en/projects/tg1is20000003z93-img/pj0251_15.jpg]
[www.nikken.co.jp/en/projects/urban_design_and_planning/miyashita_park.html]
[www.nikken.co.jp/en/projects/residential/preobrazhensky.html]
[www.nikken.co.jp/en/projects/tg1is20000004j4n-img/pj0282_00_ogp.jpg]
[www.nikken.co.jp/en/projects/tg1is20000004j4n-img/pj0282_00_top.jpg]
[www.nikken.co.jp/en/projects/tg1is20000004j4n-img/pj0282_00_sp.jpg]
[www.nikken.co.jp/en/projects/tg1is20000004j4n-img/pj0282_02.jpg]
[www.nikken.co.jp/en/projects/tg1is20000004j4n-img/pj0282_03.jpg]
[www.nikken.co.jp/en/projects/tg1is20000004j4n-img/pj0282_04.jpg]
[www.nikken.co.jp/en/projects/tg1is20000004j4n-img/pj0282_05.jpg]
[www.nikken.co.jp/en/projects/tg1is20000004j4n-img/pj0282_06.jpg]
[www.nikken.co.jp/en/projects/tg1is20000004j4n-img/pj0282_07.jpg]
[www.nikken.co.jp/en/projects/tg1is20000004j4n-img/pj0282_08.jpg]
[www.nikken.co.jp/en/projects/tg1is20000004j4n-img/pj0282_09.jpg]
[www.nikken.co.jp/en/projects/tg1is20000004j4n-img/pj0282_10.png]
[www.nikken.co.jp/en/projects/tg1is20000004j4n-img/pj0282_11.jpg]
[www.nikken.co.jp/en/projects/tg1is20000004j4n-img/pj0282_12.jpg]
[www.nikken.co.jp/en/projects/tg1is20000004j4n-img/pj0282_13.jpg]
[www.nikken.co.jp/en/projects/tg1is20000004j4n-img/pj0282_14.jpg]
[www.nikken.co.jp/en/projects/tg1is20000004j4n-img/pj0282_15.jpg]
[www.nikken.co.jp/en/projects/tg1is20000004j4n-img/pj0282_16.jpg]
[www.nikken.co.jp/en/projects/tg1is20000004j4n-img/pj0282_17.jpg]
[www.nikken.co.jp/en/projects/tg1is20000004j4n-img/pj0282_18.jpg]
[www.nikken.co.jp/en/projects/tg1is20000004j4n-img/pj0282_19.jpg]
[www.nikken.co.jp/en/projects/tg1is20000004j4n-img/pj0282_20.jpg]
[www.nikken.co.jp/en/projects/tg1is20000004j4n-img/pj0282_21.png]
[www.nikken.co.jp/en/projects/tg1is20000004j4n-img/pj0282_22.png]
[www.nikken.co.jp/en/projects/tg1is20000004j4n-img/pj0282_23.jpg]
[www.nikken.co.jp/en/projects/tg1is20000004j4n-img/pj0282_24.jpg]
[www.nikken.co.jp/en/projects/tg1is20000004j4n-img/pj0282_25.jpg]
[www.nikken.co.jp/en/projects/tg1is20000004j4n-img/pj0282_26.jpg]
[www.nikken.co.jp/en/projects/hospitality/beijing_xitan_hotel_landscape_design_project.html]
[www.nikken.co.jp/en/projects/tg1is2000000502p-img/pj0319_00_ogp.jpg]
[www.nikken.co.jp/en/projects/tg1is2000000502p-img/pj0319_00_top.jpg]
[www.nikken.co.jp/en/projects/tg1is2000000502p-img/pj0319_00_sp.jpg]
[www.nikken.co.jp/en/projects/tg1is2000000502p-img/pj0319_02.jpg]
[www.nikken.co.jp/en/projects/tg1is2000000502p-img/pj0319_03.png]
[www.nikken.co.jp/en/projects/tg1is2000000502p-img/pj0319_04.jpg]
[www.nikken.co.jp/en/projects/tg1is2000000502p-img/pj0319_05.jpg]
[www.nikken.co.jp/en/projects/tg1is2000000502p-img/pj0319_06.jpg]
[www.nikken.co.jp/en/projects/tg1is2000000502p-img/pj0319_07.png]
[www.nikken.co.jp/en/projects/tg1is2000000502p-img/pj0319_08.png]
[www.nikken.co.jp/en/projects/tg1is2000000502p-img/pj0319_09.jpg]
[www.nikken.co.jp/en/projects/tg1is2000000502p-img/pj0319_10.png]
[www.nikken.co.jp/en/projects/tg1is2000000502p-img/pj0319_11.png]
[www.nikken.co.jp/en/projects/tg1is2000000502p-img/pj0319_12.jpg]
[www.nikken.co.jp/en/projects/tg1is2000000502p-img/pj0319_13.jpg]
[www.nikken.co.jp/en/projects/tg1is2000000502p-img/pj0319_14.jpg]
[www.nikken.co.jp/en/projects/tg1is2000000502p-img/pj0319_15.jpg]
[www.nikken.co.jp/en/projects/tg1is2000000502p-img/pj0319_16.jpg]
[www.nikken.co.jp/en/projects/tg1is2000000502p-img/pj0319_17.png]
[www.nikken.co.jp/en/projects/tg1is2000000502p-img/pj0319_18.jpg]
[www.nikken.co.jp/en/projects/tg1is2000000502p-img/pj0319_19.png]
[www.nikken.co.jp/en/projects/tg1is2000000502p-img/pj0319_20.png]
[www.nikken.co.jp/en/projects/office/yanmar_tokyo.html]
[www.nikken.co.jp/en/projects/office/jr_meguro_marc_building.html]
[www.nikken.co.jp/en/projects/tg1is20000003ztk-img/pj0501_00_ogp.jpg]
[www.nikken.co.jp/en/projects/tg1is20000003ztk-img/pj0501_00_top.jpg]
[www.nikken.co.jp/en/projects/tg1is20000003ztk-img/pj0501_00_sp.jpg]
[www.nikken.co.jp/en/projects/tg1is20000003ztk-img/pj0501_02.jpg]
[www.nikken.co.jp/en/projects/tg1is20000003ztk-img/pj0501_03.jpg]
[www.nikken.co.jp/en/projects/tg1is20000003ztk-img/pj0501_04.jpg]
[www.nikken.co.jp/en/projects/tg1is20000003ztk-img/pj0501_05.jpg]
[www.nikken.co.jp/en/projects/tg1is20000003ztk-img/pj0501_06.jpg]
[www.nikken.co.jp/en/projects/tg1is20000003ztk-img/pj0501_07.jpg]
[www.nikken.co.jp/en/projects/office/scsk_mita.html]
[www.nikken.co.jp/en/projects/office/daiyagate_ikebukuro.html]
[www.nikken.co.jp/en/about/people/p4iusj0000000uoq-img/000190-satoshi_ezoe.jpg]
[www.nikken.co.jp/en/about/people/p4iusj0000000uoq-img/000190-satoshi_ezoe_main.jpg]
[www.nikken.co.jp/en/expertise/sustainability_resilience/tg1is200000003ts-img/tg1is200000003u5.jpg]
[www.nikken.co.jp/en/about/people/satoshi_ezoe.html]
[www.nikken.co.jp/en/projects/tg1is20000003myl-img/pj0246_01_ogp.jpg]
[www.nikken.co.jp/en/projects/tg1is20000003myl-img/pj0246_00_top.jpg]
[www.nikken.co.jp/en/projects/tg1is20000003myl-img/pj0246_00_sp.jpg]
[www.nikken.co.jp/en/projects/tg1is20000003myl-img/pj0246_02.png]
[www.nikken.co.jp/en/projects/tg1is20000003myl-img/pj0246_03.png]
[www.nikken.co.jp/en/projects/tg1is20000003myl-img/pj0246_04.png]
[www.nikken.co.jp/en/projects/tg1is20000003myl-img/pj0246_05.png]
[www.nikken.co.jp/en/projects/tg1is20000003myl-img/pj0246_06.png]
[www.nikken.co.jp/en/projects/tg1is20000003myl-img/pj0246_07.png]
[www.nikken.co.jp/en/projects/tg1is20000003myl-img/pj0246_08.jpg]
[www.nikken.co.jp/en/projects/tg1is20000003myl-img/pj0246_09.png]
[www.nikken.co.jp/en/projects/office/arakawa_bldg.html]
[www.nikken.co.jp/en/projects/office/shogakukan_building.html]
[www.nikken.co.jp/en/projects/p4iusj0000000ira-img/pj0011_00_top.jpg]
[www.nikken.co.jp/en/projects/p4iusj0000000ira-img/pj0011_02.jpg]
[www.nikken.co.jp/en/projects/p4iusj0000000ira-img/pj0011_03.jpg]
[www.nikken.co.jp/en/projects/p4iusj0000000ira-img/pj0011_04.jpg]
[www.nikken.co.jp/en/projects/p4iusj0000000ira-img/pj0011_05.jpg]
[www.nikken.co.jp/en/projects/p4iusj0000000ira-img/pj0011_06.jpg]
[www.nikken.co.jp/en/projects/p4iusj0000000ira-img/pj0011_07.jpg]
[www.nikken.co.jp/en/projects/p4iusj0000000ira-img/pj0011_08.jpg]
[www.nikken.co.jp/en/projects/office/osaka_bar_association_building.html]
[www.nikken.co.jp/en/projects/office/bank_of_china_tower_shanghai.html]
[www.nikken.co.jp/en/expertise/mep_engineering/tg1is20000002tvr-img/kansenshotaisaku_ogp.jpg]
[www.nikken.co.jp/en/expertise/mep_engineering/tg1is20000002tvr-img/kansenshotaisaku_main.jpg]
[www.nikken.co.jp/en/expertise/mep_engineering/tg1is20000002tvr-img/kansenshotaisaku_sp.jpg]
[www.nikken.co.jp/en/expertise/mep_engineering/tg1is20000002tvr-img/kansenshotaisaku_01.jpg]
[www.nikken.co.jp/en/expertise/mep_engineering/tg1is20000002tvr-img/kansenshotaisaku_02.jpg]
[www.nikken.co.jp/en/expertise/mep_engineering/tg1is20000002tvr-img/kansenshotaisaku_03.jpg]
[www.nikken.co.jp/en/expertise/mep_engineering/tg1is20000002tvr-img/kansenshotaisaku_04.jpg]
[www.nikken.co.jp/en/expertise/mep_engineering/tg1is20000002tvr-img/kansenshotaisaku_05.jpg]
[www.nikken.co.jp/en/expertise/mep_engineering/tg1is20000002tvr-img/kansenshotaisaku_06.jpg]
[www.nikken.co.jp/en/expertise/mep_engineering/tg1is20000002tvr-img/kansenshotaisaku_07.jpg]
[www.nikken.co.jp/en/expertise/mep_engineering/tg1is20000002tvr-img/kansenshotaisaku_08.jpg]
[www.nikken.co.jp/en/about/people/akira_ito.html]
[www.nikken.co.jp/en/about/people/tg1is20000002u1s-img/akira_ito_tmb.jpg]
[www.nikken.co.jp/en/expertise/mep_engineering/kansenshotaisaku.html]
[www.nikken.co.jp/en/expertise/mep_engineering/innovative_building.html]
[www.nikken.co.jp/en/news/news/tg1is20000004nw3-img/20231018_ogp.jpg]
[www.nikken.co.jp/en/news/news/tg1is20000004nw3-img/20231018_01.jpg]
[www.nikken.co.jp/en/news/news/tg1is20000004nw3-img/20231018_02.jpg]
[www.nikken.co.jp/en/news/news/tg1is20000004nw3-img/20231018_03.jpg]
[www.nikken.co.jp/en/news/news/tg1is20000004nw3-img/20231018_04.jpg]
[www.nikken.co.jp/en/news/news/tg1is20000004nw3-img/20231018_05.jpg]
[www.nikken.co.jp/en/news/news/2023_10_18.html]
[www.nikken.co.jp/en/news/news/2023_10_17.html]
[www.nikken.co.jp/en/news/news/p4iusj00000019c3-img/20180928pr.jpg]
[www.nikken.co.jp/en/news/news/2018_09_28.html]
[www.nikken.co.jp/en/news/news/2018_07_24.html]
[www.nikken.co.jp/en/news/news/tg1is20000000978-img/20190228_ogp.jpg]
[www.nikken.co.jp/en/news/news/tg1is20000000978-img/20190228_01.jpg]
[www.nikken.co.jp/en/news/news/tg1is20000000978-img/20190228_02.jpg]
[www.nikken.co.jp/en/news/news/tg1is20000000978-img/20190228_03.jpg]
[www.nikken.co.jp/en/news/news/tg1is20000000978-img/20190228_04.jpg]
[www.nikken.co.jp/en/news/news/tg1is20000000978-img/20190228_05.jpg]
[www.nikken.co.jp/en/news/news/tg1is20000000978-img/20190228_06.jpg]
[www.nikken.co.jp/en/news/news/tg1is20000000978-img/20190228_07.jpg]
[www.nikken.co.jp/en/news/news/2019_02_28.html]
[www.nikken.co.jp/en/news/news/2019_03_22.html]
[www.nikken.co.jp/en/projects/tg1is200000043ep-img/pj0261_00_ogp.jpg]
[www.nikken.co.jp/en/projects/tg1is200000043ep-img/pj0261_00_top.jpg]
[www.nikken.co.jp/en/projects/tg1is200000043ep-img/pj0261_00_sp.jpg]
[www.nikken.co.jp/en/projects/tg1is200000043ep-img/pj0261_02.jpg]
[www.nikken.co.jp/en/projects/tg1is200000043ep-img/pj0261_03.png]
[www.nikken.co.jp/en/projects/tg1is200000043ep-img/pj0261_04.png]
[www.nikken.co.jp/en/projects/tg1is200000043ep-img/pj0261_05.png]
[www.nikken.co.jp/en/projects/tg1is200000043ep-img/pj0261_06.png]
[www.nikken.co.jp/en/projects/tg1is200000043ep-img/pj0261_07.png]
[www.nikken.co.jp/en/projects/tg1is200000043ep-img/pj0261_08.png]
[www.nikken.co.jp/en/projects/tg1is200000043ep-img/pj0261_09.png]
[www.nikken.co.jp/en/projects/tg1is200000043ep-img/pj0261_10.png]
[www.nikken.co.jp/en/projects/tg1is200000043ep-img/tg1is200000043jv.png]
[www.nikken.co.jp/en/projects/tg1is200000043ep-img/tg1is200000043k1.png]
[www.nikken.co.jp/en/projects/tg1is200000043ep-img/pj0261_13.png]
[www.nikken.co.jp/en/projects/tg1is200000043ep-img/pj0261_14.png]
[www.nikken.co.jp/en/projects/mixed_use/mongol_tower.html]
[www.nikken.co.jp/en/projects/landscape/dubai_maritimes_city_landmark_tower.html]
[www.nikken.co.jp/en/news/news/tg1is20000000jrs-img/tg1is20000000jrz.jpg]
[www.nikken.co.jp/en/news/news/tg1is20000000jrs-img/20190926_01.jpg]
[www.nikken.co.jp/en/news/news/tg1is20000000jrs-img/20190926_02.jpg]
[www.nikken.co.jp/en/news/news/tg1is20000000jrs-img/20190926_03.jpg]
[www.nikken.co.jp/en/news/news/2019_09_26.html]
[www.nikken.co.jp/en/news/news/2019_09_25.html]
[www.nikken.co.jp/en/news/news/tg1is20000002u6u-img/20200413_ogp.jpg]
[www.nikken.co.jp/en/news/news/tg1is20000002u6u-img/20200409_01.jpg]
[www.nikken.co.jp/en/news/news/tg1is20000002u6u-img/20200409_02.jpg]
[www.nikken.co.jp/en/news/news/tg1is20000002u6u-img/20200409_03.jpg]
[www.nikken.co.jp/en/news/news/tg1is20000002u6u-img/20200409_04.jpg]
[www.nikken.co.jp/en/news/news/tg1is20000002u6u-img/20200409_05.jpg]
[www.nikken.co.jp/en/news/news/tg1is20000002u6u-img/20200409_06.jpg]
[www.nikken.co.jp/en/news/news/tg1is20000002u6u-img/20200409_07.jpg]
[www.nikken.co.jp/en/news/news/tg1is20000002u6u-img/20200409_08.jpg]
[www.nikken.co.jp/en/news/news/tg1is20000002u6u-img/20200409_09.jpg]
[www.nikken.co.jp/en/news/news/tg1is20000002u6u-img/20200409_10.jpg]
[www.nikken.co.jp/en/news/news/tg1is20000002u6u-img/20200409_11.jpg]
[www.nikken.co.jp/en/news/news/tg1is20000002u6u-img/20200409_12.jpg]
[www.nikken.co.jp/en/news/news/tg1is20000002u6u-img/masanori_yano.jpg]
[www.nikken.co.jp/en/about/people/masanori_yano.html]
[www.nikken.co.jp/en/news/news/2020_04_22.html]
[www.nikken.co.jp/en/news/news/2020_05_08.html]
[www.nikken.co.jp/en/projects/tg1is20000004urq-img/pj0300_00_ogp.jpg]
[www.nikken.co.jp/en/projects/tg1is20000004urq-img/pj0300_00_top.jpg]
[www.nikken.co.jp/en/projects/tg1is20000004urq-img/pj0300_00_sp.jpg]
[www.nikken.co.jp/en/projects/tg1is20000004urq-img/pj0300_02.jpg]
[www.nikken.co.jp/en/projects/tg1is20000004urq-img/pj0300_03.jpg]
[www.nikken.co.jp/en/projects/tg1is20000004urq-img/pj0300_04.jpg]
[www.nikken.co.jp/en/projects/tg1is20000004urq-img/pj0300_05.jpg]
[www.nikken.co.jp/en/projects/tg1is20000004urq-img/pj0300_06.jpg]
[www.nikken.co.jp/en/projects/tg1is20000004urq-img/pj0300_07.jpg]
[www.nikken.co.jp/en/projects/tg1is20000004urq-img/pj0300_08.jpg]
[www.nikken.co.jp/en/projects/tg1is20000004urq-img/pj0300_09.jpg]
[www.nikken.co.jp/en/projects/tg1is20000004urq-img/pj0300_10.jpg]
[www.nikken.co.jp/en/projects/tg1is20000004urq-img/pj0300_11.jpg]
[www.nikken.co.jp/en/projects/tg1is20000004urq-img/pj0300_12.png]
[www.nikken.co.jp/en/projects/tg1is20000004urq-img/pj0300_13.png]
[www.nikken.co.jp/en/projects/tg1is20000004urq-img/pj0300_14.jpg]
[www.nikken.co.jp/en/projects/interior_design/tokyo_kaikan_main_building.html]
[www.nikken.co.jp/en/projects/interior_design/ac_hotel_by_marriott_tokyo_ginza.html]
[www.nikken.co.jp/en/projects/tg1is200000051o8-img/pj0325_00_ogp.jpg]
[www.nikken.co.jp/en/projects/tg1is200000051o8-img/pj0325_00_top.jpg]
[www.nikken.co.jp/en/projects/tg1is200000051o8-img/pj0325_00_sp.jpg]
[www.nikken.co.jp/en/projects/tg1is200000051o8-img/pj0325_02.jpg]
[www.nikken.co.jp/en/projects/tg1is200000051o8-img/pj0325_03.jpg]
[www.nikken.co.jp/en/projects/tg1is200000051o8-img/pj0325_04.jpg]
[www.nikken.co.jp/en/projects/tg1is200000051o8-img/pj0325_05.png]
[www.nikken.co.jp/en/projects/tg1is200000051o8-img/pj0325_06.png]
[www.nikken.co.jp/en/projects/tg1is200000051o8-img/pj0325_07.jpg]
[www.nikken.co.jp/en/projects/tg1is200000051o8-img/pj0325_08.jpg]
[www.nikken.co.jp/en/projects/tg1is200000051o8-img/pj0325_09.jpg]
[www.nikken.co.jp/en/projects/tg1is200000051o8-img/pj0325_10.png]
[www.nikken.co.jp/en/projects/tg1is200000051o8-img/pj0325_11.jpg]
[www.nikken.co.jp/en/projects/tg1is200000051o8-img/pj0325_12.jpg]
[www.nikken.co.jp/en/projects/tg1is200000051o8-img/pj0325_13.png]
[www.nikken.co.jp/en/projects/tg1is200000051o8-img/pj0325_14.jpg]
[www.nikken.co.jp/en/projects/tg1is200000051o8-img/pj0325_15.jpg]
[www.nikken.co.jp/en/projects/tg1is200000051o8-img/pj0325_16.jpg]
[www.nikken.co.jp/en/projects/tg1is200000051o8-img/pj0325_17.jpg]
[www.nikken.co.jp/en/projects/tg1is200000051o8-img/pj0325_18.jpg]
[www.nikken.co.jp/en/projects/tg1is200000051o8-img/pj0325_19.jpg]
[www.nikken.co.jp/en/projects/tg1is200000051o8-img/pj0325_20.jpg]
[www.nikken.co.jp/en/projects/tg1is200000051o8-img/pj0325_21.jpg]
[www.nikken.co.jp/en/projects/education/osaka_university_minoh_campus_research_and_education_hub.html]
[www.nikken.co.jp/en/projects/education/showa_gakuin_elementary_school_west_wing.html]
[www.nikken.co.jp/en/projects/p4iusj0000000mm4-img/pj0036_00_top.jpg]
[www.nikken.co.jp/en/projects/p4iusj0000000mm4-img/pj0036_02.jpg]
[www.nikken.co.jp/en/projects/p4iusj0000000mm4-img/pj0036_03.jpg]
[www.nikken.co.jp/en/projects/p4iusj0000000mm4-img/pj0036_04.jpg]
[www.nikken.co.jp/en/projects/p4iusj0000000mm4-img/pj0036_05.jpg]
[www.nikken.co.jp/en/projects/p4iusj0000000mm4-img/pj0036_06.jpg]
[www.nikken.co.jp/en/projects/p4iusj0000000mm4-img/pj0036_07.jpg]
[www.nikken.co.jp/en/projects/p4iusj0000000mm4-img/pj0036_08.jpg]
[www.nikken.co.jp/en/projects/mixed_use/suzhou_modern_media_plaza.html]
[www.nikken.co.jp/en/projects/mixed_use/kyobashi_edogrand.html]
[www.nikken.co.jp/en/projects/tg1is20000003zjh-img/pj0207_00_ogp.jpg]
[www.nikken.co.jp/en/projects/tg1is20000003zjh-img/pj0207_00_top.jpg]
[www.nikken.co.jp/en/projects/tg1is20000003zjh-img/pj0207_00_sp.jpg]
[www.nikken.co.jp/en/projects/tg1is20000003zjh-img/pj0207_02.jpg]
[www.nikken.co.jp/en/projects/tg1is20000003zjh-img/pj0207_03.jpg]
[www.nikken.co.jp/en/projects/tg1is20000003zjh-img/pj0207_04.jpg]
[www.nikken.co.jp/en/projects/tg1is20000003zjh-img/pj0207_05.jpg]
[www.nikken.co.jp/en/projects/tg1is20000003zjh-img/pj0207_06.jpg]
[www.nikken.co.jp/en/projects/tg1is20000003zjh-img/pj0207_07.jpg]
[www.nikken.co.jp/en/projects/tg1is20000003zjh-img/pj0207_08.jpg]
[www.nikken.co.jp/en/projects/tg1is20000003zjh-img/pj0207_09.jpg]
[www.nikken.co.jp/en/projects/tg1is20000003zjh-img/pj0207_10.png]
[www.nikken.co.jp/en/projects/residential/preobrazhensky.html]
[www.nikken.co.jp/en/projects/urban_design_and_planning/suzhou_center.html]
[www.nikken.co.jp/en/projects/tg1is200000050xi-img/pj0322_00_ogp.jpg]
[www.nikken.co.jp/en/projects/tg1is200000050xi-img/pj0322_00_top.jpg]
[www.nikken.co.jp/en/projects/tg1is200000050xi-img/pj0322_00_sp.jpg]
[www.nikken.co.jp/en/projects/tg1is200000050xi-img/pj0322_02.png]
[www.nikken.co.jp/en/projects/tg1is200000050xi-img/pj0322_03.png]
[www.nikken.co.jp/en/projects/tg1is200000050xi-img/pj0322_04.png]
[www.nikken.co.jp/en/projects/tg1is200000050xi-img/pj0322_05.png]
[www.nikken.co.jp/en/projects/tg1is200000050xi-img/pj0322_06.png]
[www.nikken.co.jp/en/projects/tg1is200000050xi-img/pj0322_07.jpg]
[www.nikken.co.jp/en/projects/tg1is200000050xi-img/pj0322_08.jpg]
[www.nikken.co.jp/en/projects/tg1is200000050xi-img/pj0322_09.jpg]
[www.nikken.co.jp/en/projects/tg1is200000050xi-img/pj0322_10.jpg]
[www.nikken.co.jp/en/projects/tg1is200000050xi-img/pj0322_11.jpg]
[www.nikken.co.jp/en/projects/tg1is200000050xi-img/pj0322_12.jpg]
[www.nikken.co.jp/en/projects/tg1is200000050xi-img/pj0322_13.jpg]
[www.nikken.co.jp/en/projects/tg1is200000050xi-img/pj0322_14.jpg]
[www.nikken.co.jp/en/projects/tg1is200000050xi-img/pj0322_15.jpg]
[www.nikken.co.jp/en/projects/tg1is200000050xi-img/pj0322_16.jpg]
[www.nikken.co.jp/en/projects/tg1is200000050xi-img/pj0322_17.jpg]
[www.nikken.co.jp/en/projects/tg1is200000050xi-img/pj0322_18.jpg]
[www.nikken.co.jp/en/projects/tg1is200000050xi-img/pj0322_19.jpg]
[www.nikken.co.jp/en/projects/tg1is200000050xi-img/pj0322_20.jpg]
[www.nikken.co.jp/en/projects/office/jr_meguro_marc_building.html]
[www.nikken.co.jp/en/projects/office/onomichi_city_office.html]
[www.nikken.co.jp/en/projects/tg1is20000003z0k-img/pj0250_00_ogp.jpg]
[www.nikken.co.jp/en/projects/tg1is20000003z0k-img/pj0250_00_top.jpg]
[www.nikken.co.jp/en/projects/tg1is20000003z0k-img/pj0250_00_sp.jpg]
[www.nikken.co.jp/en/projects/tg1is20000003z0k-img/pj0250_02.jpg]
[www.nikken.co.jp/en/projects/tg1is20000003z0k-img/pj0250_03.png]
[www.nikken.co.jp/en/projects/tg1is20000003z0k-img/pj0250_04.png]
[www.nikken.co.jp/en/projects/tg1is20000003z0k-img/pj0250_05.jpg]
[www.nikken.co.jp/en/projects/tg1is20000003z0k-img/pj0250_06.png]
[www.nikken.co.jp/en/projects/tg1is20000003z0k-img/pj0250_07.jpg]
[www.nikken.co.jp/en/projects/tg1is20000003z0k-img/pj0250_08.jpg]
[www.nikken.co.jp/en/projects/tg1is20000003z0k-img/pj0250_09.jpg]
[www.nikken.co.jp/en/projects/tg1is20000003z0k-img/pj0250_10.jpg]
[www.nikken.co.jp/en/projects/office/daiyagate_ikebukuro.html]
[www.nikken.co.jp/en/projects/office/ihi_innovation_center_i-base.html]
[www.nikken.co.jp/en/projects/tg1is20000003mtk-img/pj0248_00_ogp.jpg]
[www.nikken.co.jp/en/projects/tg1is20000003mtk-img/pj0248_00_top.jpg]
[www.nikken.co.jp/en/projects/tg1is20000003mtk-img/pj0248_00_sp.jpg]
[www.nikken.co.jp/en/projects/tg1is20000003mtk-img/pj0248_02.jpg]
[www.nikken.co.jp/en/projects/tg1is20000003mtk-img/pj0248_03.png]
[www.nikken.co.jp/en/projects/tg1is20000003mtk-img/pj0248_04.jpg]
[www.nikken.co.jp/en/projects/tg1is20000003mtk-img/pj0248_05.jpg]
[www.nikken.co.jp/en/projects/tg1is20000003mtk-img/pj0248_06.jpg]
[www.nikken.co.jp/en/projects/tg1is20000003mtk-img/pj0248_07.jpg]
[www.nikken.co.jp/en/projects/tg1is20000003mtk-img/pj0248_08.jpg]
[www.nikken.co.jp/en/projects/office/shogakukan_building.html]
[www.nikken.co.jp/en/projects/office/anan_city_office.html]
[www.nikken.co.jp/en/projects/p4iusj0000000n19-img/pj0040_00_top.jpg]
[www.nikken.co.jp/en/projects/p4iusj0000000n19-img/pj0040_02.jpg]
[www.nikken.co.jp/en/projects/p4iusj0000000n19-img/pj0040_03.jpg]
[www.nikken.co.jp/en/projects/p4iusj0000000n19-img/pj0040_04.jpg]
[www.nikken.co.jp/en/projects/p4iusj0000000n19-img/pj0040_05.jpg]
[www.nikken.co.jp/en/projects/p4iusj0000000n19-img/pj0040_06.jpg]
[www.nikken.co.jp/en/projects/p4iusj0000000n19-img/pj0040_07.jpg]
[www.nikken.co.jp/en/projects/office/bank_of_china_tower_shanghai.html]
[www.nikken.co.jp/en/about/people/tg1is20000002u1s-img/akira_ito_main.jpg]
[www.nikken.co.jp/en/expertise/mep_engineering/tg1is20000002tvr-img/kansenshotaisaku_tmb.jpg]
[www.nikken.co.jp/en/about/people/akira_ito.html]
[www.nikken.co.jp/en/expertise/mep_engineering/tg1is20000000fgj-img/innovative_building_ogp.jpg]
[www.nikken.co.jp/en/expertise/mep_engineering/tg1is20000000fgj-img/top.jpg]
[www.nikken.co.jp/en/expertise/mep_engineering/tg1is20000000fgj-img/innovative_building_sp.jpg]
[www.nikken.co.jp/en/expertise/mep_engineering/tg1is20000000fgj-img/2-2-b.jpg]
[www.nikken.co.jp/en/expertise/mep_engineering/tg1is20000000fgj-img/2-2-h.jpg]
[www.nikken.co.jp/en/expertise/mep_engineering/tg1is20000000fgj-img/wellness-deco-img.gif]
[www.nikken.co.jp/en/expertise/mep_engineering/tg1is20000000fgj-img/2-2-ID200_1.jpg]
[www.nikken.co.jp/en/expertise/mep_engineering/tg1is20000000fgj-img/2-2-ID200_2-1.jpg]
[www.nikken.co.jp/en/expertise/mep_engineering/tg1is20000000fgj-img/2-2-ID200_2-2.jpg]
[www.nikken.co.jp/en/expertise/mep_engineering/tg1is20000000fgj-img/2-2-ID200_2-3.jpg]
[www.nikken.co.jp/en/expertise/mep_engineering/tg1is20000000fgj-img/2-2-ID200_3.jpg]
[www.nikken.co.jp/en/expertise/mep_engineering/tg1is20000000fgj-img/2-2-ID200_4.jpg]
[www.nikken.co.jp/en/expertise/mep_engineering/tg1is20000000fgj-img/2-2-ID200_5-1.jpg]
[www.nikken.co.jp/en/expertise/mep_engineering/tg1is20000000fgj-img/2-2-ID200_6.jpg]
[www.nikken.co.jp/en/expertise/mep_engineering/innovative_building.html]
[www.nikken.co.jp/en/expertise/mep_engineering/internet_of_things.html]
[www.nikken.co.jp/en/news/news/tg1is20000004nsw-img/20231017_ogp.jpg]
[www.nikken.co.jp/en/news/news/tg1is20000004nsw-img/20231017_01.jpg]
[www.nikken.co.jp/en/news/news/tg1is20000004nsw-img/20231017_02.jpg]
[www.nikken.co.jp/en/news/news/tg1is20000004nsw-img/20231017_03.jpg]
[www.nikken.co.jp/en/news/news/tg1is20000004nsw-img/20231017_04.jpg]
[www.nikken.co.jp/en/news/news/2023_10_17.html]
[www.nikken.co.jp/en/news/awards/2023_09_25.html]
[www.nikken.co.jp/en/news/news/2018_07_24.html]
[www.nikken.co.jp/en/news/awards/20180601.html]
[www.nikken.co.jp/en/news/news/tg1is200000009oe-img/tg1is200000009ol.jpg]
[www.nikken.co.jp/en/news/news/tg1is200000009oe-img/20190322_01.jpg]
[www.nikken.co.jp/en/news/news/tg1is200000009oe-img/20190322_02.jpg]
[www.nikken.co.jp/en/news/news/tg1is200000009oe-img/20190322_03.jpg]
[www.nikken.co.jp/en/news/news/2019_03_22.html]
[www.nikken.co.jp/en/news/news/2019_05_01.html]
[www.nikken.co.jp/en/projects/tg1is200000044yr-img/pj0266_00_ogp.jpg]
[www.nikken.co.jp/en/projects/tg1is200000044yr-img/pj0266_00_top.jpg]
[www.nikken.co.jp/en/projects/tg1is200000044yr-img/pj0266_00_sp.jpg]
[www.nikken.co.jp/en/projects/tg1is200000044yr-img/pj0266_02.png]
[www.nikken.co.jp/en/projects/tg1is200000044yr-img/pj0266_03.png]
[www.nikken.co.jp/en/projects/tg1is200000044yr-img/pj0266_04.png]
[www.nikken.co.jp/en/projects/tg1is200000044yr-img/pj0266_05.png]
[www.nikken.co.jp/en/projects/tg1is200000044yr-img/pj0266_06.png]
[www.nikken.co.jp/en/projects/tg1is200000044yr-img/pj0266_07.png]
[www.nikken.co.jp/en/projects/tg1is200000044yr-img/pj0266_08.png]
[www.nikken.co.jp/en/projects/tg1is200000044yr-img/pj0266_09.png]
[www.nikken.co.jp/en/projects/tg1is200000044yr-img/pj0266_10.png]
[www.nikken.co.jp/en/projects/tg1is200000044yr-img/pj0266_11.png]
[www.nikken.co.jp/en/projects/tg1is200000044yr-img/pj0266_12.png]
[www.nikken.co.jp/en/projects/tg1is200000044yr-img/pj0266_13.png]
[www.nikken.co.jp/en/projects/tg1is200000044yr-img/pj0266_14.png]
[www.nikken.co.jp/en/projects/landscape/dubai_maritimes_city_landmark_tower.html]
[www.nikken.co.jp/en/projects/mixed_use/jr_kumamoto_railway_station_building.html]
[www.nikken.co.jp/en/news/news/tg1is20000000jpe-img/20190925_ogp.jpg]
[www.nikken.co.jp/en/news/news/tg1is20000000jpe-img/20190925_01.jpg]
[www.nikken.co.jp/en/news/news/tg1is20000000jpe-img/20190925_02.jpg]
[www.nikken.co.jp/en/news/news/tg1is20000000jpe-img/20190925_03.jpg]
[www.nikken.co.jp/en/news/news/tg1is20000000jpe-img/20190925_04.jpg]
[www.nikken.co.jp/en/news/news/2019_09_25.html]
[www.nikken.co.jp/en/news/news/2019_09_19.html]
[www.nikken.co.jp/en/about/people/tg1is20000002ub1-img/masanori_yano_ogp.jpg]
[www.nikken.co.jp/en/about/people/tg1is20000002ub1-img/masanori_yano_main.jpg]
[www.nikken.co.jp/en/about/people/masanori_yano.html]
[www.nikken.co.jp/en/news/news/tg1is20000002v7i-att/news-20200508.pdf]
[www.nikken.co.jp/en/news/news/2020_05_08.html]
[www.nikken.co.jp/en/news/news/2020_05_15.html]
[www.nikken.co.jp/en/projects/tg1is20000004vhl-img/pj0301_00_ogp.jpg]
[www.nikken.co.jp/en/projects/tg1is20000004vhl-img/pj0301_00_top.jpg]
[www.nikken.co.jp/en/projects/tg1is20000004vhl-img/pj0301_00_sp.jpg]
[www.nikken.co.jp/en/projects/tg1is20000004vhl-img/pj0301_02.jpg]
[www.nikken.co.jp/en/projects/tg1is20000004vhl-img/pj0301_03.jpg]
[www.nikken.co.jp/en/projects/tg1is20000004vhl-img/pj0301_04.png]
[www.nikken.co.jp/en/projects/tg1is20000004vhl-img/pj0301_05.jpg]
[www.nikken.co.jp/en/projects/tg1is20000004vhl-img/pj0301_06.jpg]
[www.nikken.co.jp/en/projects/tg1is20000004vhl-img/pj0301_07.jpg]
[www.nikken.co.jp/en/projects/tg1is20000004vhl-img/pj0301_08.jpg]
[www.nikken.co.jp/en/projects/tg1is20000004vhl-img/pj0301_09.jpg]
[www.nikken.co.jp/en/projects/tg1is20000004vhl-img/pj0301_10.png]
[www.nikken.co.jp/en/projects/tg1is20000004vhl-img/pj0301_11.jpg]
[www.nikken.co.jp/en/projects/interior_design/ac_hotel_by_marriott_tokyo_ginza.html]
[www.nikken.co.jp/en/projects/interior_design/the_ritz_carlton_nikko_spa_and_onsen.html]
[www.nikken.co.jp/en/projects/tg1is20000005301-img/pj0328_00_ogp.jpg]
[www.nikken.co.jp/en/projects/tg1is20000005301-img/pj0328_00_top.jpg]
[www.nikken.co.jp/en/projects/tg1is20000005301-img/pj0328_00_sp.jpg]
[www.nikken.co.jp/en/projects/tg1is20000005301-img/pj0328_02.png]
[www.nikken.co.jp/en/projects/tg1is20000005301-img/pj0328_03.png]
[www.nikken.co.jp/en/projects/tg1is20000005301-img/pj0328_04.png]
[www.nikken.co.jp/en/projects/tg1is20000005301-img/pj0328_05.png]
[www.nikken.co.jp/en/projects/tg1is20000005301-img/pj0328_06.png]
[www.nikken.co.jp/en/projects/tg1is20000005301-img/pj0328_07.png]
[www.nikken.co.jp/en/projects/tg1is20000005301-img/pj0328_08.png]
[www.nikken.co.jp/en/projects/tg1is20000005301-img/pj0328_09.png]
[www.nikken.co.jp/en/projects/tg1is20000005301-img/pj0328_10.png]
[www.nikken.co.jp/en/projects/tg1is20000005301-img/pj0328_11.png]
[www.nikken.co.jp/en/projects/tg1is20000005301-img/pj0328_12.png]
[www.nikken.co.jp/en/projects/tg1is20000005301-img/pj0328_13.jpg]
[www.nikken.co.jp/en/projects/tg1is20000005301-img/pj0328_14.png]
[www.nikken.co.jp/en/projects/tg1is20000005301-img/pj0328_15.png]
[www.nikken.co.jp/en/projects/tg1is20000005301-img/pj0328_16.png]
[www.nikken.co.jp/en/projects/education/showa_gakuin_elementary_school_west_wing.html]
[www.nikken.co.jp/en/projects/p4iusj0000000mq4-img/pj0037_00_top.jpg]
[www.nikken.co.jp/en/projects/p4iusj0000000mq4-img/pj0037_02.jpg]
[www.nikken.co.jp/en/projects/p4iusj0000000mq4-img/pj0037_03.jpg]
[www.nikken.co.jp/en/projects/p4iusj0000000mq4-img/pj0037_04.jpg]
[www.nikken.co.jp/en/projects/p4iusj0000000mq4-img/pj0037_05.jpg]
[www.nikken.co.jp/en/projects/p4iusj0000000mq4-img/pj0037_06.jpg]
[www.nikken.co.jp/en/projects/mixed_use/tokyo_garden_terrace_kioicho.html]
[www.nikken.co.jp/en/projects/mixed_use/kyobashi_edogrand.html]
[www.nikken.co.jp/en/projects/tg1is200000043pl-img/pj0263_00_ogp.jpg]
[www.nikken.co.jp/en/projects/tg1is200000043pl-img/pj0263_00_top.jpg]
[www.nikken.co.jp/en/projects/tg1is200000043pl-img/pj0263_00_sp.jpg]
[www.nikken.co.jp/en/projects/tg1is200000043pl-img/pj0263_02.jpg]
[www.nikken.co.jp/en/projects/tg1is200000043pl-img/pj0263_03.jpg]
[www.nikken.co.jp/en/projects/tg1is200000043pl-img/pj0263_04.jpg]
[www.nikken.co.jp/en/projects/tg1is200000043pl-img/pj0263_05.jpg]
[www.nikken.co.jp/en/projects/tg1is200000043pl-img/pj0263_06.jpg]
[www.nikken.co.jp/en/projects/tg1is200000043pl-img/pj0263_07.jpg]
[www.nikken.co.jp/en/projects/urban_design_and_planning/suzhou_center.html]
[www.nikken.co.jp/en/projects/urban_design_and_planning/umekita_phase_2_development.html]
[www.nikken.co.jp/en/projects/tg1is2000000513v-img/pj0323_00_ogp.jpg]
[www.nikken.co.jp/en/projects/tg1is2000000513v-img/pj0323_00_top.jpg]
[www.nikken.co.jp/en/projects/tg1is2000000513v-img/pj0323_00_sp.jpg]
[www.nikken.co.jp/en/projects/tg1is2000000513v-img/pj0323_02.jpg]
[www.nikken.co.jp/en/projects/tg1is2000000513v-img/pj0323_03.jpg]
[www.nikken.co.jp/en/projects/tg1is2000000513v-img/pj0323_04.jpg]
[www.nikken.co.jp/en/projects/tg1is2000000513v-img/pj0323_05.jpg]
[www.nikken.co.jp/en/projects/tg1is2000000513v-img/pj0323_06.jpg]
[www.nikken.co.jp/en/projects/tg1is2000000513v-img/pj0323_07.jpg]
[www.nikken.co.jp/en/projects/tg1is2000000513v-img/pj0323_08.jpg]
[www.nikken.co.jp/en/projects/tg1is2000000513v-img/pj0323_09.png]
[www.nikken.co.jp/en/projects/tg1is2000000513v-img/pj0323_10.jpg]
[www.nikken.co.jp/en/projects/tg1is2000000513v-img/pj0323_11.png]
[www.nikken.co.jp/en/projects/tg1is2000000513v-img/pj0323_12.jpg]
[www.nikken.co.jp/en/projects/tg1is2000000513v-img/pj0323_13.png]
[www.nikken.co.jp/en/projects/tg1is2000000513v-img/pj0323_14.png]
[www.nikken.co.jp/en/projects/tg1is2000000513v-img/pj0323_15.png]
[www.nikken.co.jp/en/projects/tg1is2000000513v-img/pj0323_16.jpg]
[www.nikken.co.jp/en/projects/office/onomichi_city_office.html]
[www.nikken.co.jp/en/projects/office/plafus_kichijoji.html]
[www.nikken.co.jp/en/projects/tg1is20000003oo8-img/pj0249_00_ogp.jpg]
[www.nikken.co.jp/en/projects/tg1is20000003oo8-img/pj0249_00_top.jpg]
[www.nikken.co.jp/en/projects/tg1is20000003oo8-img/pj0249_00_sp.jpg]
[www.nikken.co.jp/en/projects/tg1is20000003oo8-img/pj0249_02.jpg]
[www.nikken.co.jp/en/projects/tg1is20000003oo8-img/pj0249_03.jpg]
[www.nikken.co.jp/en/projects/tg1is20000003oo8-img/pj0249_04.jpg]
[www.nikken.co.jp/en/projects/tg1is20000003oo8-img/pj0249_05.jpg]
[www.nikken.co.jp/en/projects/tg1is20000003oo8-img/pj0249_06.jpg]
[www.nikken.co.jp/en/projects/tg1is20000003oo8-img/pj0249_07.jpg]
[www.nikken.co.jp/en/projects/tg1is20000003oo8-img/pj0249_08.jpg]
[www.nikken.co.jp/en/projects/tg1is20000003oo8-img/pj0249_09.jpg]
[www.nikken.co.jp/en/projects/tg1is20000003oo8-img/pj0249_10.jpg]
[www.nikken.co.jp/en/projects/office/ihi_innovation_center_i-base.html]
[www.nikken.co.jp/en/projects/tg1is20000003ofb-img/pj0247_00_ogp.jpg]
[www.nikken.co.jp/en/projects/tg1is20000003ofb-img/pj0247_00_top.jpg]
[www.nikken.co.jp/en/projects/tg1is20000003ofb-img/pj0247_00_sp.jpg]
[www.nikken.co.jp/en/projects/tg1is20000003ofb-img/pj0247_02.png]
[www.nikken.co.jp/en/projects/tg1is20000003ofb-img/pj0247_03.png]
[www.nikken.co.jp/en/projects/tg1is20000003ofb-img/pj0247_04.jpg]
[www.nikken.co.jp/en/projects/tg1is20000003ofb-img/pj0247_05.jpg]
[www.nikken.co.jp/en/projects/tg1is20000003ofb-img/pj0247_06.png]
[www.nikken.co.jp/en/projects/tg1is20000003ofb-img/pj0247_07.jpg]
[www.nikken.co.jp/en/projects/tg1is20000003ofb-img/pj0247_08.jpg]
[www.nikken.co.jp/en/projects/office/anan_city_office.html]
[www.nikken.co.jp/en/expertise/mep_engineering/tg1is20000000ds6-img/top.jpg]
[www.nikken.co.jp/en/expertise/mep_engineering/tg1is20000000ds6-img/sp.jpg]
[www.nikken.co.jp/en/expertise/mep_engineering/tg1is20000000ds6-img/1-1.jpg]
[www.nikken.co.jp/en/expertise/mep_engineering/tg1is20000000ds6-img/2-1.jpg]
[www.nikken.co.jp/en/expertise/mep_engineering/tg1is20000000ds6-img/2-2.jpg]
[www.nikken.co.jp/en/expertise/mep_engineering/tg1is20000000ds6-img/wellness-deco-img.gif]
[www.nikken.co.jp/en/expertise/mep_engineering/tg1is20000000ds6-img/1-2-ID200_1.jpg]
[www.nikken.co.jp/en/expertise/mep_engineering/tg1is20000000ds6-img/1-2-ID200_1_1.jpg]
[www.nikken.co.jp/en/expertise/mep_engineering/tg1is20000000ds6-img/1-2-ID200_2.jpg]
[www.nikken.co.jp/en/expertise/mep_engineering/tg1is20000000ds6-img/1-2-ID200_2_1.jpg]
[www.nikken.co.jp/en/expertise/mep_engineering/tg1is20000000ds6-img/1-2-ID200_3.jpg]
[www.nikken.co.jp/en/expertise/mep_engineering/tg1is20000000ds6-img/1-2-ID200_3_1.jpg]
[www.nikken.co.jp/en/expertise/mep_engineering/tg1is20000000ds6-img/1-2-ID200_4.jpg]
[www.nikken.co.jp/en/expertise/mep_engineering/tg1is20000000ds6-img/1-2-ID200_5.jpg]
[www.nikken.co.jp/en/expertise/mep_engineering/tg1is20000000ds6-img/1-2-ID200_5_1.jpg]
[www.nikken.co.jp/en/expertise/mep_engineering/tg1is20000000ds6-img/1-2-ID200_6.jpg]
[www.nikken.co.jp/en/expertise/mep_engineering/tg1is20000000ds6-img/1-2-ID200_6_2.jpg]
[www.nikken.co.jp/en/expertise/mep_engineering/tg1is20000000ds6-img/1-2-ID200_7.jpg]
[www.nikken.co.jp/en/expertise/mep_engineering/tg1is20000000ds6-img/1-2-ID200_7_1.jpg]
[www.nikken.co.jp/en/expertise/mep_engineering/tg1is20000000ds6-img/1-2-ID200_8.jpg]
[www.nikken.co.jp/en/expertise/mep_engineering/tg1is20000000ds6-img/1-2-ID200_8_2.jpg]
[www.nikken.co.jp/en/expertise/mep_engineering/internet_of_things.html]
[www.nikken.co.jp/en/expertise/mep_engineering/life_cycle_design_commissioning.html]
[www.nikken.co.jp/en/news/awards/tg1is20000004mnl-img/20230925_ogp.jpg]
[www.nikken.co.jp/en/news/awards/tg1is20000004mnl-img/20230925_01.jpg]
[www.nikken.co.jp/en/news/awards/tg1is20000004mnl-img/20230925_02.jpg]
[www.nikken.co.jp/en/news/awards/tg1is20000004mnl-img/20230925_03.jpg]
[www.nikken.co.jp/en/news/awards/tg1is20000004mnl-img/20230925_04.jpg]
[www.nikken.co.jp/en/news/awards/2023_09_25.html]
[www.nikken.co.jp/en/news/awards/2023_09_20.html]
[www.nikken.co.jp/en/news/awards/p4iusj000000154v-img/d0214_01.jpg]
[www.nikken.co.jp/en/news/awards/p4iusj000000154v-img/d0214_02.jpg]
[www.nikken.co.jp/en/news/awards/20180601.html]
[www.nikken.co.jp/en/news/news/2018_05_31.html]
[www.nikken.co.jp/en/news/news/tg1is20000000fzr-img/20190501_ogp.jpg]
[www.nikken.co.jp/en/news/news/tg1is20000000fzr-img/20190501_01.jpg]
[www.nikken.co.jp/en/news/news/tg1is20000000fzr-img/20190501_02.jpg]
[www.nikken.co.jp/en/news/news/tg1is20000000fzr-img/20190501_03.jpg]
[www.nikken.co.jp/en/news/news/2019_05_01.html]
[www.nikken.co.jp/en/news/news/2019_05_07.html]
[www.nikken.co.jp/en/projects/tg1is200000048un-img/pj0271_00_ogp.jpg]
[www.nikken.co.jp/en/projects/tg1is200000048un-img/pj0271_00_top.jpg]
[www.nikken.co.jp/en/projects/tg1is200000048un-img/pj0271_00_sp.jpg]
[www.nikken.co.jp/en/projects/tg1is200000048un-img/pj0271_02.jpg]
[www.nikken.co.jp/en/projects/tg1is200000048un-img/pj0271_03.png]
[www.nikken.co.jp/en/projects/tg1is200000048un-img/pj0271_04.jpg]
[www.nikken.co.jp/en/projects/tg1is200000048un-img/pj0271_05.jpg]
[www.nikken.co.jp/en/projects/tg1is200000048un-img/pj0271_06.jpg]
[www.nikken.co.jp/en/projects/tg1is200000048un-img/pj0271_07.jpg]
[www.nikken.co.jp/en/projects/tg1is200000048un-img/pj0271_08.png]
[www.nikken.co.jp/en/projects/tg1is200000048un-img/pj0271_09.png]
[www.nikken.co.jp/en/projects/tg1is200000048un-img/pj0271_10.png]
[www.nikken.co.jp/en/projects/tg1is200000048un-img/pj0271_11.png]
[www.nikken.co.jp/en/projects/mixed_use/jr_kumamoto_railway_station_building.html]
[www.nikken.co.jp/en/projects/mixed_use/shanghai_west_bund_international_ai_tower_and_plaza.html]
[www.nikken.co.jp/en/news/news/tg1is20000000ggd-img/20190919_ogp.jpg]
[www.nikken.co.jp/en/news/news/tg1is20000000ggd-img/20190919_01.jpg]
[www.nikken.co.jp/en/news/news/2019_09_19.html]
[www.nikken.co.jp/en/news/news/2019_08_28.html]
[www.nikken.co.jp/en/news/news/tg1is20000002vbx-att/news-20200515.pdf]
[www.nikken.co.jp/en/news/news/2020_05_15.html]
[www.nikken.co.jp/en/news/news/2020_05_26.html]
[www.nikken.co.jp/en/projects/tg1is20000004vnd-img/pj0302_00_ogp.jpg]
[www.nikken.co.jp/en/projects/tg1is20000004vnd-img/pj0302_00_top.jpg]
[www.nikken.co.jp/en/projects/tg1is20000004vnd-img/pj0302_00_sp.jpg]
[www.nikken.co.jp/en/projects/tg1is20000004vnd-img/pj0302_02.jpg]
[www.nikken.co.jp/en/projects/tg1is20000004vnd-img/pj0302_03.png]
[www.nikken.co.jp/en/projects/tg1is20000004vnd-img/pj0302_04.jpg]
[www.nikken.co.jp/en/projects/tg1is20000004vnd-img/pj0302_05.png]
[www.nikken.co.jp/en/projects/tg1is20000004vnd-img/pj0302_06.jpg]
[www.nikken.co.jp/en/projects/tg1is20000004vnd-img/pj0302_07.jpg]
[www.nikken.co.jp/en/projects/tg1is20000004vnd-img/pj0302_08.jpg]
[www.nikken.co.jp/en/projects/tg1is20000004vnd-img/pj0302_09.jpg]
[www.nikken.co.jp/en/projects/tg1is20000004vnd-img/pj0302_10.jpg]
[www.nikken.co.jp/en/projects/tg1is20000004vnd-img/pj0302_11.jpg]
[www.nikken.co.jp/en/projects/interior_design/the_ritz_carlton_nikko_spa_and_onsen.html]
[www.nikken.co.jp/en/projects/interior_design/halekulani_okinawa_spa_halekulani.html]
[www.nikken.co.jp/en/projects/p4iusj0000000nxm-img/pj0050_00_top.jpg]
[www.nikken.co.jp/en/projects/p4iusj0000000nxm-img/pj0050_02.jpg]
[www.nikken.co.jp/en/projects/p4iusj0000000nxm-img/pj0050_03.jpg]
[www.nikken.co.jp/en/projects/p4iusj0000000nxm-img/pj0050_04.jpg]
[www.nikken.co.jp/en/projects/p4iusj0000000nxm-img/pj0050_05.jpg]
[www.nikken.co.jp/en/projects/p4iusj0000000nxm-img/pj0050_06.jpg]
[www.nikken.co.jp/en/projects/p4iusj0000000nxm-img/pj0050_07.jpg]
[www.nikken.co.jp/en/projects/p4iusj0000000nxm-img/pj0050_08.jpg]
[www.nikken.co.jp/en/projects/p4iusj0000000nxm-img/pj0050_09.jpg]
[www.nikken.co.jp/en/projects/mixed_use/tokyo_garden_terrace_kioicho.html]
[www.nikken.co.jp/en/projects/logistics/haneda_chronogate.html]
[www.nikken.co.jp/en/projects/tg1is20000002xzd-img/pj0215_00_ogp.jpg]
[www.nikken.co.jp/en/projects/tg1is20000002xzd-img/pj0215_00_top.jpg]
[www.nikken.co.jp/en/projects/tg1is20000002xzd-img/pj0215_00_sp.jpg]
[www.nikken.co.jp/en/projects/tg1is20000002xzd-img/pj0215_02.png]
[www.nikken.co.jp/en/projects/tg1is20000002xzd-img/pj0215_03.jpg]
[www.nikken.co.jp/en/projects/tg1is20000002xzd-img/pj0215_04.jpg]
[www.nikken.co.jp/en/projects/tg1is20000002xzd-img/pj0215_05.jpg]
[www.nikken.co.jp/en/projects/tg1is20000002xzd-img/pj0215_06.jpg]
[www.nikken.co.jp/en/projects/tg1is20000002xzd-img/pj0215_07.jpg]
[www.nikken.co.jp/en/projects/tg1is20000002xzd-img/pj0215_08.jpg]
[www.nikken.co.jp/en/projects/tg1is20000002xzd-img/pj0215_09.jpg]
[www.nikken.co.jp/en/projects/tg1is20000002xzd-img/pj0215_10.jpg]
[www.nikken.co.jp/en/projects/tg1is20000002xzd-img/pj0215_11.jpg]
[www.nikken.co.jp/en/projects/tg1is20000002xzd-img/pj0215_12.jpg]
[www.nikken.co.jp/en/projects/tg1is20000002xzd-img/pj0215_13.jpg]
[www.nikken.co.jp/en/projects/tg1is20000002xzd-img/pj0215_14.png]
[www.nikken.co.jp/en/projects/tg1is20000002xzd-img/pj0215_15.png]
[www.nikken.co.jp/en/projects/tg1is20000002xzd-img/pj0215_16.jpg]
[www.nikken.co.jp/en/projects/urban_design_and_planning/umekita_phase_2_development.html]
[www.nikken.co.jp/en/projects/tg1is200000051a5-img/pj0324_00_ogp.jpg]
[www.nikken.co.jp/en/projects/tg1is200000051a5-img/pj0324_00_top.jpg]
[www.nikken.co.jp/en/projects/tg1is200000051a5-img/pj0324_00_sp.jpg]
[www.nikken.co.jp/en/projects/tg1is200000051a5-img/pj0324_02.png]
[www.nikken.co.jp/en/projects/tg1is200000051a5-img/pj0324_03.png]
[www.nikken.co.jp/en/projects/tg1is200000051a5-img/pj0324_04.png]
[www.nikken.co.jp/en/projects/tg1is200000051a5-img/pj0324_05.jpg]
[www.nikken.co.jp/en/projects/tg1is200000051a5-img/pj0324_06.png]
[www.nikken.co.jp/en/projects/tg1is200000051a5-img/pj0324_07.png]
[www.nikken.co.jp/en/projects/tg1is200000051a5-img/pj0324_08.png]
[www.nikken.co.jp/en/projects/tg1is200000051a5-img/pj0324_09.png]
[www.nikken.co.jp/en/projects/tg1is200000051a5-img/pj0324_10.jpg]
[www.nikken.co.jp/en/projects/tg1is200000051a5-img/pj0324_11.png]
[www.nikken.co.jp/en/projects/tg1is200000051a5-img/pj0324_12.jpg]
[www.nikken.co.jp/en/projects/office/plafus_kichijoji.html]
[www.nikken.co.jp/en/projects/office/sdk_kumamoto_building.html]
[www.nikken.co.jp/en/expertise/mep_engineering/tg1is20000000jgl-img/ogp.jpg]
[www.nikken.co.jp/en/expertise/mep_engineering/tg1is20000000jgl-img/top.jpg]
[www.nikken.co.jp/en/expertise/mep_engineering/tg1is20000000jgl-img/sp.jpg]
[www.nikken.co.jp/en/expertise/mep_engineering/tg1is20000000jgl-img/lcd_01.jpg]
[www.nikken.co.jp/en/expertise/mep_engineering/tg1is20000000jgl-att/lcd_01.jpg]
[www.nikken.co.jp/en/expertise/mep_engineering/tg1is20000000jgl-img/lcd_02.jpg]
[www.nikken.co.jp/en/expertise/mep_engineering/tg1is20000000jgl-img/lcd_03.jpg]
[www.nikken.co.jp/en/expertise/mep_engineering/tg1is20000000jgl-img/border.gif]
[www.nikken.co.jp/en/expertise/mep_engineering/tg1is20000000jgl-img/lcd_04.jpg]
[www.nikken.co.jp/en/expertise/mep_engineering/tg1is20000000jgl-img/lcd_05.jpg]
[www.nikken.co.jp/en/expertise/mep_engineering/tg1is20000000jgl-img/lcd_06.jpg]
[www.nikken.co.jp/en/expertise/mep_engineering/tg1is20000000jgl-img/lcd_07.jpg]
[www.nikken.co.jp/en/expertise/mep_engineering/tg1is20000000jgl-img/lcd_08.jpg]
[www.nikken.co.jp/en/expertise/mep_engineering/tg1is20000000jgl-img/lcd_09.jpg]
[www.nikken.co.jp/en/expertise/mep_engineering/life_cycle_design_commissioning.html]
[www.nikken.co.jp/en/expertise/mep_engineering/safety_security.html]
[www.nikken.co.jp/en/news/awards/tg1is20000004n4d-img/20231002_ogp.jpg]
[www.nikken.co.jp/en/news/awards/tg1is20000004n4d-img/20231002_01.jpg]
[www.nikken.co.jp/en/news/awards/tg1is20000004n4d-img/20231002_02.jpg]
[www.nikken.co.jp/en/news/awards/tg1is20000004n4d-img/20231002_03.jpg]
[www.nikken.co.jp/en/news/awards/2023_09_20.html]
[www.nikken.co.jp/en/news/news/2023_09_19.html]
[www.nikken.co.jp/en/news/news/2018_05_31.html]
[www.nikken.co.jp/en/news/news/2018_05_26.html]
[www.nikken.co.jp/en/news/news/tg1is20000000a4w-img/20190507_ogp.jpg]
[www.nikken.co.jp/en/news/news/tg1is20000000a4w-img/20190507_01.jpg]
[www.nikken.co.jp/en/news/news/tg1is20000000a4w-img/20190507_02.jpg]
[www.nikken.co.jp/en/news/news/tg1is20000000a4w-img/20190507_03.jpg]
[www.nikken.co.jp/en/news/news/tg1is20000000a4w-img/20190422_04.jpg]
[www.nikken.co.jp/en/news/news/tg1is20000000a4w-img/20190422_05.jpg]
[www.nikken.co.jp/en/news/news/2019_05_07.html]
[www.nikken.co.jp/en/news/news/2019_06_24.html]
[www.nikken.co.jp/en/projects/tg1is200000048zl-img/pj0272_00_ogp.jpg]
[www.nikken.co.jp/en/projects/tg1is200000048zl-img/pj0272_00_top.jpg]
[www.nikken.co.jp/en/projects/tg1is200000048zl-img/pj0272_00_sp.jpg]
[www.nikken.co.jp/en/projects/tg1is200000048zl-img/pj0272_02.png]
[www.nikken.co.jp/en/projects/tg1is200000048zl-img/pj0272_03.jpg]
[www.nikken.co.jp/en/projects/tg1is200000048zl-img/pj0272_04.jpg]
[www.nikken.co.jp/en/projects/tg1is200000048zl-img/pj0272_05.png]
[www.nikken.co.jp/en/projects/tg1is200000048zl-img/pj0272_06.png]
[www.nikken.co.jp/en/projects/tg1is200000048zl-img/pj0272_07.png]
[www.nikken.co.jp/en/projects/tg1is200000048zl-img/pj0272_08.png]
[www.nikken.co.jp/en/projects/tg1is200000048zl-img/pj0272_09.png]
[www.nikken.co.jp/en/projects/tg1is200000048zl-img/pj0272_10.png]
[www.nikken.co.jp/en/projects/tg1is200000048zl-img/pj0272_11.jpg]
[www.nikken.co.jp/en/projects/tg1is200000048zl-img/pj0272_12.png]
[www.nikken.co.jp/en/projects/tg1is200000048zl-img/pj0272_13.png]
[www.nikken.co.jp/en/projects/tg1is200000048zl-img/pj0272_14.png]
[www.nikken.co.jp/en/projects/mixed_use/shanghai_west_bund_international_ai_tower_and_plaza.html]
[www.nikken.co.jp/en/projects/mixed_use/one_zaabeel.html]
[www.nikken.co.jp/en/news/news/tg1is20000000g57-img/20190828_ogp.jpg]
[www.nikken.co.jp/en/news/news/tg1is20000000g57-img/20190828_01.jpg]
[www.nikken.co.jp/en/news/news/tg1is20000000g57-img/20190828_03.jpg]
[www.nikken.co.jp/en/news/news/tg1is20000000g57-img/20190828_02_04.jpg]
[www.nikken.co.jp/en/news/news/tg1is20000000g57-img/20190828_04.jpg]
[www.nikken.co.jp/en/news/news/2019_08_28.html]
[www.nikken.co.jp/en/news/news/2019_07_29.html]
[www.nikken.co.jp/en/news/news/tg1is20000002vyb-att/tg1is20000002vzf.pdf]
[www.nikken.co.jp/en/news/news/2020_05_26.html]
[www.nikken.co.jp/en/news/news/2020_05_29.html]
[www.nikken.co.jp/en/projects/tg1is20000004vs8-img/pj0303_00_ogp.jpg]
[www.nikken.co.jp/en/projects/tg1is20000004vs8-img/pj0303_00_top.jpg]
[www.nikken.co.jp/en/projects/tg1is20000004vs8-img/pj0303_00_sp.jpg]
[www.nikken.co.jp/en/projects/tg1is20000004vs8-img/pj0303_02.png]
[www.nikken.co.jp/en/projects/tg1is20000004vs8-img/pj0303_03.jpg]
[www.nikken.co.jp/en/projects/tg1is20000004vs8-img/pj0303_04.jpg]
[www.nikken.co.jp/en/projects/tg1is20000004vs8-img/pj0303_05.jpg]
[www.nikken.co.jp/en/projects/tg1is20000004vs8-img/pj0303_06.jpg]
[www.nikken.co.jp/en/projects/tg1is20000004vs8-img/pj0303_07.jpg]
[www.nikken.co.jp/en/projects/tg1is20000004vs8-img/pj0303_08.jpg]
[www.nikken.co.jp/en/projects/tg1is20000004vs8-img/pj0303_09.jpg]
[www.nikken.co.jp/en/projects/tg1is20000004vs8-img/pj0303_10.jpg]
[www.nikken.co.jp/en/projects/tg1is20000004vs8-img/pj0303_11.jpg]
[www.nikken.co.jp/en/projects/tg1is20000004vs8-img/pj0303_12.jpg]
[www.nikken.co.jp/en/projects/interior_design/halekulani_okinawa_spa_halekulani.html]
[www.nikken.co.jp/en/projects/interior_design/mitsui_garden_hotel_jingugaien_tokyo_premier.html]
[www.nikken.co.jp/en/projects/p4iusj0000000ink-img/pj0009_00_top.jpg]
[www.nikken.co.jp/en/projects/p4iusj0000000ink-img/pj0009_02.jpg]
[www.nikken.co.jp/en/projects/p4iusj0000000ink-img/pj0009_03.jpg]
[www.nikken.co.jp/en/projects/p4iusj0000000ink-img/pj0009_04.jpg]
[www.nikken.co.jp/en/projects/p4iusj0000000ink-img/pj0009_05.jpg]
[www.nikken.co.jp/en/projects/p4iusj0000000ink-img/pj0009_06.jpg]
[www.nikken.co.jp/en/projects/p4iusj0000000ink-img/pj0009_07.jpg]
[www.nikken.co.jp/en/projects/p4iusj0000000ink-img/pj0009_08.jpg]
[www.nikken.co.jp/en/projects/logistics/haneda_chronogate.html]
[www.nikken.co.jp/en/projects/mixed_use/shanghai_bund_citic_plaza.html]
[www.nikken.co.jp/en/projects/tg1is200000052mp-img/pj0326_00_ogp.jpg]
[www.nikken.co.jp/en/projects/tg1is200000052mp-img/pj0326_00_top.jpg]
[www.nikken.co.jp/en/projects/tg1is200000052mp-img/pj0326_00_sp.jpg]
[www.nikken.co.jp/en/projects/tg1is200000052mp-img/pj0326_02.jpg]
[www.nikken.co.jp/en/projects/tg1is200000052mp-img/pj0326_03.jpg]
[www.nikken.co.jp/en/projects/tg1is200000052mp-img/pj0326_04.jpg]
[www.nikken.co.jp/en/projects/tg1is200000052mp-img/pj0326_05.png]
[www.nikken.co.jp/en/projects/tg1is200000052mp-img/pj0326_06.png]
[www.nikken.co.jp/en/projects/tg1is200000052mp-img/pj0326_07.png]
[www.nikken.co.jp/en/projects/tg1is200000052mp-img/pj0326_08.png]
[www.nikken.co.jp/en/projects/tg1is200000052mp-img/pj0326_09.jpg]
[www.nikken.co.jp/en/projects/tg1is200000052mp-img/pj0326_10.jpg]
[www.nikken.co.jp/en/projects/tg1is200000052mp-img/pj0326_11.png]
[www.nikken.co.jp/en/projects/tg1is200000052mp-img/pj0326_13.jpg]
[www.nikken.co.jp/en/projects/tg1is200000052mp-img/pj0326_14.jpg]
[www.nikken.co.jp/en/projects/tg1is200000052mp-img/pj0326_15.png]
[www.nikken.co.jp/en/projects/tg1is200000052mp-img/pj0326_16.jpg]
[www.nikken.co.jp/en/projects/tg1is200000052mp-img/pj0326_17.jpg]
[www.nikken.co.jp/en/projects/tg1is200000052mp-img/pj0326_18.jpg]
[www.nikken.co.jp/en/projects/tg1is200000052mp-img/pj0326_19.png]
[www.nikken.co.jp/en/projects/tg1is200000052mp-img/pj0326_20.jpg]
[www.nikken.co.jp/en/projects/tg1is200000052mp-img/pj0326_21.jpg]
[www.nikken.co.jp/en/projects/tg1is200000052mp-img/pj0326_22.jpg]
[www.nikken.co.jp/en/projects/office/sdk_kumamoto_building.html]
[www.nikken.co.jp/en/projects/office/shinjuku_sumitomo_building_triangle_plaza.html]
[www.nikken.co.jp/en/expertise/mep_engineering/tg1is20000000vqw-img/safetysecurity_ogp.jpg]
[www.nikken.co.jp/en/expertise/mep_engineering/tg1is20000000vqw-img/safetysecurity_top.jpg]
[www.nikken.co.jp/en/expertise/mep_engineering/tg1is20000000vqw-img/safetysecurity_sp.jpg]
[www.nikken.co.jp/en/expertise/mep_engineering/tg1is20000000vqw-img/safetysecurity_001.jpg]
[www.nikken.co.jp/en/expertise/mep_engineering/tg1is20000000vqw-img/safetysecurity_01.jpg]
[www.nikken.co.jp/en/expertise/mep_engineering/tg1is20000000vqw-img/border.gif]
[www.nikken.co.jp/en/expertise/mep_engineering/tg1is20000000vqw-img/safetysecurity_04.jpg]
[www.nikken.co.jp/en/expertise/mep_engineering/tg1is20000000vqw-img/safetysecurity_05.jpg]
[www.nikken.co.jp/en/expertise/mep_engineering/tg1is20000000vqw-img/safetysecurity_06.jpg]
[www.nikken.co.jp/en/expertise/mep_engineering/tg1is20000000vqw-img/safetysecurity_08.jpg]
[www.nikken.co.jp/en/expertise/mep_engineering/tg1is20000000vqw-img/safetysecurity_07.jpg]
[www.nikken.co.jp/en/expertise/mep_engineering/tg1is20000000vqw-img/safetysecurity_09.jpg]
[www.nikken.co.jp/en/expertise/mep_engineering/tg1is20000000vqw-img/safetysecurity_10.jpg]
[www.nikken.co.jp/en/expertise/mep_engineering/tg1is20000000vqw-img/safetysecurity_11.jpg]
[www.nikken.co.jp/en/expertise/mep_engineering/tg1is20000000vqw-img/safetysecurity_12.jpg]
[www.nikken.co.jp/en/expertise/mep_engineering/safety_security.html]
[www.nikken.co.jp/en/expertise/mep_engineering/smart_city.html]
[www.nikken.co.jp/en/news/news/tg1is20000004mjc-img/20230919_ogp.jpg]
[www.nikken.co.jp/en/news/news/tg1is20000004mjc-img/20230919_01.jpg]
[www.nikken.co.jp/en/news/news/tg1is20000004mjc-img/20230919_02a.jpg]
[www.nikken.co.jp/en/news/news/tg1is20000004mjc-img/20230919_02.jpg]
[www.nikken.co.jp/en/news/news/tg1is20000004mjc-img/20230919_03.jpg]
[www.nikken.co.jp/en/news/news/tg1is20000004mjc-img/20230919_04.jpg]
[www.nikken.co.jp/en/news/news/tg1is20000004mjc-img/20230919_05.jpg]
[www.nikken.co.jp/en/news/news/2023_09_19.html]
[www.nikken.co.jp/en/news/awards/2023_07_26.html]
[www.nikken.co.jp/en/news/news/p4iusj0000001590-img/d0216_01.jpg]
[www.nikken.co.jp/en/news/news/p4iusj0000001590-img/p4iusj00000015a7.jpg]
[www.nikken.co.jp/en/news/news/2018_05_26.html]
[www.nikken.co.jp/en/news/news/2018_05_20.html]
[www.nikken.co.jp/en/news/news/tg1is20000000ehf-img/20190624_ogp.jpg]
[www.nikken.co.jp/en/news/news/tg1is20000000ehf-img/20190624_01.jpg]
[www.nikken.co.jp/en/news/news/2019_06_24.html]
[www.nikken.co.jp/en/news/news/2019_07_05.html]
[www.nikken.co.jp/en/projects/tg1is20000004r7a-img/pj0288_00_ogp.jpg]
[www.nikken.co.jp/en/projects/tg1is20000004r7a-img/pj0288_00_top.jpg]
[www.nikken.co.jp/en/projects/tg1is20000004r7a-img/pj0288_00_sp.jpg]
[www.nikken.co.jp/en/projects/tg1is20000004r7a-img/pj0288_02.png]
[www.nikken.co.jp/en/projects/tg1is20000004r7a-img/pj0288_03.jpg]
[www.nikken.co.jp/en/projects/tg1is20000004r7a-img/pj0288_04.jpg]
[www.nikken.co.jp/en/projects/tg1is20000004r7a-img/pj0288_05.jpg]
[www.nikken.co.jp/en/projects/tg1is20000004r7a-img/pj0288_06.png]
[www.nikken.co.jp/en/projects/tg1is20000004r7a-img/pj0288_07.jpg]
[www.nikken.co.jp/en/projects/tg1is20000004r7a-img/pj0288_08.png]
[www.nikken.co.jp/en/projects/tg1is20000004r7a-img/pj0288_09.jpg]
[www.nikken.co.jp/en/projects/tg1is20000004r7a-img/pj0288_10.png]
[www.nikken.co.jp/en/projects/tg1is20000004r7a-img/pj0288_11.jpg]
[www.nikken.co.jp/en/projects/tg1is20000004r7a-img/pj0288_19.jpg]
[www.nikken.co.jp/en/projects/tg1is20000004r7a-img/pj0288_20.jpg]
[www.nikken.co.jp/en/projects/tg1is20000004r7a-img/pj0288_21.png]
[www.nikken.co.jp/en/projects/mixed_use/one_zaabeel.html]
[www.nikken.co.jp/en/projects/mixed_use/athletes_village_plaza.html]
[www.nikken.co.jp/en/news/news/tg1is20000000faf-img/20190729_ogp.jpg]
[www.nikken.co.jp/en/news/news/tg1is20000000faf-img/20190729_01.jpg]
[www.nikken.co.jp/en/news/news/tg1is20000000faf-img/20190729_02.jpg]
[www.nikken.co.jp/en/news/news/tg1is20000000faf-img/20190729_03.jpg]
[www.nikken.co.jp/en/news/news/tg1is20000000faf-img/20190729_04.jpg]
[www.nikken.co.jp/en/news/news/tg1is20000000faf-img/20190729_05.jpg]
[www.nikken.co.jp/en/news/news/tg1is20000000faf-img/20190729_06.jpg]
[www.nikken.co.jp/en/news/news/tg1is20000000faf-img/20190729_07.jpg]
[www.nikken.co.jp/en/news/news/tg1is20000000faf-img/20190729_08.jpg]
[www.nikken.co.jp/en/news/news/tg1is20000000faf-img/20190729_09.jpg]
[www.nikken.co.jp/en/news/news/2019_07_29.html]
[www.nikken.co.jp/en/news/news/tg1is20000002vzs-img/20200529_ogp.jpg]
[www.nikken.co.jp/en/news/news/tg1is20000002vzs-img/20200529_01.jpg]
[www.nikken.co.jp/en/news/news/tg1is20000002vzs-img/20200529_02.jpg]
[www.nikken.co.jp/en/news/news/tg1is20000002vzs-img/20200529_03.jpg]
[www.nikken.co.jp/en/news/news/2020_05_29.html]
[www.nikken.co.jp/en/news/news/2020_06_05.html]
[www.nikken.co.jp/en/projects/tg1is20000004vx9-img/pj0304_00_ogp.jpg]
[www.nikken.co.jp/en/projects/tg1is20000004vx9-img/pj0304_00_top.jpg]
[www.nikken.co.jp/en/projects/tg1is20000004vx9-img/pj0304_00_sp.jpg]
[www.nikken.co.jp/en/projects/tg1is20000004vx9-img/pj0304_02.jpg]
[www.nikken.co.jp/en/projects/tg1is20000004vx9-img/pj0304_03.jpg]
[www.nikken.co.jp/en/projects/tg1is20000004vx9-img/pj0304_04.jpg]
[www.nikken.co.jp/en/projects/tg1is20000004vx9-img/pj0304_05.jpg]
[www.nikken.co.jp/en/projects/tg1is20000004vx9-img/pj0304_06.jpg]
[www.nikken.co.jp/en/projects/tg1is20000004vx9-img/pj0304_07.jpg]
[www.nikken.co.jp/en/projects/tg1is20000004vx9-img/pj0304_08.jpg]
[www.nikken.co.jp/en/projects/tg1is20000004vx9-img/pj0304_09.jpg]
[www.nikken.co.jp/en/projects/tg1is20000004vx9-img/pj0304_10.png]
[www.nikken.co.jp/en/projects/tg1is20000004vx9-img/pj0304_11.jpg]
[www.nikken.co.jp/en/projects/interior_design/mitsui_garden_hotel_jingugaien_tokyo_premier.html]
[www.nikken.co.jp/en/projects/interior_design/sumisho_interior_international_orgatec_tokyo_2022_exhibition_booth.html]
[www.nikken.co.jp/en/projects/p4iusj0000000ljq-img/pj0031_00_top.jpg]
[www.nikken.co.jp/en/projects/p4iusj0000000ljq-img/pj0031_02.jpg]
[www.nikken.co.jp/en/projects/p4iusj0000000ljq-img/pj0031_03.jpg]
[www.nikken.co.jp/en/projects/p4iusj0000000ljq-img/pj0031_04.jpg]
[www.nikken.co.jp/en/projects/p4iusj0000000ljq-img/pj0031_05.jpg]
[www.nikken.co.jp/en/projects/p4iusj0000000ljq-img/pj0031_06.jpg]
[www.nikken.co.jp/en/projects/p4iusj0000000ljq-img/pj0031_07.jpg]
[www.nikken.co.jp/en/projects/p4iusj0000000ljq-img/pj0031_08.jpg]
[www.nikken.co.jp/en/projects/mixed_use/shanghai_bund_citic_plaza.html]
[www.nikken.co.jp/en/projects/mixed_use/izumi_garden.html]
[www.nikken.co.jp/en/projects/tg1is200000052ti-img/pj0327_00_ogp.jpg]
[www.nikken.co.jp/en/projects/tg1is200000052ti-img/pj0327_00_top.jpg]
[www.nikken.co.jp/en/projects/tg1is200000052ti-img/pj0327_00_sp.jpg]
[www.nikken.co.jp/en/projects/tg1is200000052ti-img/pj0327_02.jpg]
[www.nikken.co.jp/en/projects/tg1is200000052ti-img/pj0327_04.jpg]
[www.nikken.co.jp/en/projects/tg1is200000052ti-img/pj0327_03.jpg]
[www.nikken.co.jp/en/projects/tg1is200000052ti-img/pj0327_05.png]
[www.nikken.co.jp/en/projects/tg1is200000052ti-img/pj0327_06.png]
[www.nikken.co.jp/en/projects/tg1is200000052ti-img/pj0327_07.jpg]
[www.nikken.co.jp/en/projects/tg1is200000052ti-img/pj0327_08.jpg]
[www.nikken.co.jp/en/projects/tg1is200000052ti-img/pj0327_09.jpg]
[www.nikken.co.jp/en/projects/tg1is200000052ti-img/pj0327_10.jpg]
[www.nikken.co.jp/en/projects/tg1is200000052ti-img/pj0327_11.png]
[www.nikken.co.jp/en/projects/tg1is200000052ti-img/pj0327_12.jpg]
[www.nikken.co.jp/en/projects/tg1is200000052ti-img/pj0327_13.jpg]
[www.nikken.co.jp/en/projects/tg1is200000052ti-img/pj0327_14.jpg]
[www.nikken.co.jp/en/projects/tg1is200000052ti-img/pj0327_15.jpg]
[www.nikken.co.jp/en/projects/tg1is200000052ti-img/pj0327_16.jpg]
[www.nikken.co.jp/en/projects/tg1is200000052ti-img/pj0327_17.jpg]
[www.nikken.co.jp/en/projects/tg1is200000052ti-img/pj0327_18.jpg]
[www.nikken.co.jp/en/projects/tg1is200000052ti-img/pj0327_19.png]
[www.nikken.co.jp/en/projects/tg1is200000052ti-img/pj0327_20.png]
[www.nikken.co.jp/en/projects/tg1is200000052ti-img/pj0327_21.jpg]
[www.nikken.co.jp/en/projects/office/shinjuku_sumitomo_building_triangle_plaza.html]
[www.nikken.co.jp/en/projects/office/ginsen_nishi_shimbashi_building.html]
[www.nikken.co.jp/en/expertise/mep_engineering/tg1is20000002oao-img/smartcity_ogp.jpg]
[www.nikken.co.jp/en/expertise/mep_engineering/tg1is20000002oao-img/smartcity_main.jpg]
[www.nikken.co.jp/en/expertise/mep_engineering/tg1is20000002oao-img/smartcity_sp.jpg]
[www.nikken.co.jp/en/expertise/mep_engineering/tg1is20000002oao-img/smartcity_01.jpg]
[www.nikken.co.jp/en/expertise/mep_engineering/tg1is20000002oao-img/smartcity_02.jpg]
[www.nikken.co.jp/en/expertise/mep_engineering/tg1is20000002oao-img/smartcity_03.jpg]
[www.nikken.co.jp/en/expertise/mep_engineering/tg1is20000002oao-img/smartcity_04.jpg]
[www.nikken.co.jp/en/expertise/mep_engineering/tg1is20000002oao-img/border.gif]
[www.nikken.co.jp/en/expertise/mep_engineering/tg1is20000002oao-img/smartcity_05.jpg]
[www.nikken.co.jp/en/expertise/mep_engineering/tg1is20000002oao-img/smartcity_06.jpg]
[www.nikken.co.jp/en/expertise/mep_engineering/tg1is20000002oao-img/smartcity_07.jpg]
[www.nikken.co.jp/en/expertise/mep_engineering/tg1is20000002oao-img/smartcity_08.jpg]
[www.nikken.co.jp/en/expertise/mep_engineering/tg1is20000002oao-img/smartcity_09.jpg]
[www.nikken.co.jp/en/expertise/mep_engineering/tg1is20000002oao-img/smartcity_10.jpg]
[www.nikken.co.jp/en/expertise/mep_engineering/tg1is20000002oao-img/smartcity_11.jpg]
[www.nikken.co.jp/en/expertise/mep_engineering/tg1is20000002oao-img/smartcity_12.jpg]
[www.nikken.co.jp/en/expertise/mep_engineering/tg1is20000002oao-img/smartcity_13sp.jpg]
[www.nikken.co.jp/en/expertise/mep_engineering/tg1is20000002oao-img/smartcity_14sp.jpg]
[www.nikken.co.jp/en/expertise/mep_engineering/smart_city.html]
[www.nikken.co.jp/en/expertise/mep_engineering/wellness.html]
[www.nikken.co.jp/en/news/awards/tg1is20000004kt6-img/20230726_ogp.jpg]
[www.nikken.co.jp/en/news/awards/tg1is20000004kt6-img/20230726_01.jpg]
[www.nikken.co.jp/en/news/awards/tg1is20000004kt6-img/20230726_02.jpg]
[www.nikken.co.jp/en/news/awards/tg1is20000004kt6-img/20230726_03.jpg]
[www.nikken.co.jp/en/news/awards/tg1is20000004kt6-img/20230726_04.jpg]
[www.nikken.co.jp/en/news/awards/2023_07_26.html]
[www.nikken.co.jp/en/news/news/2023_06_21.html]
[www.nikken.co.jp/en/news/news/p4iusj00000015al-img/d0217_01.jpg]
[www.nikken.co.jp/en/news/news/p4iusj00000015al-img/d0217_02.jpg]
[www.nikken.co.jp/en/news/news/2018_05_20.html]
[www.nikken.co.jp/en/news/news/2018_05_18.html]
[www.nikken.co.jp/en/news/news/tg1is20000000ev1-img/20190705_ogp.jpg]
[www.nikken.co.jp/en/news/news/tg1is20000000ev1-img/20190705.jpg]
[www.nikken.co.jp/en/news/news/2019_07_05.html]
[www.nikken.co.jp/en/projects/tg1is20000004wle-img/pj0306_00_ogp.jpg]
[www.nikken.co.jp/en/projects/tg1is20000004wle-img/pj0306_00_top.jpg]
[www.nikken.co.jp/en/projects/tg1is20000004wle-img/pj0306_00_sp.jpg]
[www.nikken.co.jp/en/projects/tg1is20000004wle-img/pj0306_02.jpg]
[www.nikken.co.jp/en/projects/tg1is20000004wle-img/pj0306_03.png]
[www.nikken.co.jp/en/projects/tg1is20000004wle-img/pj0306_04.jpg]
[www.nikken.co.jp/en/projects/tg1is20000004wle-img/pj0306_05.jpg]
[www.nikken.co.jp/en/projects/tg1is20000004wle-img/pj0306_06.jpg]
[www.nikken.co.jp/en/projects/tg1is20000004wle-img/pj0306_07.jpg]
[www.nikken.co.jp/en/projects/tg1is20000004wle-img/pj0306_08.jpg]
[www.nikken.co.jp/en/projects/tg1is20000004wle-img/pj0306_09.jpg]
[www.nikken.co.jp/en/projects/tg1is20000004wle-img/pj0306_10.jpg]
[www.nikken.co.jp/en/projects/tg1is20000004wle-img/pj0306_11.jpg]
[www.nikken.co.jp/en/projects/mixed_use/athletes_village_plaza.html]
[www.nikken.co.jp/en/projects/mixed_use/beijing_zhaotai_zhongguancun_renovation_project.html]
[www.nikken.co.jp/en/news/news/tg1is20000002wa2-img/20200605_ogp.jpg]
[www.nikken.co.jp/en/news/news/2020_06_05.html]
[www.nikken.co.jp/en/news/news/2020_06_16.html]
[www.nikken.co.jp/en/projects/tg1is20000004w31-img/pj0305_00_ogp.jpg]
[www.nikken.co.jp/en/projects/tg1is20000004w31-img/pj0305_00_top.jpg]
[www.nikken.co.jp/en/projects/tg1is20000004w31-img/pj0305_00_sp.jpg]
[www.nikken.co.jp/en/projects/tg1is20000004w31-img/pj0305_02.jpg]
[www.nikken.co.jp/en/projects/tg1is20000004w31-img/pj0305_03.png]
[www.nikken.co.jp/en/projects/tg1is20000004w31-img/pj0305_04.png]
[www.nikken.co.jp/en/projects/tg1is20000004w31-img/pj0305_05.jpg]
[www.nikken.co.jp/en/projects/tg1is20000004w31-img/pj0305_06.jpg]
[www.nikken.co.jp/en/projects/interior_design/sumisho_interior_international_orgatec_tokyo_2022_exhibition_booth.html]
[www.nikken.co.jp/en/projects/interior_design/mitsui_garden_hotel_kyoto_kawaramachi_jokyoji.html]
[www.nikken.co.jp/en/projects/p4iusj0000001f66-img/pj0001_00_top.jpg]
[www.nikken.co.jp/en/projects/p4iusj0000001f66-img/pj0001_02.jpg]
[www.nikken.co.jp/en/projects/p4iusj0000001f66-img/pj0001_03.jpg]
[www.nikken.co.jp/en/projects/p4iusj0000001f66-img/pj0001_04.jpg]
[www.nikken.co.jp/en/projects/p4iusj0000001f66-img/pj0001_05.jpg]
[www.nikken.co.jp/en/projects/p4iusj0000001f66-img/pj0001_06.jpg]
[www.nikken.co.jp/en/projects/p4iusj0000001f66-img/pj0001_07.jpg]
[www.nikken.co.jp/en/projects/p4iusj0000001f66-img/pj0001_08.jpg]
[www.nikken.co.jp/en/projects/mixed_use/izumi_garden.html]
[www.nikken.co.jp/en/projects/tg1is200000053q7-img/pj0329_00_ogp.jpg]
[www.nikken.co.jp/en/projects/tg1is200000053q7-img/pj0329_00_top.jpg]
[www.nikken.co.jp/en/projects/tg1is200000053q7-img/pj0329_00_sp.jpg]
[www.nikken.co.jp/en/projects/tg1is200000053q7-img/pj0329_02.png]
[www.nikken.co.jp/en/projects/tg1is200000053q7-img/pj0329_03.jpg]
[www.nikken.co.jp/en/projects/tg1is200000053q7-img/pj0329_04.png]
[www.nikken.co.jp/en/projects/tg1is200000053q7-img/pj0329_05.png]
[www.nikken.co.jp/en/projects/tg1is200000053q7-img/pj0329_06.png]
[www.nikken.co.jp/en/projects/tg1is200000053q7-img/pj0329_07.jpg]
[www.nikken.co.jp/en/projects/tg1is200000053q7-img/pj0329_08.png]
[www.nikken.co.jp/en/projects/tg1is200000053q7-img/pj0329_09.jpg]
[www.nikken.co.jp/en/projects/tg1is200000053q7-img/pj0329_10.jpg]
[www.nikken.co.jp/en/projects/tg1is200000053q7-img/pj0329_11.jpg]
[www.nikken.co.jp/en/projects/tg1is200000053q7-img/pj0329_12.jpg]
[www.nikken.co.jp/en/projects/tg1is200000053q7-img/pj0329_13.jpg]
[www.nikken.co.jp/en/projects/tg1is200000053q7-img/pj0329_14.jpg]
[www.nikken.co.jp/en/projects/tg1is200000053q7-img/pj0329_15.png]
[www.nikken.co.jp/en/projects/tg1is200000053q7-img/pj0329_16.png]
[www.nikken.co.jp/en/projects/tg1is200000053q7-img/pj0329_17.png]
[www.nikken.co.jp/en/projects/office/ginsen_nishi_shimbashi_building.html]
[www.nikken.co.jp/en/expertise/mep_engineering/tg1is20000000anf-img/ogp.jpg]
[www.nikken.co.jp/en/expertise/mep_engineering/tg1is20000000anf-img/top.jpg]
[www.nikken.co.jp/en/expertise/mep_engineering/tg1is20000000anf-img/sp.jpg]
[www.nikken.co.jp/en/expertise/mep_engineering/tg1is20000000anf-img/Plan-with-wellness-in-mind.jpg]
[www.nikken.co.jp/en/expertise/mep_engineering/tg1is20000000anf-img/Assessment-points-of-the-WELL-Building-Standard.jpg]
[www.nikken.co.jp/en/expertise/mep_engineering/tg1is20000000anf-img/Example-of-radiant-cooling-using-slight-air-flow.jpg]
[www.nikken.co.jp/en/expertise/mep_engineering/tg1is20000000anf-img/Heat-balance-using-TABS-(Thermal-Active-Building-System).jpg]
[www.nikken.co.jp/en/expertise/mep_engineering/tg1is20000000anf-img/Example-of-radiant-cooling-using-well-water.jpg]
[www.nikken.co.jp/en/expertise/mep_engineering/tg1is20000000anf-img/wellness-deco-2.gif]
[www.nikken.co.jp/en/expertise/mep_engineering/tg1is20000000anf-img/link-ykk.jpg]
[www.nikken.co.jp/en/expertise/mep_engineering/tg1is20000000anf-img/link-densan.jpg]
[www.nikken.co.jp/en/expertise/mep_engineering/working_toward_the_realization_of_comfortable_and_energy_efficient_spaces_with_climate_and_landscape-utilizing_radiant_heating_and_cooling.html]
[www.nikken.co.jp/en/expertise/mep_engineering/tg1is20000000anf-img/wellness-deco-img.gif]
[www.nikken.co.jp/en/expertise/mep_engineering/tg1is20000000anf-img/tg1is20000000arh.jpg]
[www.nikken.co.jp/en/expertise/mep_engineering/tg1is20000000anf-img/a1557477806752.jpg]
[www.nikken.co.jp/en/expertise/mep_engineering/tg1is20000000anf-img/tg1is20000000asc.jpg]
[www.nikken.co.jp/en/expertise/mep_engineering/tg1is20000000anf-img/a1557712799466.jpg]
[www.nikken.co.jp/en/expertise/mep_engineering/tg1is20000000anf-img/tg1is20000000atp.jpg]
[www.nikken.co.jp/en/expertise/mep_engineering/tg1is20000000anf-img/a1557712885961.jpg]
[www.nikken.co.jp/en/expertise/mep_engineering/tg1is20000000anf-img/tg1is20000000auk.jpg]
[www.nikken.co.jp/en/expertise/mep_engineering/tg1is20000000anf-img/a1557713010952.jpg]
[www.nikken.co.jp/en/expertise/mep_engineering/tg1is20000000anf-img/tg1is20000000avf.jpg]
[www.nikken.co.jp/en/expertise/mep_engineering/tg1is20000000anf-img/a1557713046835.jpg]
[www.nikken.co.jp/en/expertise/mep_engineering/tg1is20000000anf-img/tg1is20000000awa.jpg]
[www.nikken.co.jp/en/expertise/mep_engineering/tg1is20000000anf-img/a1557713754269.jpg]
[www.nikken.co.jp/en/expertise/mep_engineering/tg1is20000000anf-img/tg1is20000000ax5.jpg]
[www.nikken.co.jp/en/expertise/mep_engineering/tg1is20000000anf-img/a1557713213708.jpg]
[www.nikken.co.jp/en/expertise/mep_engineering/tg1is20000000anf-img/tg1is20000000ay0.jpg]
[www.nikken.co.jp/en/expertise/mep_engineering/tg1is20000000anf-img/a1557713268281.jpg]
[www.nikken.co.jp/en/expertise/mep_engineering/tg1is20000000anf-img/tg1is20000000ayv.jpg]
[www.nikken.co.jp/en/expertise/mep_engineering/tg1is20000000anf-img/a1557713314709.jpg]
[www.nikken.co.jp/en/expertise/mep_engineering/tg1is20000000anf-img/tg1is20000000azq.jpg]
[www.nikken.co.jp/en/expertise/mep_engineering/tg1is20000000anf-img/a1557713361241.jpg]
[www.nikken.co.jp/en/expertise/mep_engineering/tg1is20000000anf-img/tg1is20000000b0l.jpg]
[www.nikken.co.jp/en/expertise/mep_engineering/tg1is20000000anf-img/a1557713403714.jpg]
[www.nikken.co.jp/en/expertise/mep_engineering/wellness.html]
[www.nikken.co.jp/en/news/news/tg1is20000004ieb-img/20230621_ogp.jpg]
[www.nikken.co.jp/en/news/news/tg1is20000004ieb-img/20230621_01.jpg]
[www.nikken.co.jp/en/news/news/tg1is20000004ieb-img/20230621_02.jpg]
[www.nikken.co.jp/en/news/news/tg1is20000004ieb-img/20230621_03.jpg]
[www.nikken.co.jp/en/news/news/2023_06_21.html]
[www.nikken.co.jp/en/news/news/2023_05_31_02.html]
[www.nikken.co.jp/en/news/news/p4iusj00000015c3-img/d0218_01.jpg]
[www.nikken.co.jp/en/news/news/p4iusj00000015c3-img/d0218_02.jpg]
[www.nikken.co.jp/en/news/news/2018_05_18.html]
[www.nikken.co.jp/en/news/news/2018_05_01.html]
[www.nikken.co.jp/en/projects/tg1is200000050f3-img/pj0321_00_ogp.jpg]
[www.nikken.co.jp/en/projects/tg1is200000050f3-img/pj0321_00_top.jpg]
[www.nikken.co.jp/en/projects/tg1is200000050f3-img/pj0321_00_sp.jpg]
[www.nikken.co.jp/en/projects/tg1is200000050f3-img/pj0321_02.jpg]
[www.nikken.co.jp/en/projects/tg1is200000050f3-img/pj0321_03.jpg]
[www.nikken.co.jp/en/projects/tg1is200000050f3-img/pj0321_04.jpg]
[www.nikken.co.jp/en/projects/tg1is200000050f3-img/pj0321_05.jpg]
[www.nikken.co.jp/en/projects/tg1is200000050f3-img/pj0321_06.jpg]
[www.nikken.co.jp/en/projects/tg1is200000050f3-img/pj0321_07.jpg]
[www.nikken.co.jp/en/projects/tg1is200000050f3-img/pj0321_08.jpg]
[www.nikken.co.jp/en/projects/tg1is200000050f3-img/pj0321_09.jpg]
[www.nikken.co.jp/en/projects/tg1is200000050f3-img/pj0321_10.jpg]
[www.nikken.co.jp/en/projects/tg1is200000050f3-img/pj0321_11.jpg]
[www.nikken.co.jp/en/projects/tg1is200000050f3-img/pj0321_12.jpg]
[www.nikken.co.jp/en/projects/tg1is200000050f3-img/pj0321_13.png]
[www.nikken.co.jp/en/projects/tg1is200000050f3-img/pj0321_14.jpg]
[www.nikken.co.jp/en/projects/tg1is200000050f3-img/pj0321_15.jpg]
[www.nikken.co.jp/en/projects/tg1is200000050f3-img/pj0321_16.jpg]
[www.nikken.co.jp/en/projects/tg1is200000050f3-img/pj0321_17.jpg]
[www.nikken.co.jp/en/projects/tg1is200000050f3-img/pj0321_18.jpg]
[www.nikken.co.jp/en/projects/tg1is200000050f3-img/pj0321_19.jpg]
[www.nikken.co.jp/en/projects/mixed_use/beijing_zhaotai_zhongguancun_renovation_project.html]
[www.nikken.co.jp/en/news/news/tg1is20000002wqy-img/20200616_ogp.jpg]
[www.nikken.co.jp/en/news/news/tg1is20000002wqy-img/20200616_01.jpg]
[www.nikken.co.jp/en/news/news/tg1is20000002wqy-img/20200616_02.jpg]
[www.nikken.co.jp/en/news/news/tg1is20000002wqy-img/20200616_03.jpg]
[www.nikken.co.jp/en/news/news/2020_06_16.html]
[www.nikken.co.jp/en/news/news/2020_07_16.html]
[www.nikken.co.jp/en/projects/tg1is20000004xdg-img/pj0308_00_ogp.jpg]
[www.nikken.co.jp/en/projects/tg1is20000004xdg-img/pj0308_00_top.jpg]
[www.nikken.co.jp/en/projects/tg1is20000004xdg-img/pj0308_00_sp.jpg]
[www.nikken.co.jp/en/projects/tg1is20000004xdg-img/pj0308_02.jpg]
[www.nikken.co.jp/en/projects/tg1is20000004xdg-img/pj0308_03.jpg]
[www.nikken.co.jp/en/projects/tg1is20000004xdg-img/pj0308_04.png]
[www.nikken.co.jp/en/projects/tg1is20000004xdg-img/pj0308_05.jpg]
[www.nikken.co.jp/en/projects/tg1is20000004xdg-img/pj0308_06.jpg]
[www.nikken.co.jp/en/projects/tg1is20000004xdg-img/pj0308_07.jpg]
[www.nikken.co.jp/en/projects/tg1is20000004xdg-img/pj0308_08.jpg]
[www.nikken.co.jp/en/projects/tg1is20000004xdg-img/pj0308_09.png]
[www.nikken.co.jp/en/projects/tg1is20000004xdg-img/pj0308_10.png]
[www.nikken.co.jp/en/projects/tg1is20000004xdg-img/pj0308_11.png]
[www.nikken.co.jp/en/projects/interior_design/mitsui_garden_hotel_kyoto_kawaramachi_jokyoji.html]
[www.nikken.co.jp/en/projects/interior_design/conrad_osaka.html]
[www.nikken.co.jp/en/expertise/mep_engineering/p4iusj0000001pz1-img/p4iusj0000001pzc.jpg]
[www.nikken.co.jp/en/expertise/mep_engineering/p4iusj0000001pz1-img/p4iusj0000001pzd.jpg]
[www.nikken.co.jp/en/expertise/mep_engineering/p4iusj0000001pz1-img/p4iusj0000001q4r.jpg]
[www.nikken.co.jp/en/expertise/mep_engineering/p4iusj0000001pz1-img/p4iusj0000001q5e.jpg]
[www.nikken.co.jp/en/expertise/mep_engineering/p4iusj0000001pz1-img/p4iusj0000001q61.jpg]
[www.nikken.co.jp/en/expertise/mep_engineering/p4iusj0000001pz1-img/p4iusj0000001q6c.jpg]
[www.nikken.co.jp/en/expertise/mep_engineering/p4iusj0000001pz1-img/p4iusj0000001q6g.jpg]
[www.nikken.co.jp/en/expertise/mep_engineering/working_toward_the_realization_of_comfortable_and_energy_efficient_spaces_with_climate_and_landscape-utilizing_radiant_heating_and_cooling.html]
[www.nikken.co.jp/en/expertise/mep_engineering/zebzwb.html]
[www.nikken.co.jp/en/news/news/tg1is20000004hpr-img/20230530_02_ogp.jpg]
[www.nikken.co.jp/en/news/news/tg1is20000004hpr-img/20230530_02_01.jpg]
[www.nikken.co.jp/en/news/news/tg1is20000004hpr-img/20230530_02_02.jpg]
[www.nikken.co.jp/en/news/news/tg1is20000004hpr-img/20230530_02_03.jpg]
[www.nikken.co.jp/en/news/news/tg1is20000004hpr-img/20230530_02_04.jpg]
[www.nikken.co.jp/en/news/news/2023_05_31_02.html]
[www.nikken.co.jp/en/news/news/2023_05_31_01.html]
[www.nikken.co.jp/en/news/news/p4iusj00000015dr-img/d0219_01.jpg]
[www.nikken.co.jp/en/news/news/p4iusj00000015dr-img/d0219_02.jpg]
[www.nikken.co.jp/en/news/news/2018_05_01.html]
[www.nikken.co.jp/en/news/news/2018_04_18.html]
[www.nikken.co.jp/en/news/news/tg1is200000030if-img/20200716_ogp.jpg]
[www.nikken.co.jp/en/news/news/tg1is200000030if-img/20200716_01.jpg]
[www.nikken.co.jp/en/news/news/tg1is200000030if-img/20200716_02.jpg]
[www.nikken.co.jp/en/news/news/tg1is200000030if-img/20200716_03.jpg]
[www.nikken.co.jp/en/news/news/tg1is200000030if-img/20200716_04.jpg]
[www.nikken.co.jp/en/news/news/2020_07_16.html]
[www.nikken.co.jp/en/news/news/2020_08_28.html]
[www.nikken.co.jp/en/projects/tg1is20000004xiq-img/pj0309_00_ogp.jpg]
[www.nikken.co.jp/en/projects/tg1is20000004xiq-img/pj0309_00_top.jpg]
[www.nikken.co.jp/en/projects/tg1is20000004xiq-img/pj0309_00_sp.jpg]
[www.nikken.co.jp/en/projects/tg1is20000004xiq-img/pj0309_02.png]
[www.nikken.co.jp/en/projects/tg1is20000004xiq-img/pj0309_03.jpg]
[www.nikken.co.jp/en/projects/tg1is20000004xiq-img/pj0309_04.jpg]
[www.nikken.co.jp/en/projects/tg1is20000004xiq-img/pj0309_05.jpg]
[www.nikken.co.jp/en/projects/tg1is20000004xiq-img/pj0309_06.jpg]
[www.nikken.co.jp/en/projects/tg1is20000004xiq-img/pj0309_07.png]
[www.nikken.co.jp/en/projects/tg1is20000004xiq-img/pj0309_08.png]
[www.nikken.co.jp/en/projects/tg1is20000004xiq-img/pj0309_09.jpg]
[www.nikken.co.jp/en/projects/tg1is20000004xiq-img/pj0309_10.jpg]
[www.nikken.co.jp/en/projects/tg1is20000004xiq-img/pj0309_11.jpg]
[www.nikken.co.jp/en/projects/tg1is20000004xiq-img/pj0309_12.png]
[www.nikken.co.jp/en/projects/tg1is20000004xiq-img/pj0309_13.jpg]
[www.nikken.co.jp/en/projects/interior_design/conrad_osaka.html]
[www.nikken.co.jp/en/projects/interior_design/lgt_wealth_management_trust_inc.html]
[www.nikken.co.jp/en/expertise/mep_engineering/tg1is20000000el4-img/zebzwb_ogp.jpg]
[www.nikken.co.jp/en/expertise/mep_engineering/tg1is20000000el4-img/zebzwb_top.jpg]
[www.nikken.co.jp/en/expertise/mep_engineering/tg1is20000000el4-img/zebzwb_sp.jpg]
[www.nikken.co.jp/en/expertise/mep_engineering/tg1is20000000el4-img/zebzwb_01-2.jpg]
[www.nikken.co.jp/en/expertise/mep_engineering/tg1is20000000el4-img/zebzwb_03.jpg]
[www.nikken.co.jp/en/expertise/mep_engineering/tg1is20000000el4-img/wellness-deco-2.gif]
[www.nikken.co.jp/en/expertise/mep_engineering/tg1is20000000el4-img/daikin.jpg]
[www.nikken.co.jp/en/projects/research_development/daikin_technology_and_innovation_center.html]
[www.nikken.co.jp/en/expertise/mep_engineering/tg1is20000000el4-img/wellness-deco-img.gif]
[www.nikken.co.jp/en/expertise/mep_engineering/tg1is20000000el4-img/zebzwb_04.jpg]
[www.nikken.co.jp/en/expertise/mep_engineering/tg1is20000000el4-img/zebzwb_05.jpg]
[www.nikken.co.jp/en/expertise/mep_engineering/tg1is20000000el4-img/zebzwb_06.jpg]
[www.nikken.co.jp/en/expertise/mep_engineering/tg1is20000000el4-img/zebzwb_07.jpg]
[www.nikken.co.jp/en/expertise/mep_engineering/tg1is20000000el4-img/zebzwb_08.jpg]
[www.nikken.co.jp/en/expertise/mep_engineering/tg1is20000000el4-img/zebzwb_09.jpg]
[www.nikken.co.jp/en/expertise/mep_engineering/tg1is20000000el4-img/zebzwb_10.jpg]
[www.nikken.co.jp/en/expertise/mep_engineering/tg1is20000000el4-img/zebzwb_11.jpg]
[www.nikken.co.jp/en/expertise/mep_engineering/zebzwb.html]
[www.nikken.co.jp/en/news/news/tg1is20000004ho5-img/20230531_01_ogp.jpg]
[www.nikken.co.jp/en/news/news/tg1is20000004ho5-img/20230530_01.jpg]
[www.nikken.co.jp/en/news/news/tg1is20000004ho5-img/20230530_02.jpg]
[www.nikken.co.jp/en/news/news/2023_05_31_01.html]
[www.nikken.co.jp/en/news/awards/2023_05_09.html]
[www.nikken.co.jp/en/news/news/p4iusj00000015f2-img/d0220.jpg]
[www.nikken.co.jp/en/news/news/2018_04_18.html]
[www.nikken.co.jp/en/news/news/2018_03_06.html]
[www.nikken.co.jp/en/news/news/tg1is200000033yk-img/20200828_ogp.jpg]
[www.nikken.co.jp/en/news/news/tg1is200000033yk-img/20200828_01.jpg]
[www.nikken.co.jp/en/news/news/2020_08_28.html]
[www.nikken.co.jp/en/news/news/2020_09_07.html]
[www.nikken.co.jp/en/projects/tg1is20000004xt6-img/pj0310_00_ogp.jpg]
[www.nikken.co.jp/en/projects/tg1is20000004xt6-img/pj0310_00_top.jpg]
[www.nikken.co.jp/en/projects/tg1is20000004xt6-img/pj0310_00_sp.jpg]
[www.nikken.co.jp/en/projects/tg1is20000004xt6-img/pj0310_02.jpg]
[www.nikken.co.jp/en/projects/tg1is20000004xt6-img/pj0310_03.png]
[www.nikken.co.jp/en/projects/tg1is20000004xt6-img/pj0310_04.jpg]
[www.nikken.co.jp/en/projects/tg1is20000004xt6-img/pj0310_05.jpg]
[www.nikken.co.jp/en/projects/tg1is20000004xt6-img/pj0310_06.jpg]
[www.nikken.co.jp/en/projects/tg1is20000004xt6-img/pj0310_07.jpg]
[www.nikken.co.jp/en/projects/tg1is20000004xt6-img/pj0310_08.jpg]
[www.nikken.co.jp/en/projects/tg1is20000004xt6-img/pj0310_09.jpg]
[www.nikken.co.jp/en/projects/tg1is20000004xt6-img/pj0310_10.jpg]
[www.nikken.co.jp/en/projects/tg1is20000004xt6-img/pj0310_11.png]
[www.nikken.co.jp/en/projects/interior_design/lgt_wealth_management_trust_inc.html]
[www.nikken.co.jp/en/projects/interior_design/panasonic_xc_kadoma.html]
[www.nikken.co.jp/en/projects/p4iusj0000000mid-img/pj0035_00_top.jpg]
[www.nikken.co.jp/en/projects/p4iusj0000000mid-img/pj0035_02.jpg]
[www.nikken.co.jp/en/projects/p4iusj0000000mid-img/pj0035_03.jpg]
[www.nikken.co.jp/en/projects/p4iusj0000000mid-img/pj0035_04.jpg]
[www.nikken.co.jp/en/projects/p4iusj0000000mid-img/pj0035_05.jpg]
[www.nikken.co.jp/en/projects/p4iusj0000000mid-img/pj0035_06.jpg]
[www.nikken.co.jp/en/projects/p4iusj0000000mid-img/pj0035_07.jpg]
[www.nikken.co.jp/en/projects/p4iusj0000000mid-img/pj0035_08.jpg]
[www.nikken.co.jp/en/projects/research_development/fugaku.html]
[www.nikken.co.jp/en/projects/research_development/daikin_technology_and_innovation_center.html]
[www.nikken.co.jp/en/projects/research_development/jrc_advanced_technology_center.html]
[www.nikken.co.jp/en/news/awards/tg1is20000004hji-img/20230509_ogp.jpg]
[www.nikken.co.jp/en/news/awards/tg1is20000004hji-img/20230509_01.jpg]
[www.nikken.co.jp/en/news/awards/tg1is20000004hji-img/20230509_02.jpg]
[www.nikken.co.jp/en/news/awards/2023_05_09.html]
[www.nikken.co.jp/en/news/awards/2023_04_21.html]
[www.nikken.co.jp/en/news/news/p4iusj00000015gh-img/d0221_01.jpg]
[www.nikken.co.jp/en/news/news/p4iusj00000015gh-img/d0221_02.jpg]
[www.nikken.co.jp/en/news/news/2018_03_06.html]
[www.nikken.co.jp/en/news/awards/2017_11_20.html]
[www.nikken.co.jp/en/news/news/tg1is2000000348g-img/20200731_ogp.jpg]
[www.nikken.co.jp/en/news/news/tg1is2000000348g-img/20200731_01.jpg]
[www.nikken.co.jp/en/news/news/tg1is2000000348g-img/20200731_02.jpg]
[www.nikken.co.jp/en/news/news/tg1is2000000348g-img/20200731_03.jpg]
[www.nikken.co.jp/en/news/news/tg1is2000000348g-img/20200731_04.jpg]
[www.nikken.co.jp/en/news/news/tg1is2000000348g-img/20200731_05.jpg]
[www.nikken.co.jp/en/news/news/tg1is2000000348g-img/20200731_07.jpg]
[www.nikken.co.jp/en/news/news/2020_09_07.html]
[www.nikken.co.jp/en/news/news/2020_09_11.html]
[www.nikken.co.jp/en/projects/tg1is20000004xyg-img/pj0311_00_ogp.jpg]
[www.nikken.co.jp/en/projects/tg1is20000004xyg-img/pj0311_00_top.jpg]
[www.nikken.co.jp/en/projects/tg1is20000004xyg-img/pj0311_00_sp.jpg]
[www.nikken.co.jp/en/projects/tg1is20000004xyg-img/pj0311_02.jpg]
[www.nikken.co.jp/en/projects/tg1is20000004xyg-img/pj0311_03.png]
[www.nikken.co.jp/en/projects/tg1is20000004xyg-img/pj0311_04.jpg]
[www.nikken.co.jp/en/projects/tg1is20000004xyg-img/pj0311_05.jpg]
[www.nikken.co.jp/en/projects/tg1is20000004xyg-img/pj0311_06.png]
[www.nikken.co.jp/en/projects/tg1is20000004xyg-img/pj0311_07.jpg]
[www.nikken.co.jp/en/projects/tg1is20000004xyg-img/pj0311_08.jpg]
[www.nikken.co.jp/en/projects/tg1is20000004xyg-img/pj0311_09.jpg]
[www.nikken.co.jp/en/projects/tg1is20000004xyg-img/pj0311_10.jpg]
[www.nikken.co.jp/en/projects/tg1is20000004xyg-img/pj0311_11.jpg]
[www.nikken.co.jp/en/projects/tg1is20000004xyg-img/pj0311_12.jpg]
[www.nikken.co.jp/en/projects/tg1is20000004xyg-img/pj0311_13.png]
[www.nikken.co.jp/en/projects/interior_design/panasonic_xc_kadoma.html]
[www.nikken.co.jp/en/projects/interior_design/mitsui_garden_hotel_yokohama_minatomirai_premier.html]
[www.nikken.co.jp/en/projects/tg1is20000003ing-img/tg1is20000003ipc.jpg]
[www.nikken.co.jp/en/projects/tg1is20000003ing-img/tg1is20000003ipg.jpg]
[www.nikken.co.jp/en/projects/tg1is20000003ing-img/tg1is20000003iph.jpg]
[www.nikken.co.jp/en/projects/tg1is20000003ing-img/pj4urv000000238i.jpg]
[www.nikken.co.jp/en/projects/tg1is20000003ing-img/pj4urv000000238o.jpg]
[www.nikken.co.jp/en/projects/tg1is20000003ing-img/pj4urv000000238u.jpg]
[www.nikken.co.jp/en/projects/tg1is20000003ing-img/pj4urv00000021cc.jpg]
[www.nikken.co.jp/en/projects/tg1is20000003ing-img/pj4urv00000021b0.jpg]
[www.nikken.co.jp/en/projects/tg1is20000003ing-img/pj4urv00000021c4.jpg]
[www.nikken.co.jp/en/projects/tg1is20000003ing-img/pj4urv00000021c8.jpg]
[www.nikken.co.jp/en/projects/tg1is20000003ing-img/tg1is20000003is2.jpg]
[www.nikken.co.jp/en/projects/research_development/fugaku.html]
[www.nikken.co.jp/en/projects/research_development/kikkoman_r_and_d_center.html]
[www.nikken.co.jp/en/projects/p4iusj0000000ks5-img/pj0021_00_top.jpg]
[www.nikken.co.jp/en/projects/p4iusj0000000ks5-img/pj0021_02.jpg]
[www.nikken.co.jp/en/projects/p4iusj0000000ks5-img/pj0021_03.jpg]
[www.nikken.co.jp/en/projects/p4iusj0000000ks5-img/pj0021_04.jpg]
[www.nikken.co.jp/en/projects/p4iusj0000000ks5-img/pj0021_05.jpg]
[www.nikken.co.jp/en/projects/p4iusj0000000ks5-img/pj0021_06.jpg]
[www.nikken.co.jp/en/projects/p4iusj0000000ks5-img/pj0021_07.jpg]
[www.nikken.co.jp/en/projects/p4iusj0000000ks5-img/pj0021_08.jpg]
[www.nikken.co.jp/en/projects/research_development/jrc_advanced_technology_center.html]
[www.nikken.co.jp/en/projects/research_development/sengawa_kewport.html]
[www.nikken.co.jp/en/news/awards/tg1is20000004h2e-img/20230421_ogp.jpg]
[www.nikken.co.jp/en/news/awards/tg1is20000004h2e-img/20230421_01.jpg]
[www.nikken.co.jp/en/news/awards/tg1is20000004h2e-img/20230421_02.jpg]
[www.nikken.co.jp/en/news/news/2023_03_10.html]
[www.nikken.co.jp/en/news/awards/2023_04_21.html]
[www.nikken.co.jp/en/news/awards/p4iusj00000015hs-img/d0222_01.jpg]
[www.nikken.co.jp/en/news/awards/p4iusj00000015hs-img/d0222_02.jpg]
[www.nikken.co.jp/en/news/awards/p4iusj00000015hs-img/d0222_03.jpg]
[www.nikken.co.jp/en/news/awards/2017_11_20.html]
[www.nikken.co.jp/en/news/awards/2017_11_17.html]
[www.nikken.co.jp/en/news/news/tg1is200000035ip-img/20200911_01.jpg]
[www.nikken.co.jp/en/news/news/tg1is200000035ip-img/20200911_02.jpg]
[www.nikken.co.jp/en/news/news/tg1is200000035ip-img/20200911_03.jpg]
[www.nikken.co.jp/en/news/news/tg1is200000035ip-img/20200911_04.jpg]
[www.nikken.co.jp/en/expertise/structural_engineering/meeting_the_challenge_of_a_modern-day_skyscraper.html]
[www.nikken.co.jp/en/news/news/2020_09_11.html]
[www.nikken.co.jp/en/news/news/2020_09_29.html]
[www.nikken.co.jp/en/projects/tg1is20000004y3q-img/pj0312_00_ogp.jpg]
[www.nikken.co.jp/en/projects/tg1is20000004y3q-img/pj0312_00_top.jpg]
[www.nikken.co.jp/en/projects/tg1is20000004y3q-img/pj0312_00_sp.jpg]
[www.nikken.co.jp/en/projects/tg1is20000004y3q-img/pj0312_02.jpg]
[www.nikken.co.jp/en/projects/tg1is20000004y3q-img/pj0312_03.jpg]
[www.nikken.co.jp/en/projects/tg1is20000004y3q-img/pj0312_04.jpg]
[www.nikken.co.jp/en/projects/tg1is20000004y3q-img/pj0312_05.jpg]
[www.nikken.co.jp/en/projects/tg1is20000004y3q-img/pj0312_06.jpg]
[www.nikken.co.jp/en/projects/tg1is20000004y3q-img/pj0312_07.jpg]
[www.nikken.co.jp/en/projects/interior_design/mitsui_garden_hotel_yokohama_minatomirai_premier.html]
[www.nikken.co.jp/en/projects/interior_design/intercontinental_yokohama_pier_8.html]
[www.nikken.co.jp/en/projects/tg1is20000003r4v-img/pj0252_00_ogp.jpg]
[www.nikken.co.jp/en/projects/tg1is20000003r4v-img/pj0252_00_top.jpg]
[www.nikken.co.jp/en/projects/tg1is20000003r4v-img/pj0252_00_sp.jpg]
[www.nikken.co.jp/en/projects/tg1is20000003r4v-img/pj0252_11.jpg]
[www.nikken.co.jp/en/projects/tg1is20000003r4v-img/pj0252_02.jpg]
[www.nikken.co.jp/en/projects/tg1is20000003r4v-img/pj0252_03.jpg]
[www.nikken.co.jp/en/projects/tg1is20000003r4v-img/pj0252_04.jpg]
[www.nikken.co.jp/en/projects/tg1is20000003r4v-img/pj0252_05.jpg]
[www.nikken.co.jp/en/projects/tg1is20000003r4v-img/pj0252_06.jpg]
[www.nikken.co.jp/en/projects/tg1is20000003r4v-img/pj0252_07.jpg]
[www.nikken.co.jp/en/projects/tg1is20000003r4v-img/pj0252_08.jpg]
[www.nikken.co.jp/en/projects/tg1is20000003r4v-img/pj0252_09.jpg]
[www.nikken.co.jp/en/projects/tg1is20000003r4v-img/pj0252_10.jpg]
[www.nikken.co.jp/en/projects/research_development/kikkoman_r_and_d_center.html]
[www.nikken.co.jp/en/projects/logistics/advanced_manufacturing_centre.html]
[www.nikken.co.jp/en/projects/p4iusj0000000nm1-img/pj0045_00_top.jpg]
[www.nikken.co.jp/en/projects/p4iusj0000000nm1-img/pj0045_02.jpg]
[www.nikken.co.jp/en/projects/p4iusj0000000nm1-img/pj0045_03.jpg]
[www.nikken.co.jp/en/projects/p4iusj0000000nm1-img/pj0045_04.jpg]
[www.nikken.co.jp/en/projects/p4iusj0000000nm1-img/pj0045_05.jpg]
[www.nikken.co.jp/en/projects/p4iusj0000000nm1-img/pj0045_06.jpg]
[www.nikken.co.jp/en/projects/p4iusj0000000nm1-img/pj0045_07.jpg]
[www.nikken.co.jp/en/projects/p4iusj0000000nm1-img/pj0045_08.jpg]
[www.nikken.co.jp/en/projects/research_development/sengawa_kewport.html]
[www.nikken.co.jp/en/projects/research_development/omron_keihanna_technology_innovation_center.html]
[www.nikken.co.jp/en/news/news/tg1is20000004g5y-img/20230310_ogp.jpg]
[www.nikken.co.jp/en/news/news/tg1is20000004g5y-img/20230310_01.jpg]
[www.nikken.co.jp/en/news/news/2023_03_10.html]
[www.nikken.co.jp/en/news/news/2023_02_14.html]
[www.nikken.co.jp/en/news/awards/p4iusj00000015kd-img/d0223_01.jpg]
[www.nikken.co.jp/en/news/awards/p4iusj00000015kd-img/d0223_02.jpg]
[www.nikken.co.jp/en/news/awards/p4iusj00000015kd-img/d0223_03.jpg]
[www.nikken.co.jp/en/news/awards/2017_11_17.html]
[www.nikken.co.jp/en/news/awards/2017_09_20.html]
[www.nikken.co.jp/en/expertise/structural_engineering/tg1is20000003379-img/skyscraper_ogp.jpg]
[www.nikken.co.jp/en/expertise/structural_engineering/tg1is20000003379-img/skyscraper_main.jpg]
[www.nikken.co.jp/en/expertise/structural_engineering/tg1is20000003379-img/skyscraper_sp.jpg]
[www.nikken.co.jp/en/expertise/structural_engineering/tg1is20000003379-img/skyscraper_01.jpg]
[www.nikken.co.jp/en/expertise/structural_engineering/tg1is20000003379-img/skyscraper_02.jpg]
[www.nikken.co.jp/en/expertise/structural_engineering/tg1is20000003379-img/skyscraper_03.jpg]
[www.nikken.co.jp/en/expertise/structural_engineering/tg1is20000003379-img/skyscraper_04.jpg]
[www.nikken.co.jp/en/expertise/structural_engineering/tg1is20000003379-img/skyscraper_05.jpg]
[www.nikken.co.jp/en/expertise/structural_engineering/tg1is20000003379-img/skyscraper_06.jpg]
[www.nikken.co.jp/en/expertise/structural_engineering/tg1is20000003379-img/skyscraper_07.jpg]
[www.nikken.co.jp/en/expertise/structural_engineering/tg1is20000003379-img/skyscraper_08.jpg]
[www.nikken.co.jp/en/expertise/structural_engineering/tg1is20000003379-img/skyscraper_09.jpg]
[www.nikken.co.jp/en/expertise/structural_engineering/meeting_the_challenge_of_a_modern-day_skyscraper.html]
[www.nikken.co.jp/en/expertise/structural_engineering/seismic_resilience_of_buildings.html]
[www.nikken.co.jp/en/news/news/tg1is200000036jh-img/20200929_ogp.jpg]
[www.nikken.co.jp/en/news/news/tg1is200000036jh-img/20200929_01.jpg]
[www.nikken.co.jp/en/news/news/2020_09_29.html]
[www.nikken.co.jp/en/news/news/2020_10_28.html]
[www.nikken.co.jp/en/projects/tg1is20000004yjs-img/pj0313_00_ogp.jpg]
[www.nikken.co.jp/en/projects/tg1is20000004yjs-img/pj0313_00_top.jpg]
[www.nikken.co.jp/en/projects/tg1is20000004yjs-img/pj0313_00_sp.jpg]
[www.nikken.co.jp/en/projects/tg1is20000004yjs-img/pj0313_02.jpg]
[www.nikken.co.jp/en/projects/tg1is20000004yjs-img/pj0313_03.jpg]
[www.nikken.co.jp/en/projects/tg1is20000004yjs-img/pj0313_04.jpg]
[www.nikken.co.jp/en/projects/tg1is20000004yjs-img/pj0313_05.jpg]
[www.nikken.co.jp/en/projects/tg1is20000004yjs-img/pj0313_06.jpg]
[www.nikken.co.jp/en/projects/tg1is20000004yjs-img/pj0313_07.jpg]
[www.nikken.co.jp/en/projects/tg1is20000004yjs-img/pj0313_08.jpg]
[www.nikken.co.jp/en/projects/tg1is20000004yjs-img/pj0313_09.jpg]
[www.nikken.co.jp/en/projects/tg1is20000004yjs-img/pj0313_10.jpg]
[www.nikken.co.jp/en/projects/tg1is20000004yjs-img/pj0313_11.jpg]
[www.nikken.co.jp/en/projects/tg1is20000004yjs-img/pj0313_12.jpg]
[www.nikken.co.jp/en/projects/tg1is20000004yjs-img/pj0313_13.jpg]
[www.nikken.co.jp/en/projects/interior_design/intercontinental_yokohama_pier_8.html]
[www.nikken.co.jp/en/projects/interior_design/the_chapter_kyoto_a_tribute_portfolio_hotel.html]
[www.nikken.co.jp/en/projects/tg1is20000004iym-img/pj0281_00_ogp.jpg]
[www.nikken.co.jp/en/projects/tg1is20000004iym-img/pj0281_00_top.jpg]
[www.nikken.co.jp/en/projects/tg1is20000004iym-img/pj0281_00_sp.jpg]
[www.nikken.co.jp/en/projects/tg1is20000004iym-img/pj0281_02.jpg]
[www.nikken.co.jp/en/projects/tg1is20000004iym-img/pj0281_03.jpg]
[www.nikken.co.jp/en/projects/tg1is20000004iym-img/pj0281_04.jpg]
[www.nikken.co.jp/en/projects/tg1is20000004iym-img/pj0281_05.jpg]
[www.nikken.co.jp/en/projects/tg1is20000004iym-img/pj0281_06.jpg]
[www.nikken.co.jp/en/projects/tg1is20000004iym-img/pj0281_07.jpg]
[www.nikken.co.jp/en/projects/tg1is20000004iym-img/pj0281_08.jpg]
[www.nikken.co.jp/en/projects/tg1is20000004iym-img/pj0281_09.jpg]
[www.nikken.co.jp/en/projects/tg1is20000004iym-img/pj0281_10.jpg]
[www.nikken.co.jp/en/projects/tg1is20000004iym-img/pj0281_11.jpg]
[www.nikken.co.jp/en/projects/tg1is20000004iym-img/pj0281_12.jpg]
[www.nikken.co.jp/en/projects/tg1is20000004iym-img/pj0281_13.jpg]
[www.nikken.co.jp/en/projects/tg1is20000004iym-img/pj0281_14.jpg]
[www.nikken.co.jp/en/projects/tg1is20000004iym-img/pj0281_15.png]
[www.nikken.co.jp/en/projects/tg1is20000004iym-img/pj0281_16.jpg]
[www.nikken.co.jp/en/projects/logistics/advanced_manufacturing_centre.html]
[www.nikken.co.jp/en/projects/logistics/bridgestone_innovation_park_b-innovation.html]
[www.nikken.co.jp/en/projects/p4iusj0000000n94-img/pj0042_00_top.jpg]
[www.nikken.co.jp/en/projects/p4iusj0000000n94-img/pj0042_02.jpg]
[www.nikken.co.jp/en/projects/p4iusj0000000n94-img/pj0042_03.jpg]
[www.nikken.co.jp/en/projects/p4iusj0000000n94-img/pj0042_04.jpg]
[www.nikken.co.jp/en/projects/p4iusj0000000n94-img/pj0042_05.jpg]
[www.nikken.co.jp/en/projects/p4iusj0000000n94-img/pj0042_06.jpg]
[www.nikken.co.jp/en/projects/p4iusj0000000n94-img/pj0042_07.jpg]
[www.nikken.co.jp/en/projects/research_development/omron_keihanna_technology_innovation_center.html]
[www.nikken.co.jp/en/news/news/tg1is20000004fqp-img/20230214_ogp.jpg]
[www.nikken.co.jp/en/news/news/tg1is20000004fqp-img/20230214_01.jpg]
[www.nikken.co.jp/en/news/news/tg1is20000004fqp-img/20230214_02.jpg]
[www.nikken.co.jp/en/news/news/tg1is20000004fqp-img/20230214_03.jpg]
[www.nikken.co.jp/en/news/news/2023_02_14.html]
[www.nikken.co.jp/en/news/news/2022_12_27.html]
[www.nikken.co.jp/en/news/awards/p4iusj00000015m2-img/d0224_01.jpg]
[www.nikken.co.jp/en/news/awards/2017_09_20.html]
[www.nikken.co.jp/en/news/news/2017_09_11.html]
[www.nikken.co.jp/en/expertise/structural_engineering/p4iusj0000001qfo-img/p4iusj0000001qfz.jpg]
[www.nikken.co.jp/en/expertise/structural_engineering/p4iusj0000001qfo-img/p4iusj0000001qg0.jpg]
[www.nikken.co.jp/en/expertise/structural_engineering/p4iusj0000001qfo-img/p4iusj0000001qhl.jpg]
[www.nikken.co.jp/en/expertise/structural_engineering/p4iusj0000001qfo-img/p4iusj0000001qha.jpg]
[www.nikken.co.jp/en/about/people/shingo_torii.html]
[www.nikken.co.jp/en/about/people/p4iusj0000000ug5-img/000183-shingo_torii_tmb.jpg]
[www.nikken.co.jp/en/expertise/structural_engineering/seismic_resilience_of_buildings.html]
[www.nikken.co.jp/en/expertise/structural_engineering/what_is_the_long-period_pulse_bserved_in_the_kumamoto_earthquake.html]
[www.nikken.co.jp/en/news/news/tg1is200000038et-img/20201028_ogp.jpg]
[www.nikken.co.jp/en/news/news/tg1is200000038et-img/20201028_01.jpg]
[www.nikken.co.jp/en/news/news/tg1is200000038et-img/20201028_02.jpg]
[www.nikken.co.jp/en/news/news/tg1is200000038et-img/20201028_03.jpg]
[www.nikken.co.jp/en/news/news/2020_10_28.html]
[www.nikken.co.jp/en/news/news/2020_11_30.html]
[www.nikken.co.jp/en/projects/tg1is20000004ypk-img/pj0314_00_ogp.jpg]
[www.nikken.co.jp/en/projects/tg1is20000004ypk-img/pj0314_00_top.jpg]
[www.nikken.co.jp/en/projects/tg1is20000004ypk-img/pj0314_00_sp.jpg]
[www.nikken.co.jp/en/projects/tg1is20000004ypk-img/pj0314_02.jpg]
[www.nikken.co.jp/en/projects/tg1is20000004ypk-img/pj0314_03.jpg]
[www.nikken.co.jp/en/projects/tg1is20000004ypk-img/pj0314_04.jpg]
[www.nikken.co.jp/en/projects/tg1is20000004ypk-img/pj0314_05.jpg]
[www.nikken.co.jp/en/projects/interior_design/the_chapter_kyoto_a_tribute_portfolio_hotel.html]
[www.nikken.co.jp/en/projects/tg1is20000004lbo-img/pj0287_00_ogp.jpg]
[www.nikken.co.jp/en/projects/tg1is20000004lbo-img/pj0287_00_top.jpg]
[www.nikken.co.jp/en/projects/tg1is20000004lbo-img/pj0287_00_sp.jpg]
[www.nikken.co.jp/en/projects/tg1is20000004lbo-img/pj0287_02.jpg]
[www.nikken.co.jp/en/projects/tg1is20000004lbo-img/pj0287_03.png]
[www.nikken.co.jp/en/projects/tg1is20000004lbo-img/pj0287_04.png]
[www.nikken.co.jp/en/projects/tg1is20000004lbo-img/pj0287_05.jpg]
[www.nikken.co.jp/en/projects/tg1is20000004lbo-img/pj0287_06.jpg]
[www.nikken.co.jp/en/projects/tg1is20000004lbo-img/pj0287_07.jpg]
[www.nikken.co.jp/en/projects/tg1is20000004lbo-img/pj0287_08.jpg]
[www.nikken.co.jp/en/projects/tg1is20000004lbo-img/pj0287_09.png]
[www.nikken.co.jp/en/projects/tg1is20000004lbo-img/pj0287_10.jpg]
[www.nikken.co.jp/en/projects/tg1is20000004lbo-img/pj0287_11.jpg]
[www.nikken.co.jp/en/projects/tg1is20000004lbo-img/pj0287_12.jpg]
[www.nikken.co.jp/en/projects/tg1is20000004lbo-img/pj0287_13.jpg]
[www.nikken.co.jp/en/projects/tg1is20000004lbo-img/pj0287_14.png]
[www.nikken.co.jp/en/projects/tg1is20000004lbo-img/pj0287_15.jpg]
[www.nikken.co.jp/en/projects/logistics/bridgestone_innovation_park_b-innovation.html]
[www.nikken.co.jp/en/projects/research_development/zenyaku_kogyo_co_ltd_r_and_d_center.html]
[www.nikken.co.jp/en/news/news/tg1is20000004emc-img/20221227_ogp.jpg]
[www.nikken.co.jp/en/news/news/tg1is20000004emc-img/20221227_01.jpg]
[www.nikken.co.jp/en/news/news/tg1is20000004emc-img/20221227_02.jpg]
[www.nikken.co.jp/en/news/news/tg1is20000004emc-img/20221227_03.jpg]
[www.nikken.co.jp/en/news/news/tg1is20000004emc-img/20221227_04.jpg]
[www.nikken.co.jp/en/news/news/2022_12_27.html]
[www.nikken.co.jp/en/news/news/2022_12_23.html]
[www.nikken.co.jp/en/news/news/p4iusj00000015nb-img/d0225_01.jpg]
[www.nikken.co.jp/en/news/news/p4iusj00000015nb-img/p4iusj00000015of.jpg]
[www.nikken.co.jp/en/news/news/p4iusj00000015nb-img/d0225_03.jpg]
[www.nikken.co.jp/en/news/news/p4iusj00000015nb-img/d0225_04.jpg]
[www.nikken.co.jp/en/news/news/2017_09_11.html]
[www.nikken.co.jp/en/news/news/2017_09_06.html]
[www.nikken.co.jp/en/about/people/p4iusj0000000ug5-img/000183-shingo_torii.jpg]
[www.nikken.co.jp/en/about/people/p4iusj0000000ug5-img/000183-shingo_torii_main.jpg]
[www.nikken.co.jp/en/expertise/structural_engineering/p4iusj0000001qfo-img/p4iusj0000001qg1.jpg]
[www.nikken.co.jp/en/expertise/structural_engineering/tg1is20000000407-img/tg1is2000000040k.jpg]
[www.nikken.co.jp/en/about/people/shingo_torii.html]
[www.nikken.co.jp/en/expertise/structural_engineering/tg1is20000000407-img/tg1is2000000040i.jpg]
[www.nikken.co.jp/en/expertise/structural_engineering/tg1is20000000407-img/tg1is2000000040j.jpg]
[www.nikken.co.jp/en/expertise/structural_engineering/tg1is20000000407-img/tg1is2000000044w.png]
[www.nikken.co.jp/en/expertise/structural_engineering/tg1is20000000407-img/tg1is20000000424.jpg]
[www.nikken.co.jp/en/expertise/structural_engineering/tg1is20000000407-img/tg1is2000000042n.jpg]
[www.nikken.co.jp/en/expertise/structural_engineering/tg1is20000000407-img/tg1is20000000437.jpg]
[www.nikken.co.jp/en/expertise/structural_engineering/tg1is20000000407-img/tg1is2000000043i.png]
[www.nikken.co.jp/en/expertise/structural_engineering/tg1is20000000407-img/tg1is20000000442.png]
[www.nikken.co.jp/en/expertise/structural_engineering/tg1is20000000407-img/tg1is2000000044d.png]
[www.nikken.co.jp/en/expertise/structural_engineering/what_is_the_long-period_pulse_bserved_in_the_kumamoto_earthquake.html]
[www.nikken.co.jp/en/news/news/tg1is2000000392d-img/20201130_ogp.jpg]
[www.nikken.co.jp/en/news/news/tg1is2000000392d-img/20201130_02.jpg]
[www.nikken.co.jp/en/news/news/tg1is2000000392d-img/20201130_03.jpg]
[www.nikken.co.jp/en/news/news/2020_11_30.html]
[www.nikken.co.jp/en/news/news/2020_12_03.html]
[www.nikken.co.jp/en/projects/tg1is2000000508w-img/pj0320_00_ogp.jpg]
[www.nikken.co.jp/en/projects/tg1is2000000508w-img/pj0320_00_top.jpg]
[www.nikken.co.jp/en/projects/tg1is2000000508w-img/pj0320_00_sp.jpg]
[www.nikken.co.jp/en/projects/tg1is2000000508w-img/pj0320_02.jpg]
[www.nikken.co.jp/en/projects/tg1is2000000508w-img/pj0320_03.png]
[www.nikken.co.jp/en/projects/tg1is2000000508w-img/pj0320_04.png]
[www.nikken.co.jp/en/projects/tg1is2000000508w-img/pj0320_05.png]
[www.nikken.co.jp/en/projects/tg1is2000000508w-img/pj0320_06.png]
[www.nikken.co.jp/en/projects/tg1is2000000508w-img/pj0320_07.png]
[www.nikken.co.jp/en/projects/tg1is2000000508w-img/pj0320_08.png]
[www.nikken.co.jp/en/projects/tg1is2000000508w-img/pj0320_09.jpg]
[www.nikken.co.jp/en/projects/tg1is2000000508w-img/pj0320_10.jpg]
[www.nikken.co.jp/en/projects/tg1is2000000508w-img/pj0320_11.jpg]
[www.nikken.co.jp/en/projects/tg1is2000000508w-img/pj0320_12.png]
[www.nikken.co.jp/en/projects/tg1is2000000508w-img/pj0320_13.png]
[www.nikken.co.jp/en/projects/tg1is2000000508w-img/pj0320_14.jpg]
[www.nikken.co.jp/en/projects/tg1is2000000508w-img/pj0320_15.png]
[www.nikken.co.jp/en/projects/tg1is2000000508w-img/pj0320_16.jpg]
[www.nikken.co.jp/en/projects/tg1is2000000508w-img/pj0320_17.jpg]
[www.nikken.co.jp/en/projects/tg1is2000000508w-img/pj0320_18.jpg]
[www.nikken.co.jp/en/projects/tg1is2000000508w-img/pj0320_19.jpg]
[www.nikken.co.jp/en/projects/research_development/zenyaku_kogyo_co_ltd_r_and_d_center.html]
[www.nikken.co.jp/en/news/news/tg1is20000004e1v-img/20221223_ogp.jpg]
[www.nikken.co.jp/en/news/news/tg1is20000004e1v-img/20221223_01.jpg]
[www.nikken.co.jp/en/news/news/tg1is20000004e1v-img/20221223_02.jpg]
[www.nikken.co.jp/en/news/news/tg1is20000004e1v-img/20221223_03.jpg]
[www.nikken.co.jp/en/news/news/2022_12_23.html]
[www.nikken.co.jp/en/news/news/2022_12_21.html]
[www.nikken.co.jp/en/news/news/p4iusj00000015p9-att/170906en.pdf]
[www.nikken.co.jp/en/news/news/2017_09_06.html]
[www.nikken.co.jp/en/news/news/2017_07_03.html]
[www.nikken.co.jp/en/news/news/tg1is200000039gy-img/20201203_ogp.jpg]
[www.nikken.co.jp/en/news/news/tg1is200000039gy-img/20201203_01.jpg]
[www.nikken.co.jp/en/news/news/tg1is200000039gy-img/20201203_02.jpg]
[www.nikken.co.jp/en/news/news/2020_12_03.html]
[www.nikken.co.jp/en/news/news/2021_01_13.html]
[www.nikken.co.jp/en/news/news/tg1is20000004dtz-img/20221221_ogp.jpg]
[www.nikken.co.jp/en/news/news/tg1is20000004dtz-img/20221221_01.jpg]
[www.nikken.co.jp/en/news/news/tg1is20000004dtz-img/20221221_02.jpg]
[www.nikken.co.jp/en/news/news/2022_12_21.html]
[www.nikken.co.jp/en/news/awards/2022_12_08.html]
[www.nikken.co.jp/en/news/news/2017_07_03.html]
[www.nikken.co.jp/en/news/press_release/2017_07_03.html]
[www.nikken.co.jp/en/news/news/tg1is20000003d4f-att/20210113.pdf]
[www.nikken.co.jp/en/news/news/2021_01_13.html]
[www.nikken.co.jp/en/news/news/2021_01_15.html]
[www.nikken.co.jp/en/news/awards/tg1is20000004dll-img/20221213_ogp.jpg]
[www.nikken.co.jp/en/news/awards/tg1is20000004dll-img/20221213_01.jpg]
[www.nikken.co.jp/en/news/awards/tg1is20000004dll-img/20221213_02.jpg]
[www.nikken.co.jp/en/news/awards/tg1is20000004dll-img/20221213_03.jpg]
[www.nikken.co.jp/en/news/awards/tg1is20000004dll-img/20221213_04.jpg]
[www.nikken.co.jp/en/news/awards/2022_12_08.html]
[www.nikken.co.jp/en/news/awards/2022_09_22.html]
[www.nikken.co.jp/en/news/press_release/p4iusj00000015qd-img/Nikken_Tagline.jpg]
[www.nikken.co.jp/en/news/press_release/p4iusj00000015qd-img/Nikken_Brandmark.jpg]
[www.nikken.co.jp/en/news/press_release/p4iusj00000015qd-img/Group_Chart-E.jpg]
[www.nikken.co.jp/en/news/press_release/2017_07_03.html]
[www.nikken.co.jp/en/news/news/2017_05_12.html]
[www.nikken.co.jp/en/news/news/tg1is20000003dq1-att/20210115.pdf]
[www.nikken.co.jp/en/news/news/2021_01_15.html]
[www.nikken.co.jp/en/news/news/2021_01_26.html]
[www.nikken.co.jp/en/news/awards/tg1is20000004adc-img/20220922_ogp.jpg]
[www.nikken.co.jp/en/news/awards/tg1is20000004adc-img/20220922_01.jpg]
[www.nikken.co.jp/en/news/awards/tg1is20000004adc-img/20220922_02.jpg]
[www.nikken.co.jp/en/news/awards/2022_09_22.html]
[www.nikken.co.jp/en/news/news/2022_08_02.html]
[www.nikken.co.jp/en/news/news/p4iusj00000015tv-img/d0229_01.jpg]
[www.nikken.co.jp/en/news/news/2017_05_12.html]
[www.nikken.co.jp/en/news/awards/2017_03_17.html]
[www.nikken.co.jp/en/news/news/tg1is20000003dum-img/20210126_ogp.jpg]
[www.nikken.co.jp/en/news/news/tg1is20000003dum-img/20210126_01.jpg]
[www.nikken.co.jp/en/news/news/tg1is20000003dum-img/20210126_02.jpg]
[www.nikken.co.jp/en/news/news/tg1is20000003dum-img/20210126_04.jpg]
[www.nikken.co.jp/en/news/news/tg1is20000003dum-img/20210126_03.jpg]
[www.nikken.co.jp/en/news/news/2021_01_26.html]
[www.nikken.co.jp/en/news/news/2021_02_01.html]
[www.nikken.co.jp/en/news/news/tg1is200000048be-img/20220802_ogp.jpg]
[www.nikken.co.jp/en/news/news/tg1is200000048be-img/20220802_01.jpg]
[www.nikken.co.jp/en/news/news/tg1is200000048be-img/20220802_02.jpg]
[www.nikken.co.jp/en/news/news/tg1is200000048be-img/20220802_03.jpg]
[www.nikken.co.jp/en/news/news/tg1is200000048be-img/20220802_04.jpg]
[www.nikken.co.jp/en/news/news/2022_08_02.html]
[www.nikken.co.jp/en/news/news/2022_07_29.html]
[www.nikken.co.jp/en/news/awards/p4iusj00000015v4-img/d0230_01.jpg]
[www.nikken.co.jp/en/news/awards/2017_03_17.html]
[www.nikken.co.jp/en/news/news/2017_02_21.html]
[www.nikken.co.jp/en/news/news/tg1is20000003eee-img/20210201_ogp.jpg]
[www.nikken.co.jp/en/news/news/2021_02_01.html]
[www.nikken.co.jp/en/news/awards/2021_03_23.html]
[www.nikken.co.jp/en/news/news/tg1is2000000489d-img/20220729_ogp.jpg]
[www.nikken.co.jp/en/news/news/tg1is2000000489d-img/20220729_01.jpg]
[www.nikken.co.jp/en/news/news/tg1is2000000489d-img/20220729_02.jpg]
[www.nikken.co.jp/en/news/news/2022_07_29.html]
[www.nikken.co.jp/en/news/news/2022_07_04.html]
[www.nikken.co.jp/en/news/news/p4iusj00000015wm-img/d0231_01.jpg]
[www.nikken.co.jp/en/news/news/p4iusj00000015wm-img/d0231_02.jpg]
[www.nikken.co.jp/en/news/news/p4iusj00000015wm-img/d0231_03.jpg]
[www.nikken.co.jp/en/news/news/2017_02_21.html]
[www.nikken.co.jp/en/news/news/2017_01_23.html]
[www.nikken.co.jp/en/news/awards/tg1is20000003ev3-img/20210322_ogp.jpg]
[www.nikken.co.jp/en/news/awards/tg1is20000003ev3-img/20210322_01.jpg]
[www.nikken.co.jp/en/news/awards/2021_03_23.html]
[www.nikken.co.jp/en/news/news/2021_04_28.html]
[www.nikken.co.jp/en/news/news/tg1is2000000431i-img/20220705_ogp.jpg]
[www.nikken.co.jp/en/news/news/tg1is2000000431i-img/20220705_01.jpg]
[www.nikken.co.jp/en/news/news/tg1is2000000431i-img/20220705_02.jpg]
[www.nikken.co.jp/en/news/news/tg1is2000000431i-img/20220705_03.jpg]
[www.nikken.co.jp/en/news/news/2022_07_04.html]
[www.nikken.co.jp/en/news/news/2022_06_28.html]
[www.nikken.co.jp/en/news/news/p4iusj00000015ys-img/d0232_01.jpg]
[www.nikken.co.jp/en/news/news/p4iusj00000015ys-img/d0232_02.jpg]
[www.nikken.co.jp/en/news/news/p4iusj00000015ys-img/p4iusj000000160k.jpg]
[www.nikken.co.jp/en/news/news/p4iusj00000015ys-img/d0232_04.jpg]
[www.nikken.co.jp/en/news/news/2017_01_23.html]
[www.nikken.co.jp/en/news/awards/2016_10_27.html]
[www.nikken.co.jp/en/news/news/tg1is20000003f8z-img/20210428_ogp.jpg]
[www.nikken.co.jp/en/news/news/tg1is20000003f8z-img/20210428_01.jpg]
[www.nikken.co.jp/en/news/news/2021_04_28.html]
[www.nikken.co.jp/en/news/awards/2021_05_27.html]
[www.nikken.co.jp/en/news/news/tg1is200000041th-img/20220607_ogp.jpg]
[www.nikken.co.jp/en/news/news/tg1is200000041th-img/20220606_01.jpg]
[www.nikken.co.jp/en/news/news/tg1is200000041th-img/20220607_02.jpg]
[www.nikken.co.jp/en/news/news/tg1is200000041th-img/20220607_03.jpg]
[www.nikken.co.jp/en/news/news/tg1is200000041th-img/20220607_04.jpg]
[www.nikken.co.jp/en/news/news/tg1is200000041th-img/20220607_05.jpg]
[www.nikken.co.jp/en/news/news/tg1is200000041th-img/20220607_06.jpg]
[www.nikken.co.jp/en/news/news/tg1is200000041th-img/20220607_07.jpg]
[www.nikken.co.jp/en/news/news/tg1is200000041th-img/20220607_08.jpg]
[www.nikken.co.jp/en/news/news/tg1is200000041th-img/20220607_09.jpg]
[www.nikken.co.jp/en/news/news/tg1is200000041th-img/20220607_10.jpg]
[www.nikken.co.jp/en/news/news/tg1is200000041th-img/20220607_11.jpg]
[www.nikken.co.jp/en/news/news/tg1is200000041th-img/20220607_12.jpg]
[www.nikken.co.jp/en/news/news/tg1is200000041th-img/20220607_13.jpg]
[www.nikken.co.jp/en/news/news/tg1is200000041th-img/20220607_14.jpg]
[www.nikken.co.jp/en/news/news/tg1is200000041th-img/20220607_15.jpg]
[www.nikken.co.jp/en/news/news/tg1is200000041th-img/20220607_16.jpg]
[www.nikken.co.jp/en/news/news/tg1is200000041th-img/20220607_17.jpg]
[www.nikken.co.jp/en/news/news/tg1is200000041th-img/20220607_18.jpg]
[www.nikken.co.jp/en/news/news/tg1is200000041th-img/20220607_19.jpg]
[www.nikken.co.jp/en/news/news/tg1is200000041th-img/20220607_20.jpg]
[www.nikken.co.jp/en/news/news/tg1is200000041th-img/20220607_21.jpg]
[www.nikken.co.jp/en/news/news/tg1is200000041th-img/20220607_22.jpg]
[www.nikken.co.jp/en/news/news/2022_06_28.html]
[www.nikken.co.jp/en/news/awards/2022_05_24.html]
[www.nikken.co.jp/en/news/awards/p4iusj000000160y-img/d233_01.png]
[www.nikken.co.jp/en/news/awards/p4iusj000000160y-img/d233_02.png]
[www.nikken.co.jp/en/news/awards/p4iusj000000160y-img/d233_03.png]
[www.nikken.co.jp/en/news/awards/2016_10_27.html]
[www.nikken.co.jp/en/news/news/2016_10_26.html]
[www.nikken.co.jp/en/news/awards/tg1is20000003hc4-img/20210527_ogp.jpg]
[www.nikken.co.jp/en/news/awards/tg1is20000003hc4-img/20210527_01.jpg]
[www.nikken.co.jp/en/news/awards/tg1is20000003hc4-img/20210527_02.jpg]
[www.nikken.co.jp/en/news/awards/2021_05_27.html]
[www.nikken.co.jp/en/news/news/2021_06_09.html]
[www.nikken.co.jp/en/news/awards/tg1is200000040du-img/20220524_ogp.jpg]
[www.nikken.co.jp/en/news/awards/tg1is200000040du-img/20220524_01.jpg]
[www.nikken.co.jp/en/news/awards/tg1is200000040du-img/20220524_02.jpg]
[www.nikken.co.jp/en/news/awards/tg1is200000040du-img/20220524_03.jpg]
[www.nikken.co.jp/en/news/awards/2022_05_24.html]
[www.nikken.co.jp/en/news/press_release/2022_03_31.html]
[www.nikken.co.jp/en/news/news/p4iusj0000001644-img/d0234_01.jpg]
[www.nikken.co.jp/en/news/news/p4iusj0000001644-img/d0234_02.jpg]
[www.nikken.co.jp/en/news/news/p4iusj0000001644-img/d234_03.png]
[www.nikken.co.jp/en/news/news/2016_10_26.html]
[www.nikken.co.jp/en/news/news/2016_09_12.html]
[www.nikken.co.jp/en/news/news/tg1is20000003hq4-img/20210609_ogp.jpg]
[www.nikken.co.jp/en/news/news/tg1is20000003hq4-img/20210609_01.jpg]
[www.nikken.co.jp/en/news/news/tg1is20000003hq4-img/20210609_02.jpg]
[www.nikken.co.jp/en/news/news/tg1is20000003hq4-img/20210609_03.jpg]
[www.nikken.co.jp/en/news/news/2021_06_09.html]
[www.nikken.co.jp/en/news/news/2021_07_14.html]
[www.nikken.co.jp/en/news/press_release/2022_03_31.html]
[www.nikken.co.jp/en/news/awards/2021_12_15.html]
[www.nikken.co.jp/en/news/news/p4iusj000000166n-img/d0235_01.jpg]
[www.nikken.co.jp/en/news/news/p4iusj000000166n-img/d0235_02.jpg]
[www.nikken.co.jp/en/news/news/p4iusj000000166n-img/d0235_03.jpg]
[www.nikken.co.jp/en/news/news/2016_09_12.html]
[www.nikken.co.jp/en/news/news/2016_09_09.html]
[www.nikken.co.jp/en/news/news/tg1is20000003jto-img/20210604_ogp.jpg]
[www.nikken.co.jp/en/news/news/tg1is20000003jto-img/20210604_01.jpg]
[www.nikken.co.jp/en/news/news/tg1is20000003jto-img/20210604_02.jpg]
[www.nikken.co.jp/en/news/news/tg1is20000003jto-img/20210604_03.jpg]
[www.nikken.co.jp/en/news/news/tg1is20000003jto-img/20210604_04.jpg]
[www.nikken.co.jp/en/news/news/tg1is20000003jto-img/20210604_05.jpg]
[www.nikken.co.jp/en/news/news/tg1is20000003jto-img/20210604_06.jpg]
[www.nikken.co.jp/en/news/news/tg1is20000003jto-img/20210604_07.jpg]
[www.nikken.co.jp/en/news/news/tg1is20000003jto-img/20210604_08.jpg]
[www.nikken.co.jp/en/news/news/tg1is20000003jto-img/20210604_09.jpg]
[www.nikken.co.jp/en/news/news/tg1is20000003jto-img/yoshimitsu_hatsuki.jpg]
[www.nikken.co.jp/en/news/news/tg1is20000003jto-img/park_hyun_soon.jpg]
[www.nikken.co.jp/en/news/news/tg1is20000003jto-img/yoshiaki_komatsu.jpg]
[www.nikken.co.jp/en/news/news/tg1is20000003jto-img/yuki_iwata.jpg]
[www.nikken.co.jp/en/news/news/2021_07_14.html]
[www.nikken.co.jp/en/news/news/2021_08_17.html]
[www.nikken.co.jp/en/news/awards/tg1is20000003pqr-img/20211215_ogp.jpg]
[www.nikken.co.jp/en/news/awards/tg1is20000003pqr-img/20211215_01.jpg]
[www.nikken.co.jp/en/news/awards/tg1is20000003pqr-img/20211215_02.jpg]
[www.nikken.co.jp/en/news/awards/2021_12_15.html]
[www.nikken.co.jp/en/news/awards/2021_12_10.html]
[www.nikken.co.jp/en/news/news/p4iusj000000168f-img/p4iusj000000169b.jpg]
[www.nikken.co.jp/en/news/news/p4iusj000000168f-img/d0236_02.jpg]
[www.nikken.co.jp/en/news/news/p4iusj000000168f-img/d0236_03.jpg]
[www.nikken.co.jp/en/news/news/2016_09_09.html]
[www.nikken.co.jp/en/news/awards/2016_07_01.html]
[www.nikken.co.jp/en/news/news/tg1is20000003m51-img/20210817_ogp.jpg]
[www.nikken.co.jp/en/news/news/tg1is20000003m51-img/20210817_01.jpg]
[www.nikken.co.jp/en/news/news/tg1is20000003m51-img/20210817_02.jpg]
[www.nikken.co.jp/en/news/news/tg1is20000003m51-img/20210817_03.jpg]
[www.nikken.co.jp/en/news/news/tg1is20000003m51-img/20210817_04.jpg]
[www.nikken.co.jp/en/news/news/tg1is20000003m51-img/20210817_05.jpg]
[www.nikken.co.jp/en/news/news/2021_08_17.html]
[www.nikken.co.jp/en/news/news/2021_10_07.html]
[www.nikken.co.jp/en/news/awards/tg1is20000003pka-img/20211210_ogp.jpg]
[www.nikken.co.jp/en/news/awards/tg1is20000003pka-img/20211210_01.jpg]
[www.nikken.co.jp/en/news/awards/tg1is20000003pka-img/20211210_02.jpg]
[www.nikken.co.jp/en/news/awards/tg1is20000003pka-img/20211210_03.jpg]
[www.nikken.co.jp/en/news/awards/2021_12_10.html]
[www.nikken.co.jp/en/news/news/2021_11_02.html]
[www.nikken.co.jp/en/news/awards/p4iusj00000016ce-img/d0238_01.jpg]
[www.nikken.co.jp/en/news/awards/p4iusj00000016ce-img/d0238_02.jpg]
[www.nikken.co.jp/en/news/awards/2016_07_01.html]
[www.nikken.co.jp/en/news/awards/2016_05_25.html]
[www.nikken.co.jp/en/news/news/tg1is20000003o8s-img/20211007_ogp.jpg]
[www.nikken.co.jp/en/news/news/tg1is20000003o8s-img/20211007_01.jpg]
[www.nikken.co.jp/en/news/news/2021_10_07.html]
[www.nikken.co.jp/en/news/awards/2021_10_20.html]
[www.nikken.co.jp/en/news/news/tg1is20000003ovf-img/2021102_ogp.jpg]
[www.nikken.co.jp/en/news/news/tg1is20000003ovf-img/20211102_01.jpg]
[www.nikken.co.jp/en/news/news/tg1is20000003ovf-img/20211102_02.jpg]
[www.nikken.co.jp/en/news/news/tg1is20000003ovf-img/20211102_03.jpg]
[www.nikken.co.jp/en/news/news/tg1is20000003ovf-img/20211102_04.jpg]
[www.nikken.co.jp/en/news/news/tg1is20000003ovf-img/20211102_05.jpg]
[www.nikken.co.jp/en/news/news/2021_11_02.html]
[www.nikken.co.jp/en/news/awards/p4iusj00000016e4-img/d0239_01.jpg]
[www.nikken.co.jp/en/news/awards/p4iusj00000016e4-img/d0239_02.jpg]
[www.nikken.co.jp/en/news/awards/2016_05_25.html]
[www.nikken.co.jp/en/news/news/2016_05_12.html]
[www.nikken.co.jp/en/news/awards/tg1is20000003ol4-img/20211020_ogp.jpg]
[www.nikken.co.jp/en/news/awards/tg1is20000003ol4-img/20211020_01.jpg]
[www.nikken.co.jp/en/news/awards/tg1is20000003ol4-img/20211020_02.jpg]
[www.nikken.co.jp/en/news/awards/2021_10_20.html]
[www.nikken.co.jp/en/news/news/p4iusj00000016g4-img/d0240_01.jpg]
[www.nikken.co.jp/en/news/news/p4iusj00000016g4-img/d0240_02.jpg]
[www.nikken.co.jp/en/news/news/p4iusj00000016g4-img/d0240_03.jpg]
[www.nikken.co.jp/en/news/news/2016_05_12.html]
[www.nikken.co.jp/en/news/news/2016_03_16.html]
[www.nikken.co.jp/en/news/news/p4iusj00000016ht-img/p4iusj00000016ip.jpg]
[www.nikken.co.jp/en/news/news/p4iusj00000016ht-img/p4iusj00000016iv.jpg]
[www.nikken.co.jp/en/news/news/p4iusj00000016ht-img/d0241_03.jpg]
[www.nikken.co.jp/en/news/news/p4iusj00000016ht-img/d0241_04.jpg]
[www.nikken.co.jp/en/news/news/2016_03_16.html]
[www.nikken.co.jp/en/news/news/2016_03_10.html]
[www.nikken.co.jp/en/news/news/p4iusj00000016jn-img/d0242_01.jpg]
[www.nikken.co.jp/en/news/news/p4iusj00000016jn-img/d0242_02.jpg]
[www.nikken.co.jp/en/news/news/p4iusj00000016jn-img/d0242_03.jpg]
[www.nikken.co.jp/en/news/news/p4iusj00000016jn-img/d0242_04.jpg]
[www.nikken.co.jp/en/news/news/2016_03_10.html]
[www.nikken.co.jp/en/news/awards/2016_02_16.html]
[www.nikken.co.jp/en/news/awards/p4iusj00000016lo-img/d0243_01.jpg]
[www.nikken.co.jp/en/news/awards/2016_02_16.html]
[www.nikken.co.jp/en/news/news/2016_02_15.html]
[www.nikken.co.jp/en/news/news/p4iusj00000016nw-img/d0244_01.jpg]
[www.nikken.co.jp/en/news/news/2016_02_15.html]
[www.nikken.co.jp/en/news/news/2016_01_15.html]
[www.nikken.co.jp/en/news/news/p4iusj00000016qz-img/d0245_02.jpg]
[www.nikken.co.jp/en/news/news/p4iusj00000016qz-img/p4iusj00000016rz.jpg]
[www.nikken.co.jp/en/news/news/2016_01_15.html]
[www.nikken.co.jp/en/news/news/2016_01_01.html]
[www.nikken.co.jp/en/news/news/p4iusj00000016te-img/d0246_01.jpg]
[www.nikken.co.jp/en/news/news/2016_01_01.html]
[www.nikken.co.jp/en/news/news/2015_12_01.html]
[www.nikken.co.jp/en/news/news/p4iusj00000016yo-img/d0247_01.jpg]
[www.nikken.co.jp/en/news/news/2015_12_01.html]
[www.nikken.co.jp/en/news/news/2015_11_11.html]
[www.nikken.co.jp/en/news/news/p4iusj000000171y-img/d0248_01.jpg]
[www.nikken.co.jp/en/news/news/p4iusj000000171y-img/d0248_02.jpg]
[www.nikken.co.jp/en/news/news/p4iusj000000171y-img/p4iusj000000173f.jpg]
[www.nikken.co.jp/en/news/news/p4iusj000000171y-img/d0248_04.jpg]
[www.nikken.co.jp/en/news/news/2015_11_11.html]
[www.nikken.co.jp/en/news/press_release/2015_11_10.html]
[www.nikken.co.jp/en/news/press_release/p4iusj000000178n-att/hp20151110en.pdf]
[www.nikken.co.jp/en/news/press_release/2015_11_10.html]
[www.nikken.co.jp/en/news/awards/2015_11_05.html]
[www.nikken.co.jp/en/news/awards/p4iusj00000017a8-img/d0250_01.jpg]
[www.nikken.co.jp/en/news/awards/p4iusj00000017a8-img/d0250_02.jpg]
[www.nikken.co.jp/en/news/awards/p4iusj00000017a8-img/d0250_03.jpg]
[www.nikken.co.jp/en/news/awards/2015_11_05.html]
[www.nikken.co.jp/en/news/news/2015_10_08.html]
[www.nikken.co.jp/en/news/news/p4iusj00000017bs-img/d0251_01.jpg]
[www.nikken.co.jp/en/news/news/p4iusj00000017bs-img/p4iusj00000017d3.jpg]
[www.nikken.co.jp/en/news/news/2015_10_08.html]
[www.nikken.co.jp/en/news/press_release/2015_09_24.html]
[www.nikken.co.jp/en/news/press_release/p4iusj00000017dc-att/hp150924en.pdf]
[www.nikken.co.jp/en/news/press_release/2015_09_24.html]
[www.nikken.co.jp/en/news/news/2015_09_14.html]
[www.nikken.co.jp/en/news/news/p4iusj00000017fk-img/d0254_01.jpg]
[www.nikken.co.jp/en/news/news/2015_09_14.html]
[www.nikken.co.jp/en/news/press_release/2015_09_07.html]
[www.nikken.co.jp/en/news/press_release/p4iusj00000017ho-att/HP150907_E.pdf]
[www.nikken.co.jp/en/news/press_release/2015_09_07.html]
[www.nikken.co.jp/en/news/news/2015_06_17.html]
[www.nikken.co.jp/en/news/news/p4iusj00000017is-img/p4iusj00000017js.jpg]
[www.nikken.co.jp/en/news/news/p4iusj00000017is-img/d0257_02.jpg]
[www.nikken.co.jp/en/news/news/p4iusj00000017is-img/d0257_03.jpg]
[www.nikken.co.jp/en/news/news/p4iusj00000017is-img/d0257_04.jpg]
[www.nikken.co.jp/en/news/news/2015_06_17.html]
[www.nikken.co.jp/en/news/news/2015_04_10.html]
[www.nikken.co.jp/en/news/news/p4iusj00000017o2-img/d0261_01.jpg]
[www.nikken.co.jp/en/news/news/p4iusj00000017o2-img/d0261_02.jpg]
[www.nikken.co.jp/en/news/news/p4iusj00000017o2-img/d0261_03.jpg]
[www.nikken.co.jp/en/news/news/2015_04_10.html]
[www.nikken.co.jp/en/news/news/2015_04_09.html]
[www.nikken.co.jp/en/news/news/p4iusj00000017q5-img/d0262_01.jpg]
[www.nikken.co.jp/en/news/news/2015_04_09.html]
[www.nikken.co.jp/en/news/press_release/2015_03_12.html]
[www.nikken.co.jp/en/news/press_release/p4iusj00000017sb-img/d0263_01.jpg]
[www.nikken.co.jp/en/news/press_release/p4iusj00000017sb-img/d0263_02.jpg]
[www.nikken.co.jp/en/news/press_release/2015_03_12.html]
[www.nikken.co.jp/en/news/press_release/2015_02_27.html]
[www.nikken.co.jp/en/news/press_release/p4iusj00000017u1-img/d0264_01.jpg]
[www.nikken.co.jp/en/news/press_release/2015_02_27.html]
[www.nikken.co.jp/en/news/news/2014_12_12.html]
[www.nikken.co.jp/en/news/news/p4iusj00000017v8-img/d0265_01.jpg]
[www.nikken.co.jp/en/news/news/2014_12_12.html]
[www.nikken.co.jp/en/news/news/2014_11_14.html]
[www.nikken.co.jp/en/news/news/p4iusj00000017wi-img/d0266_01.jpg]
[www.nikken.co.jp/en/news/news/p4iusj00000017wi-img/d0266_02.jpg]
[www.nikken.co.jp/en/news/news/2014_11_14.html]
[www.nikken.co.jp/en/news/news/2014_11_06.html]
[www.nikken.co.jp/en/news/news/p4iusj00000017yl-img/d0267_01.jpg]
[www.nikken.co.jp/en/news/news/p4iusj00000017yl-img/d0267_02.jpg]
[www.nikken.co.jp/en/news/news/p4iusj00000017yl-img/p4iusj000000180d.jpg]
[www.nikken.co.jp/en/news/news/2014_11_06.html]
[www.nikken.co.jp/en/news/news/2014_09_11.html]
[www.nikken.co.jp/en/news/news/p4iusj000000180p-img/d0268_01.jpg]
[www.nikken.co.jp/en/news/news/p4iusj000000180p-img/d0268_02.jpg]
[www.nikken.co.jp/en/news/news/2014_09_11.html]
[www.nikken.co.jp/en/news/news/2014_08_28.html]
[www.nikken.co.jp/en/news/news/p4iusj000000185n-img/d0270_01.jpg]
[www.nikken.co.jp/en/news/news/p4iusj000000185n-img/d0270_02.jpg]
[www.nikken.co.jp/en/news/news/p4iusj000000185n-img/d0270_03.jpg]
[www.nikken.co.jp/en/news/news/2014_08_28.html]
[www.nikken.co.jp/en/news/news/2014_08_04.html]
[www.nikken.co.jp/en/news/news/p4iusj000000188i-img/d0272_01.jpg]
[www.nikken.co.jp/en/news/news/p4iusj000000188i-img/d0272_02.jpg]
[www.nikken.co.jp/en/news/news/2014_08_04.html]
[www.nikken.co.jp/en/news/news/2014_07_28.html]
[www.nikken.co.jp/en/news/news/p4iusj000000189w-img/p4iusj00000018b5.jpg]
[www.nikken.co.jp/en/news/news/p4iusj000000189w-img/p4iusj00000018bb.jpg]
[www.nikken.co.jp/en/news/news/2014_07_28.html]
[www.nikken.co.jp/en/news/awards/2014_07_16.html]
[www.nikken.co.jp/en/news/awards/p4iusj00000018bk-img/d0274_01.jpg]
[www.nikken.co.jp/en/news/awards/2014_07_16.html]
[www.nikken.co.jp/en/news/news/2014_04_16.html]
[www.nikken.co.jp/en/news/news/p4iusj00000018k2-img/d0279_01.jpg]
[www.nikken.co.jp/en/news/news/2014_04_16.html]
[www.nikken.co.jp/en/news/news/2014_04_11.html]
[www.nikken.co.jp/en/news/news/p4iusj00000018l9-img/d0280_01.jpg]
[www.nikken.co.jp/en/news/news/p4iusj00000018l9-img/d0280_02.jpg]
[www.nikken.co.jp/en/news/news/p4iusj00000018l9-img/d0280_03.jpg]
[www.nikken.co.jp/en/news/news/p4iusj00000018l9-img/d0280_04.jpg]
[www.nikken.co.jp/en/news/news/2014_04_11.html]
[www.nikken.co.jp/en/news/news/2014_02_25.html]
[www.nikken.co.jp/en/news/news/p4iusj00000018r0-img/p4iusj00000018rx.jpg]
[www.nikken.co.jp/en/news/news/2014_02_25.html]
[www.nikken.co.jp/en/news/news/2014_02_19.html]
[www.nikken.co.jp/en/news/news/p4iusj00000018sc-img/d0284_01.jpg]
[www.nikken.co.jp/en/news/news/2014_02_19.html]
[www.nikken.co.jp/en/news/news/2014_01_16_02.html]
[www.nikken.co.jp/en/news/news/p4iusj00000018x4-img/d0288_01.jpg]
[www.nikken.co.jp/en/news/news/2014_01_16_02.html]
[www.nikken.co.jp/en/news/press_release/2014_01_10.html]
[www.nikken.co.jp/en/news/press_release/p4iusj00000018yb-img/d289_01.jpg]
[www.nikken.co.jp/en/news/press_release/2014_01_10.html]
